Surt,capture_time,url,mime,status,digest,length,offset,filename,month,year
"com,norfolkdailynews)/obituaries/charles-albers/article_a4a23ff2-6a34-11eb-87a4-e70dccf6b3c0.html",20210208192157,https://norfolkdailynews.com/obituaries/charles-albers/article_a4a23ff2-6a34-11eb-87a4-e70dccf6b3c0.html,text/html,200,sha1:CBBB4YEWOWFSDKNHGGS7NO3DCPDRLE4H,33913,1001163249,CC-NEWS-20210208182555-00122.warc.gz,02,2021
"es,laopiniondemalaga)/motor/motos/2020/11/06/son-10-motos-vendidas-octubre/1203050.html",20201106220725,https://www.laopiniondemalaga.es/motor/motos/2020/11/06/son-10-motos-vendidas-octubre/1203050.html,text/html,200,sha1:V7ILLZ52TTWTCWYSJTKRAGYIAHKOWE6X,32149,195054189,CC-NEWS-20201106215145-00558.warc.gz,11,2020
"pt,sapo,rr)/2020/11/13/futebol-nacional/ricardo-soares-e-o-novo-treinador-do-gil-vicente/noticia/214703?utm_medium=rss",20201113140241,https://rr.sapo.pt/2020/11/13/futebol-nacional/ricardo-soares-e-o-novo-treinador-do-gil-vicente/noticia/214703/?utm_medium=rss,text/html,200,sha1:NIZD64XLUAR6PM73MDJLPOZWBM3EZTLO,20172,619382644,CC-NEWS-20201113132343-00665.warc.gz,11,2020
"com,dan)/buy-domain/farmvirtually.com",20220408171252,https://dan.com/buy-domain/farmvirtually.com,text/html,200,sha1:LLV2MXMHTDTX3DH35L5IEVJGLJY5LGJM,10816,200768035,CC-NEWS-20220408170431-00358.warc.gz,04,2022
"com,thehansindia)/karnataka/ksrtc-to-launch-parcel-cargo-business-today-674052",20210225192717,https://www.thehansindia.com/karnataka/ksrtc-to-launch-parcel-cargo-business-today-674052,text/html,200,sha1:GRASOO2DPKYTK5A2KSARKYWHF5KO75G7,42609,886215602,CC-NEWS-20210225183737-00429.warc.gz,02,2021
"th,co,khaosod)/special-stories/news_7696070",20230602085150,https://www.khaosod.co.th/special-stories/news_7696070,text/html,200,sha1:GRCRPBTN2GYUAL4G2YCALWN37TDRK6MZ,22380,471432269,CC-NEWS-20230602082446-03038.warc.gz,06,2023
"se,dalademokraten)/artikel/klart-skadade-anfallaren-lamnar-brage-synd-att-han-inte-fick-vara-hel",20201110131825,https://www.dalademokraten.se/artikel/klart-skadade-anfallaren-lamnar-brage-synd-att-han-inte-fick-vara-hel,text/html,200,sha1:5MMYUCTMEIQMJUCWM7KNV7FHKWXK5L3R,27356,822097208,CC-NEWS-20201110123024-00609.warc.gz,11,2020
"com,haberturk)/duzce-haberleri/96595492-duzcede-11-arac-5-surucu-trafikten-men-edildi",20220421222433,https://www.haberturk.com/duzce-haberleri/96595492-duzcede-11-arac-5-surucu-trafikten-men-edildi,text/html,200,sha1:TCQU3LO2FPPRA6KAMWMZQMPAQ7GBQ7ZV,37502,798302723,CC-NEWS-20220421214533-00626.warc.gz,04,2022
"com,nbonews)/comparing-of-armata-pharmaceuticals-inc-armp-and-prevail-therapeutics-inc-nasdaqprvl",20190806020821,https://nbonews.com/comparing-of-armata-pharmaceuticals-inc-armp-and-prevail-therapeutics-inc-nasdaqprvl/,text/html,200,sha1:L234BN3PLEIVVL2JXYTNRNMRF7QSFPBO,7986,832115763,CC-NEWS-20190805233631-00791.warc.gz,08,2019
"com,mid-day,origin)/lifestyle/culture/article/here-s-how-entrepreneurs-can-launch-their-businesses-in-2021-23165454",20210328081753,https://origin.mid-day.com/lifestyle/culture/article/here-s-how-entrepreneurs-can-launch-their-businesses-in-2021-23165454,text/html,200,sha1:QYS7U66D66CKYE52LQ6BZXQ2XEU3L35G,23070,341401215,CC-NEWS-20210328073625-00957.warc.gz,03,2021
"media,landline)/podcast/podcast-economist-pay-and-safety-go-hand-in-hand-in-trucking",20240420091800,https://landline.media/podcast/podcast-economist-pay-and-safety-go-hand-in-hand-in-trucking/,text/html,200,sha1:II4AMUWB2EMRU33BTATV37BQGJK6P3MQ,17651,293575756,CC-NEWS-20240420085814-03594.warc.gz,04,2024
"pt,sapo)/noticias/vida/empresa-criadora-do-mitico-beach-buggy_5fabb0e6b16f5c45d2be6f7e",20201111095123,https://www.sapo.pt/noticias/vida/empresa-criadora-do-mitico-beach-buggy_5fabb0e6b16f5c45d2be6f7e,text/html,200,sha1:NLSKPDOZYGUYT3BCKSXF3CTCWRH67DKH,21244,176908393,CC-NEWS-20201111093831-00625.warc.gz,11,2020
"com,tt)/artikel/17904326/mehr-als-2-500-corona-neuinfektionen-und-20-tote",20210304003636,https://www.tt.com/artikel/17904326/mehr-als-2-500-corona-neuinfektionen-und-20-tote,text/html,200,sha1:CWD4FRMUGCXHX2PITB5L6QW7ITWNCHUE,37099,765949940,CC-NEWS-20210303233430-00534.warc.gz,03,2021
"com,yenicagri)/saglik/inaktif-asi-mutasyonlu-viruse-karsi-daha-avantajli-h285494.html",20210215112623,https://www.yenicagri.com/saglik/inaktif-asi-mutasyonlu-viruse-karsi-daha-avantajli-h285494.html,text/html,200,sha1:PDF6Y3NFF54OOQ2LJNWCAEMRDQBXSUTS,19833,755882114,CC-NEWS-20210215103535-00239.warc.gz,02,2021
"fr,sudouest)/lot-et-garonne/monsempron-libos-noah-zandouche-un-jeune-fumelois-dans-un-film-avec-vanessa-paradis-15636789.php",20230621073358,https://www.sudouest.fr/lot-et-garonne/monsempron-libos-noah-zandouche-un-jeune-fumelois-dans-un-film-avec-vanessa-paradis-15636789.php,text/html,200,sha1:4Y3S36WZJY5WFXH7WORMFOMO7NAYMCLY,33886,181570749,CC-NEWS-20230621072339-03458.warc.gz,06,2023
"com,kcra)/article/mar-a-lago-trespasser-deported-2-years-later/38258120",20211115224312,https://www.kcra.com/article/mar-a-lago-trespasser-deported-2-years-later/38258120,text/html,200,sha1:G6H6OHXCHSEBBXDA5H7HP4FCHLTMFZF4,40333,459415934,CC-NEWS-20211115222107-00399.warc.gz,11,2021
"net,finanzen)/nachricht/aktien/tagesvorschau-freitag-6-november-vorlaeufige-fassung-9479393",20201105144644,https://www.finanzen.net/nachricht/aktien/tagesvorschau-freitag-6-november-vorlaeufige-fassung-9479393,text/html,200,sha1:UBFQIWNHA5Q7XMIBXQO4DKYUSCJCOYJU,104764,477439407,CC-NEWS-20201105142359-00532.warc.gz,11,2020
"lv,delfi,rus)/news/daily/latvia/levits-rasskazal-kak-vyyavlyat-fejki-i-prizval-s-umom-delitsya-ponravivshejsya-informaciej.d?id=52703143",20201127111523,https://rus.delfi.lv/news/daily/latvia/levits-rasskazal-kak-vyyavlyat-fejki-i-prizval-s-umom-delitsya-ponravivshejsya-informaciej.d?id=52703143,text/html,200,sha1:CHW55QJ4DJFNVFQEKVYFMN5SU4CCCFMK,42200,281340573,CC-NEWS-20201127105619-00882.warc.gz,11,2020
"org,familio)/persons/a795ed7a-5c46-4051-932e-fcb38f3aa5a5",20240424224024,https://familio.org/persons/a795ed7a-5c46-4051-932e-fcb38f3aa5a5,text/html,200,sha1:DBCL73GYQQU6QOGIEYZWEBA6Q3YUQXBS,15681,435460082,CC-NEWS-20240424221135-03676.warc.gz,04,2024
"vn,com,dantri)/xa-hoi/hon-150-ho-dan-bi-hu-hong-tai-san-do-mua-lu-lich-su-o-dong-nai-20230605203657964.htm",20230605150057,https://dantri.com.vn/xa-hoi/hon-150-ho-dan-bi-hu-hong-tai-san-do-mua-lu-lich-su-o-dong-nai-20230605203657964.htm,text/html,200,sha1:W75AMI7JZNZU6QZLLCEJSORTVHTGKNHZ,30048,342574583,CC-NEWS-20230605144733-03101.warc.gz,06,2023
"tw,com,taiwannews)/en/news/4165585",20210331174542,https://www.taiwannews.com.tw/en/news/4165585,text/html,200,sha1:AP2ISFPIDI7JFM5OL5N454UQH5ENH3FI,11751,498585114,CC-NEWS-20210331171814-01016.warc.gz,03,2021
"com,newstalkwsba)/2021/03/25/two-york-co-homes-destroyed-by-fire",20210325094538,https://www.newstalkwsba.com/2021/03/25/two-york-co-homes-destroyed-by-fire/,text/html,200,sha1:F3BI2MFULNJPRCSUALMDXKZ55DX3ET4B,15365,767320749,CC-NEWS-20210325084855-00903.warc.gz,03,2021
"com,onmanorama)/sports/cricket/2021/02/25/vijay-hazare-trophy-prithvi-shaw-breaks-sanju-samson-record.amp.html",20210225122829,https://www.onmanorama.com/sports/cricket/2021/02/25/vijay-hazare-trophy-prithvi-shaw-breaks-sanju-samson-record.amp.html,text/html,200,sha1:GD5JIP55GSSWW74FSZOD5QBNW6EE7MR7,9915,354460570,CC-NEWS-20210225120919-00422.warc.gz,02,2021
"com,usatoday,cowboyswire)/2021/03/04/perfect-free-agency-fits-suggest-new-cornerback-center-for-cowboys-dak-prescott-san-francisco-49ers",20210305080650,https://cowboyswire.usatoday.com/2021/03/04/perfect-free-agency-fits-suggest-new-cornerback-center-for-cowboys-dak-prescott-san-francisco-49ers/,text/html,200,sha1:2PJSGQE7PWWSX4CUMK567FSNKV7GVD2S,31745,890948631,CC-NEWS-20210305065349-00558.warc.gz,03,2021
"com,wise)/pl/currency-converter/czk-to-cad-rate?amount=500",20240407084756,https://wise.com/pl/currency-converter/czk-to-cad-rate?amount=500,text/html,200,sha1:4F5O5UDIIHM4XFW5WSHVVY6BIRHSANTE,64177,18427991,CC-NEWS-20240407084632-03345.warc.gz,04,2024
"nl,denhaagfm)/2020/11/19/op-explosieven-lijkende-voorwerpen-gevonden-bij-gebouw-postnl?utm_campaign=op-explosieven-lijkende-voorwerpen-gevonden-bij-gebouw-postnl&utm_medium=rss&utm_source=rss",20201119162229,https://denhaagfm.nl/2020/11/19/op-explosieven-lijkende-voorwerpen-gevonden-bij-gebouw-postnl/?utm_source=rss&utm_medium=rss&utm_campaign=op-explosieven-lijkende-voorwerpen-gevonden-bij-gebouw-postnl,text/html,200,sha1:BKO6QH2CHKR3FOSEGXFEFN6EMP4NXRCR,15846,306148668,CC-NEWS-20201119160646-00760.warc.gz,11,2020
"de,presseportal)/blaulicht/pm/57929/4467871",20191213110536,https://www.presseportal.de/blaulicht/pm/57929/4467871,text/html,200,sha1:SGPVB5JPCPVDLKZTIB3DQAJ54Y3FOI2Z,11388,221803045,CC-NEWS-20191213104716-02255.warc.gz,12,2019
"com,heavy)/sports/new-york-knicks/city-jerseys-2021-22",20211101153810,https://heavy.com/sports/new-york-knicks/city-jerseys-2021-22/,text/html,200,sha1:M5OWZ6HGYRYTREATMD4J6RMFF7WFVAC2,43832,989112850,CC-NEWS-20211101145724-00101.warc.gz,11,2021
"com,lenord-cotier)/nouvelle-cohorte-de-formation-pour-devenir-prepose-aux-beneficiaires",20210210230122,https://lenord-cotier.com/nouvelle-cohorte-de-formation-pour-devenir-prepose-aux-beneficiaires/,text/html,200,sha1:DUU25SOZHXTIOY22C5BYHO5JMJYVW4RR,19981,208021144,CC-NEWS-20210210224701-00166.warc.gz,02,2021
"com,nbonews)/as-mobile-mini-mini-shares-declined-sg-capital-management-has-increased-stake-1922-investment-company-lowered-hyatt-hotels-h-stake-by-1-98-million-shares-declined",20190823225024,https://nbonews.com/as-mobile-mini-mini-shares-declined-sg-capital-management-has-increased-stake-1922-investment-company-lowered-hyatt-hotels-h-stake-by-1-98-million-shares-declined/,text/html,200,sha1:OJATO7ZBTZRH7LINQMYGREZVQSENSQMS,10421,542743589,CC-NEWS-20190823214042-00981.warc.gz,08,2019
"vn,danviet)/oc-buou-vang-con-vat-ngoai-lai-nguy-hiem-de-vo-toi-va-dan-mot-huyen-o-nghe-an-bat-ban-hang-tan-2023062318525948.htm",20230623225357,https://danviet.vn/oc-buou-vang-con-vat-ngoai-lai-nguy-hiem-de-vo-toi-va-dan-mot-huyen-o-nghe-an-bat-ban-hang-tan-2023062318525948.htm,text/html,200,sha1:DF45LHW6H4SD4SLDWRJTCLBXBCXXZGU2,46339,258910630,CC-NEWS-20230623223646-03530.warc.gz,06,2023
"fr,lesechos,investir)/actions/actualites/wall-street-finit-en-leger-recul-alors-que-biden-creuse-l-ecart-1934606.php",20201107033140,https://investir.lesechos.fr/actions/actualites/wall-street-finit-en-leger-recul-alors-que-biden-creuse-l-ecart-1934606.php,text/html,200,sha1:YYPRU2H35UQWRB24U6DCNAET6W4TTBY4,23575,1068948759,CC-NEWS-20201107011044-00560.warc.gz,11,2020
"com,vanguardia)/opinion/columnistas/miguel-angel-pedraza/la-inoperancia-del-concejo-da3570207",20210328115411,https://www.vanguardia.com/opinion/columnistas/miguel-angel-pedraza/la-inoperancia-del-concejo-DA3570207,text/html,200,sha1:AXKNHP36D3G3ZYJNCAQ5WKEA3TSY7KZG,36582,261335989,CC-NEWS-20210328112703-00959.warc.gz,03,2021
"com,livehindustan)/uttarakhand/nainital/story-negotiations-with-the-officials-of-agitated-villagers-failed-3898993.html",20210308134903,https://www.livehindustan.com/uttarakhand/nainital/story-negotiations-with-the-officials-of-agitated-villagers-failed-3898993.html,text/html,200,sha1:MKLUBSZHHZQBN6GSMHBT3ADCCFO47PKV,60233,914987863,CC-NEWS-20210308125216-00605.warc.gz,03,2021
"fr,rfi)/science/20170405-sport-drepanocytose",20170405163815,http://www.rfi.fr/science/20170405-sport-drepanocytose,text/html,200,sha1:WFG4QKXRY3EOKUAHGKLEGKUR3APSQEDE,26680,433165089,CC-NEWS-20170405150547-00264.warc.gz,04,2017
"info,com-unik)/2020/11/03/culbertson-a-n-co-inc-sells-2850-shares-of-general-mills-inc-nysegis.html",20201103213752,https://www.com-unik.info/2020/11/03/culbertson-a-n-co-inc-sells-2850-shares-of-general-mills-inc-nysegis.html,text/html,200,sha1:O4KIG5UBCJXTT4NTI523RTIVNCPIYAVO,13021,47267614,CC-NEWS-20201103213429-00499.warc.gz,11,2020
"ro,ziarelive)/stiri/radarele-scoase-pe-sosele-actiune-a-politistilor-rutieri-in-arad-timis-si-caras-severin.html",20201121112620,https://www.ziarelive.ro/stiri/radarele-scoase-pe-sosele-actiune-a-politistilor-rutieri-in-arad-timis-si-caras-severin.html,text/html,200,sha1:UH7F7KDLWZLOJQOD2CIFS33DS2YNPJ4E,25602,371826425,CC-NEWS-20201121104744-00790.warc.gz,11,2020
"gr,philips)/c-p/hd6105_70/daily-collection-fryer",20201129232938,https://www.philips.gr/c-p/HD6105_70/daily-collection-fryer,text/html,200,sha1:6UZHN2RN7VZSBS3MBANIWL3CHLMJ6MAT,41799,364112271,CC-NEWS-20201129224907-00915.warc.gz,11,2020
"it,internapoli)/lettini-e-ombrelloni-abusivi-sul-lido-in-costiera-scatta-il-sequestro",20230628155937,https://internapoli.it/lettini-e-ombrelloni-abusivi-sul-lido-in-costiera-scatta-il-sequestro/,text/html,200,sha1:644HIJXPZ3KV7KN7HGE5UYMLCTKKXOTY,73975,908531256,CC-NEWS-20230628152731-03628.warc.gz,06,2023
"kr,co,seoul)/news/newsview.php?id=20230607500234",20230607093533,https://www.seoul.co.kr/news/newsView.php?id=20230607500234,text/html,200,sha1:7DHJ7IG242XTBLR7MJYCBD2PPF3TVU7B,30472,804284186,CC-NEWS-20230607085445-03145.warc.gz,06,2023
"com,surinametimes)/us-hits-goal-of-taking-in-10000-syrian-refugees",20160901145556,http://www.surinametimes.com/us-hits-goal-of-taking-in-10000-syrian-refugees/,text/html,200,sha1:RRJPLT7EMDRHGN2KD2BKHU5YL23TVY4E,11670,35939496,CC-NEWS-20160901145200-00008.warc.gz,09,2016
"com,tuttomercatoweb)/altre-notizie/napoli-rrahmani-e-petagna-in-gruppo-differenziato-per-demme-e-ospina-1515359",20210331170541,https://www.tuttomercatoweb.com/altre-notizie/napoli-rrahmani-e-petagna-in-gruppo-differenziato-per-demme-e-ospina-1515359,text/html,200,sha1:YEOXCAIJELHROSVGZIJBUEVAEJ62GZ7J,17045,827627616,CC-NEWS-20210331162139-01015.warc.gz,03,2021
"de,aktiencheck)/exklusiv/marktberichte-hugo_boss_aktie_kein_kauf_mehr_warum_aktienanalyse-7856145",20170426100800,http://www.aktiencheck.de/exklusiv/Marktberichte-HUGO_BOSS_Aktie_Kein_Kauf_mehr_Warum_Aktienanalyse-7856145,text/html,200,sha1:2JHBUL7MOCOXKWPG7GFBB4G4ILBCVGXD,14058,661078603,CC-NEWS-20170426071124-00351.warc.gz,04,2017
"com,yahoo)/news/one-dead-fatal-lycoming-county-135016229.html",20240421162445,https://www.yahoo.com/news/one-dead-fatal-lycoming-county-135016229.html,text/html,200,sha1:3OW6QAZD4KSNBOT3WJYLNCJ25NRVHZDA,173354,857708577,CC-NEWS-20240421151235-03613.warc.gz,04,2024
"com,yahoo,sports)/kenny-smith-own-team-help-134432885.html",20240405030645,https://sports.yahoo.com/kenny-smith-own-team-help-134432885.html,text/html,200,sha1:NFEXHCNNQCRT3XPZSFWGVOLLEV2ZQE3D,174512,949044434,CC-NEWS-20240405014131-03307.warc.gz,04,2024
"fr,lefigaro,immobilier)/annonces/annonce-66976222.html",20240410104529,https://immobilier.lefigaro.fr/annonces/annonce-66976222.html,text/html,200,sha1:O5W43SBBWPOZVMF4T4OV6HYBCXPORLLB,146946,143400058,CC-NEWS-20240410103851-03402.warc.gz,04,2024
"com,canal44)/pide-amlo-no-cambiar-el-voto-por-migajas",20170407115320,http://canal44.com/pide-amlo-no-cambiar-el-voto-por-migajas/,text/html,200,sha1:USVXBYAMJA5TKY2OCXGK5JOZYCXEXLZ3,12348,857689013,CC-NEWS-20170407080350-00272.warc.gz,04,2017
"au,com,sunshinecoastdaily)/news/roos-send-ominous-warning-with-blistering-start-to/3802685",20190810145912,https://www.sunshinecoastdaily.com.au/news/roos-send-ominous-warning-with-blistering-start-to/3802685/,text/html,200,sha1:V757KKACYU7GCRW2XKMTTMC3WFYB36IZ,38112,89208310,CC-NEWS-20190810144335-00843.warc.gz,08,2019
"mx,com,heraldodemexico)/nacional/2020/11/20/colima-supero-los-800-muertos-por-covid-19-227599.html",20201120212248,https://heraldodemexico.com.mx/nacional/2020/11/20/colima-supero-los-800-muertos-por-covid-19-227599.html,text/html,200,sha1:BXO5WBB2T4BRG63IMVIQ4EZJ4KQIYXPA,11760,157525571,CC-NEWS-20201120210937-00783.warc.gz,11,2020
"ve,com,panorama)/mundo/portugal-con-record-de-ingresados-en-planta-y-en-uci-por-covid-19---20201122-0031.html",20201122175428,https://www.panorama.com.ve/mundo/Portugal-con-record-de-ingresados-en-planta-y-en-UCI-por-covid-19---20201122-0031.html,text/html,200,sha1:KSQWDZJ3AY2UT57A6H7QGDCQX3PMLOZV,16077,353528827,CC-NEWS-20201122172312-00805.warc.gz,11,2020
"com,espnsiouxfalls)/inmate-escapes-from-south-dakota-penitentiary",20220404221332,https://espnsiouxfalls.com/inmate-escapes-from-south-dakota-penitentiary/,text/html,200,sha1:GSA25VRSHZPRK4QJJ3WYDJN2NQCGIHJH,35233,226142089,CC-NEWS-20220404215955-00266.warc.gz,04,2022
"com,themarketsdaily)/2021/02/04/macarthur-minerals-limited-mms-v-cvemms-stock-crosses-above-200-day-moving-average-of-0-44.html",20210204085624,https://www.themarketsdaily.com/2021/02/04/macarthur-minerals-limited-mms-v-cvemms-stock-crosses-above-200-day-moving-average-of-0-44.html,text/html,200,sha1:KZNM4IOEIZUFP6L3CGS23VOYO7UDUO7Q,11145,435643577,CC-NEWS-20210204081832-00050.warc.gz,02,2021
"es,20minutos)/noticia/4074625/0/podemos-celebra-este-martes-un-consejo-ciudadano-en-el-que-hablaran-de-las-cuentas",20191202120405,https://www.20minutos.es/noticia/4074625/0/podemos-celebra-este-martes-un-consejo-ciudadano-en-el-que-hablaran-de-las-cuentas/,text/html,200,sha1:74NYYRMOOVQTYX2245QNZ5P3E7HOP6T5,17602,21356107,CC-NEWS-20191202120214-02121.warc.gz,12,2019
"es,informacion)/deportes/2024/04/27/marc-marquez-vuelve-pole-position-101639468.html",20240427105215,https://www.informacion.es/deportes/2024/04/27/marc-marquez-vuelve-pole-position-101639468.html,text/html,200,sha1:74DCVDFYNZB7N53O7FUFBU7WG4JVTDYU,50964,830251913,CC-NEWS-20240427094328-03724.warc.gz,04,2024
"com,dnews)/sports/area-roundup-genesee-continues-roll-by-beating-potlatch/article_f05fe6f0-c6c3-11ec-a257-9f83e21e7c9b.html",20220428160145,https://dnews.com/sports/area-roundup-genesee-continues-roll-by-beating-potlatch/article_f05fe6f0-c6c3-11ec-a257-9f83e21e7c9b.html,text/html,200,sha1:7GYDVRP4TLNTRLRH5L2R2JMTWL5M7ONA,54637,166753153,CC-NEWS-20220428155511-00767.warc.gz,04,2022
"com,gulf365)/gulf/11162954/%d8%a5%d8%b3%d8%b1%d8%a7%d8%a6%d9%8a%d9%84-%d8%aa%d8%b4%d8%af%d8%af-%d9%85%d8%b1%d8%a7%d9%82%d8%a8%d8%aa%d9%87%d8%a7-%d9%84%d9%84%d9%81%d9%84%d8%b3%d8%b7%d9%8a%d9%86%d9%8a%d9%8a%d9%86-%d9%85%d9%86-%d8%ae%d9%84%d8%a7%d9%84-%d8%a8%d8%b1%d9%86%d8%a7%d9%85%d8%ac-%d8%a7%d9%84%d8%aa%d8%b9%d8%b1%d9%81-%d8%b9%d9%84%d9%89-%d8%a7%d9%84%d9%88%d8%ac%d9%88%d9%87-%d9%81%d9%8a-%d8%a7%d9%84%d8%b6%d9%81%d8%a9-%d8%a7%d9%84%d8%ba%d8%b1%d8%a8%d9%8a%d8%a9.html",20211119025618,https://gulf365.com/gulf/11162954/%D8%A5%D8%B3%D8%B1%D8%A7%D8%A6%D9%8A%D9%84-%D8%AA%D8%B4%D8%AF%D8%AF-%D9%85%D8%B1%D8%A7%D9%82%D8%A8%D8%AA%D9%87%D8%A7-%D9%84%D9%84%D9%81%D9%84%D8%B3%D8%B7%D9%8A%D9%86%D9%8A%D9%8A%D9%86-%D9%85%D9%86-%D8%AE%D9%84%D8%A7%D9%84-%D8%A8%D8%B1%D9%86%D8%A7%D9%85%D8%AC-%D8%A7%D9%84%D8%AA%D8%B9%D8%B1%D9%81-%D8%B9%D9%84%D9%89-%D8%A7%D9%84%D9%88%D8%AC%D9%88%D9%87-%D9%81%D9%8A-%D8%A7%D9%84%D8%B6%D9%81%D8%A9-%D8%A7%D9%84%D8%BA%D8%B1%D8%A8%D9%8A%D8%A9.html,text/html,200,sha1:E5JDGULPATZ2JVEU5PROPCAAEDQ54SFO,16518,893949684,CC-NEWS-20211119013431-00478.warc.gz,11,2021
"com,milfordmirror)/news/article/new-mexico-reports-183-new-covid-19-cases-12-16007743.php",20210307232824,https://www.milfordmirror.com/news/article/New-Mexico-reports-183-new-COVID-19-cases-12-16007743.php,text/html,200,sha1:WAMTYHYKTGSEL537K4TCDQR433TYFGHX,18861,459986835,CC-NEWS-20210307223155-00597.warc.gz,03,2021
"com,championat)/football/article-3817483-spartak---dinamo-3-avgusta-grubejshij-fol-ponse-na-shunine.html",20190803173806,https://www.championat.com/football/article-3817483-spartak---dinamo-3-avgusta-grubejshij-fol-ponse-na-shunine.html,text/html,200,sha1:PXH3KGE6QV74D4ECCRVAO7NILSZ5TQZI,96687,308756557,CC-NEWS-20190803165352-00771.warc.gz,08,2019
"com,baltimoresun)/news/crime/bs-md-ci-cr-malachi-foster-mom-20190807-xq2oo4v3jbejrdn76sai3c24se-story.html",20190807195409,https://www.baltimoresun.com/news/crime/bs-md-ci-cr-malachi-foster-mom-20190807-xq2oo4v3jbejrdn76sai3c24se-story.html,text/html,200,sha1:BZR5I4JXNVWEV24QD25Z2SULGGNCP3XV,34896,887303021,CC-NEWS-20190807182251-00812.warc.gz,08,2019
"hu,philips)/c-p/hp6503_00/satinelle-epilator",20201130144032,https://www.philips.hu/c-p/HP6503_00/satinelle-epilator,text/html,200,sha1:CFR6PDNUQP7KQ62AQNJ4FGIRDERBCQPI,48305,764252315,CC-NEWS-20201130141118-00935.warc.gz,11,2020
"ru,mirtesen)/dispute/43264698444/pochemu-nosyi-u-zhenschin-menshe-chem-u-muzhchin-mnenie-uchyonyi",20230625225048,https://mirtesen.ru/dispute/43264698444/Pochemu-nosyi-u-zhenschin-menshe-chem-u-muzhchin-Mnenie-uchyonyi,text/html,200,sha1:GUHEDTQNIEQ45FMNEJXQTHLNX3IQC3VR,15548,871183170,CC-NEWS-20230625212719-03562.warc.gz,06,2023
"ru,regnum)/news/2633414",20240413032807,https://regnum.ru/news/2633414,text/html,200,sha1:Z5DOG3I6UBL5UC6RJJAJW4EY5Z7GYWCM,79505,101223348,CC-NEWS-20240413031648-03459.warc.gz,04,2024
"com,elespanol)/elandroidelibre/moviles-android/accesorios/20220428/huawei-band-caracteristicas-precio-nueva-pulsera-inteligente/668433438_0.html",20220428152607,https://www.elespanol.com/elandroidelibre/moviles-android/accesorios/20220428/huawei-band-caracteristicas-precio-nueva-pulsera-inteligente/668433438_0.html,text/html,200,sha1:7TQ7WZXJBXRWUZAAE62TKETBM7UMHSEA,36892,390117108,CC-NEWS-20220428150953-00766.warc.gz,04,2022
"com,clickondetroit)/news/aaa-michigan-drivers-paying-less-at-the-gas-pump-this-year",20190826115553,https://www.clickondetroit.com/news/aaa-michigan-drivers-paying-less-at-the-gas-pump-this-year,text/html,200,sha1:BTVFFTYWFKDHIWZ7NOAGH4HS63LJAIQH,17044,155741091,CC-NEWS-20190826114032-01002.warc.gz,08,2019
"de,rp-online)/nrw/staedte/ratingen/ratingen-dumeklemmerplakette-fuer-huelshoff_aid-47662795",20191208163441,https://rp-online.de/nrw/staedte/ratingen/ratingen-dumeklemmerplakette-fuer-huelshoff_aid-47662795,text/html,200,sha1:IQEKXZI3VI5XLP2NUQ6EZJLX5PX6JZO6,38512,25186192,CC-NEWS-20191208163139-02194.warc.gz,12,2019
"il,co,nana10,israblog)/blogread.asp?blog=637436&blogcode=14890394",20170428152721,http://israblog.nana10.co.il/blogread.asp?blog=637436&blogcode=14890394,text/html,200,sha1:5EKKWZQECLWCYQ3GHLANMHG7D25IDBFX,9723,843094121,CC-NEWS-20170428122234-00362.warc.gz,04,2017
"org,wqcs)/2023-06-16/migrant-ship-sinking-off-greece-dozens-are-dead-and-hundreds-are-missing",20230616092157,https://www.wqcs.org/2023-06-16/migrant-ship-sinking-off-greece-dozens-are-dead-and-hundreds-are-missing,text/html,200,sha1:ZUNSU26QMHOQUDIIRAAQYNPDSMOXU4Q7,26155,261358298,CC-NEWS-20230616091100-03355.warc.gz,06,2023
"com,kxnet)/top-stories/uk-us-impose-sanctions-targeting-myanmar-military-business",20210325174536,https://www.kxnet.com/top-stories/uk-us-impose-sanctions-targeting-myanmar-military-business/,text/html,200,sha1:LLECXAUJQ7L2ZVBPQ5RQJAFJDFM2KPKU,64291,278602584,CC-NEWS-20210325173207-00912.warc.gz,03,2021
"com,ctinsider)/news/article/how-covid-shots-for-kids-help-prevent-dangerous-16641171.php",20211122155513,https://www.ctinsider.com/news/article/How-COVID-shots-for-kids-help-prevent-dangerous-16641171.php,text/html,200,sha1:CZLHZPL2XDVLAW3HQASEPSLSMQH24OOK,30375,28234480,CC-NEWS-20211122155418-00541.warc.gz,11,2021
"sk,aktuality,sport)/c/263212/zomrel-byvaly-trener-handlovej-a-komarna-dragan-tomanovic",20170223181529,http://sport.aktuality.sk/c/263212/zomrel-byvaly-trener-handlovej-a-komarna-dragan-tomanovic/,text/html,200,sha1:ISPETIIBLREN7BWVP2YE76R45QCOBWEW,32531,941250503,CC-NEWS-20170223145122-00105.warc.gz,02,2017
"tr,com,sabah)/yazarlar/nurullah-gur/2020/11/29/belirsizlik-caginda-ekonominin-yon-arayisi",20201129043442,https://www.sabah.com.tr/yazarlar/nurullah-gur/2020/11/29/belirsizlik-caginda-ekonominin-yon-arayisi,text/html,200,sha1:7IEQF6IZCB72NF4IBDDGUGFP3XECZWGD,32557,532224218,CC-NEWS-20201129024948-00905.warc.gz,11,2020
"mx,com,pulsoslp)/nacional/acusan-cochinero-al-interior-del-inm/1671610",20230609110718,https://pulsoslp.com.mx/nacional/acusan-cochinero-al-interior-del-inm/1671610,text/html,200,sha1:UHPK5ZWTQHOEPBZ37UHFWB75OXJLEUH3,16095,882091927,CC-NEWS-20230609102509-03198.warc.gz,06,2023
"ru,m24)/videos/proisshestviya/02042024/680376",20240403125346,https://www.m24.ru/videos/proisshestviya/02042024/680376,text/html,200,sha1:LZFBEQVR6Z6N7UFHDDHDLUCKK2AEMBMN,28794,701310620,CC-NEWS-20240403121829-03274.warc.gz,04,2024
"com,sauconsource)/2021/03/12/man-charged-rt-663-hit-and-run-near-quakertown",20210312195418,https://sauconsource.com/2021/03/12/man-charged-rt-663-hit-and-run-near-quakertown/,text/html,200,sha1:IPSVMEIJ7WZQXWUCWSPV3F7WR5AGWBID,21324,320663953,CC-NEWS-20210312193817-00691.warc.gz,03,2021
"com,krymr,ru)/a/news/28417847.html",20170408093750,http://ru.krymr.com/a/news/28417847.html,text/html,200,sha1:4NI66NKKJ4I4ZWZ3DXJR6TLC6ZQRCNAA,13928,991057848,CC-NEWS-20170408032413-00276.warc.gz,04,2017
"com,releasewire)/press-releases/the-great-brexit-and-what-it-means-for-foreign-real-estate-buyers-707351.htm",20191220025504,http://www.releasewire.com/press-releases/the-great-brexit-and-what-it-means-for-foreign-real-estate-buyers-707351.htm,text/html,200,sha1:4DOUTJCWVHBYNQ4LAFVYQWYSEVZJQ7O7,16098,620288928,CC-NEWS-20191220020827-00043.warc.gz,12,2019
"kr,co,mk)/news/society/11002154",20240428091138,https://www.mk.co.kr/news/society/11002154,text/html,200,sha1:2ZCSUYNG65BN37OTUF3ZYFVVIYONWKKQ,20107,486714582,CC-NEWS-20240428083315-03738.warc.gz,04,2024
"com,etvbharat)/telugu/andhra-pradesh/state/visakhapatnam/central-minister-prahlad-singh-patel-comments-on-polavaram/ap20220418183431029029431",20220418131357,https://www.etvbharat.com/telugu/andhra-pradesh/state/visakhapatnam/central-minister-prahlad-singh-patel-comments-on-polavaram/ap20220418183431029029431,text/html,200,sha1:XI6POWQTXK2FPRWOXVYC2452MIMWQZNX,18687,324674032,CC-NEWS-20220418125514-00546.warc.gz,04,2022
"ci,afrique-sur7)/482713-musee-quai-branly-tresors-royaux-abomey",20211110155912,https://www.afrique-sur7.ci/482713-musee-quai-branly-tresors-royaux-abomey,text/html,200,sha1:TP45IOPGFKMIA6WRMUGLL3PBW7CZOD67,11701,350692257,CC-NEWS-20211110154547-00293.warc.gz,11,2021
"gr,newsit)/topikes-eidhseis/tinos-sygkroustikan-ploia-sto-limani-talaiporia-gia-tous-epivates/3788826",20230602155411,https://www.newsit.gr/topikes-eidhseis/tinos-sygkroustikan-ploia-sto-limani-talaiporia-gia-tous-epivates/3788826/,text/html,200,sha1:SU6S362EQQ3DS67G4IZKKGWMUFS37IMX,43827,319689278,CC-NEWS-20230602154143-03047.warc.gz,06,2023
"com,interior-news)/news/sculpture-stolen-from-b-c-childrens-hospital-weeks-after-being-donated",20220413172655,https://www.interior-news.com/news/sculpture-stolen-from-b-c-childrens-hospital-weeks-after-being-donated/,text/html,200,sha1:BYDW5SMYVULY5QTNVVC3MIZ42OGTQ5WS,27504,521034116,CC-NEWS-20220413170245-00459.warc.gz,04,2022
"ru,kotofoto)/moskva/shop/uid_33592_frezer_makita_rp2300fc.html",20201101162940,https://kotofoto.ru/moskva/shop/uid_33592_frezer_makita_rp2300fc.html,text/html,200,sha1:VKOYLFOHYZ3BLGAQMJI3W4NGIIP7XRJC,97200,623242293,CC-NEWS-20201101153939-00460.warc.gz,11,2020
"de,presseportal)/blaulicht/pm/14915/4776057",20201127133405,https://www.presseportal.de/blaulicht/pm/14915/4776057,text/html,200,sha1:U5373XHPH22L4AFZ7IZR7N5NZ3MCECRS,14482,147115096,CC-NEWS-20201127132251-00884.warc.gz,11,2020
"org,flathub)/tr/apps/com.github.matoking.protontricks",20230622235857,https://flathub.org/tr/apps/com.github.Matoking.protontricks,text/html,200,sha1:2U6GVOKHIRNCNU6LTKSK2NEGIISAKJFM,27356,914762205,CC-NEWS-20230622225327-03505.warc.gz,06,2023
"com,alwakeelnews)/section_5/%d8%b4%d8%a4%d9%88%d9%86-%d8%a8%d8%b1%d9%84%d9%85%d8%a7%d9%86%d9%8a%d8%a9/%d8%a5%d8%af%d8%a7%d8%b1%d9%8a%d8%a9-%d8%a7%d9%84%d9%86%d9%88%d8%a7%d8%a8-%d8%aa%d9%86%d8%a7%d9%82%d8%b4-%d8%a7%d9%84%d9%8a%d9%88%d9%85-%d8%b4%d8%b1%d8%a7%d8%a1-%d8%a7%d9%84%d8%ae%d8%af%d9%85%d8%a7%d8%aa-%d8%a8%d9%85%d8%a4%d8%b3%d8%b3%d8%a9-%d8%a7%d9%84%d8%a7%d8%b0%d8%a7%d8%b9%d8%a9-%d9%88%d8%a7%d9%84%d8%aa%d9%84%d9%81%d8%b2%d9%8a%d9%88%d9%86_535782",20211102082543,https://www.alwakeelnews.com/Section_5/%D8%B4%D8%A4%D9%88%D9%86-%D8%A8%D8%B1%D9%84%D9%85%D8%A7%D9%86%D9%8A%D8%A9/%D8%A5%D8%AF%D8%A7%D8%B1%D9%8A%D8%A9-%D8%A7%D9%84%D9%86%D9%88%D8%A7%D8%A8-%D8%AA%D9%86%D8%A7%D9%82%D8%B4-%D8%A7%D9%84%D9%8A%D9%88%D9%85-%D8%B4%D8%B1%D8%A7%D8%A1-%D8%A7%D9%84%D8%AE%D8%AF%D9%85%D8%A7%D8%AA-%D8%A8%D9%85%D8%A4%D8%B3%D8%B3%D8%A9-%D8%A7%D9%84%D8%A7%D8%B0%D8%A7%D8%B9%D8%A9-%D9%88%D8%A7%D9%84%D8%AA%D9%84%D9%81%D8%B2%D9%8A%D9%88%D9%86_535782,text/html,200,sha1:L6SLDCFJOMULNXQ4FZSDAK5756O3PFAQ,24682,303690182,CC-NEWS-20211102080436-00117.warc.gz,11,2021
"ru,iguides)/main/other/xiaomi_izmenila_traditsiyam_novinka_redmi_razocharuet_vsekh_lyubiteley_khalyavy",20230602213440,https://www.iguides.ru/main/other/xiaomi_izmenila_traditsiyam_novinka_redmi_razocharuet_vsekh_lyubiteley_khalyavy/,text/html,200,sha1:SDGY3ADWCBQH3ZG3LG5Z4DIKHIJIZMBC,21898,235335477,CC-NEWS-20230602212246-03054.warc.gz,06,2023
"de,hessenschau)/orte/bad-soden-salmuenster-100.html",20201125135700,https://www.hessenschau.de/orte/bad-soden-salmuenster-100.html,text/html,200,sha1:TUJJWYOQPDBYBGTSQBOMMUQIAWBBBKTO,18601,720031610,CC-NEWS-20201125131643-00851.warc.gz,11,2020
"it,zazoom)/2023-06-05/all-about-us-iniziative-e-progetti-di-assonext-al-servizio-delle-societa-egm-e-del-mercato/13005862",20230605163710,https://www.zazoom.it/2023-06-05/all-about-us-iniziative-e-progetti-di-assonext-al-servizio-delle-societa-egm-e-del-mercato/13005862/,text/html,200,sha1:SQHWJAHJ7NMOPA7PQV6CXFT4LQSFC3ZF,23216,550589454,CC-NEWS-20230605161354-03103.warc.gz,06,2023
"com,3yonnews)/1364892",20190808083347,https://3yonnews.com/1364892,text/html,200,sha1:V72IVFQVZP2A4SQPDGTIXRGVGPSOFARQ,7886,134854338,CC-NEWS-20190808082139-00818.warc.gz,08,2019
"gr,zougla)/greece/article/elefsina-parado8ike-o-mpokser-pou-estile-stin-entatiki-ton-36xrono-8ano",20230601143815,https://www.zougla.gr/greece/article/elefsina-parado8ike-o-mpokser-pou-estile-stin-entatiki-ton-36xrono-8ano,text/html,200,sha1:YLHEXT2JZZFALJADIKZK4JVJFOLNCVKF,17301,73633619,CC-NEWS-20230601143545-03020.warc.gz,06,2023
"org,thedailyripple)/index.php/rss-world/752274-merkel-s-cdu-suffers-heavy-losses-in-german-regional-elections-exit-polls-say",20210314195748,http://thedailyripple.org/index.php/rss-world/752274-merkel-s-cdu-suffers-heavy-losses-in-german-regional-elections-exit-polls-say,text/html,200,sha1:DHNH6TTZE76QG3D53KCYTR42O2PXF5JL,5073,1683633,CC-NEWS-20210314195737-00717.warc.gz,03,2021
"com,reuters,in)/article/greece-fairfax-idinl5n0ib0xe20131021",20170404192724,http://in.reuters.com/article/greece-fairfax-idINL5N0IB0XE20131021,text/html,200,sha1:MNCG2AYJNEADFKAOMHYBHN4BMNZYPINO,15813,400114915,CC-NEWS-20170404174402-00260.warc.gz,04,2017
"com,reuters,cn)/article/jpmorgan-mortgages-idcnl2n0h51ak20130909",20170404175032,http://cn.reuters.com/article/jpmorgan-mortgages-idCNL2N0H51AK20130909,text/html,200,sha1:J5JGWCMKAODYWN6XLFALMQJPIKKIFTG7,14174,25876977,CC-NEWS-20170404174402-00260.warc.gz,04,2017
"com,alkhaleej365)/sports-news/11523163/%d9%84%d9%82%d8%a8%d8%a7%d9%86-%d9%88%d9%81%d8%b6%d9%8a%d8%aa%d8%a7%d9%86-%d9%85%d8%a7%d8%b0%d8%a7-%d9%82%d8%af%d9%85-%d8%a7%d9%84%d8%a3%d9%87%d9%84%d9%8a-%d9%81%d9%8a-5-%d9%86%d8%b3%d8%ae-%d9%85%d8%b9-%d8%b1%d8%a8%d8%b9-%d8%a7%d9%84%d9%86%d9%87%d8%a7%d8%a6%d9%8a-%d8%a7%d9%84%d8%a5%d9%82%d8%b5%d8%a7%d8%a6%d9%8a-%d9%84%d8%a3%d8%a8%d8%b7%d8%a7%d9%84-%d8%a3%d9%81%d8%b1%d9%8a%d9%82%d9%8a%d8%a7%d8%9f.html",20220422061606,https://alkhaleej365.com/sports-news/11523163/%D9%84%D9%82%D8%A8%D8%A7%D9%86-%D9%88%D9%81%D8%B6%D9%8A%D8%AA%D8%A7%D9%86-%D9%85%D8%A7%D8%B0%D8%A7-%D9%82%D8%AF%D9%85-%D8%A7%D9%84%D8%A3%D9%87%D9%84%D9%8A-%D9%81%D9%8A-5-%D9%86%D8%B3%D8%AE-%D9%85%D8%B9-%D8%B1%D8%A8%D8%B9-%D8%A7%D9%84%D9%86%D9%87%D8%A7%D8%A6%D9%8A-%D8%A7%D9%84%D8%A5%D9%82%D8%B5%D8%A7%D8%A6%D9%8A-%D9%84%D8%A3%D8%A8%D8%B7%D8%A7%D9%84-%D8%A3%D9%81%D8%B1%D9%8A%D9%82%D9%8A%D8%A7%D8%9F.html,text/html,200,sha1:PNCU3H3H4EIXUSO5G5ELASMQUOS66TUB,16525,508359128,CC-NEWS-20220422053730-00632.warc.gz,04,2022
"com,wkrb13)/2024/04/05/wojak-finance-price-hits-0-0029-woj.html",20240405132322,https://www.wkrb13.com/2024/04/05/wojak-finance-price-hits-0-0029-woj.html,text/html,200,sha1:COFU5XLPCKRROLMXCM2NJ3YM3B3ALESJ,15652,73250615,CC-NEWS-20240405132015-03317.warc.gz,04,2024
"ua,com,rian)/sport/20170215/1021462277.html",20170215223118,http://rian.com.ua/sport/20170215/1021462277.html,text/html,200,sha1:JJXI6J7GTX5LVOSEXAQHFRTCTP2JIJN2,16399,201028279,CC-NEWS-20170215214207-00070.warc.gz,02,2017
"com,themarketsdaily)/2021/02/12/knowles-co-nysekn-svp-raymond-d-cabrera-sells-6786-shares.html",20210212114205,https://www.themarketsdaily.com/2021/02/12/knowles-co-nysekn-svp-raymond-d-cabrera-sells-6786-shares.html,text/html,200,sha1:J7PG7R6OASWAEPTEIX2AI7455C42TQS5,12652,622446183,CC-NEWS-20210212110218-00195.warc.gz,02,2021
"com,brantnews)/sports-story/7224336-khris-davis-homers-twice-as-athletics-open-by-beating-angels",20170404061706,https://www.brantnews.com/sports-story/7224336-khris-davis-homers-twice-as-athletics-open-by-beating-angels/,text/html,200,sha1:6TGJ3UMFJGMNIDK3F5O2X5BSGVXNVS3M,6974,821212597,CC-NEWS-20170404014700-00257.warc.gz,04,2017
"com,mccourier)/2021-insights-into-the-global-polymer-ligating-clips-market-by-market-research-store",20210219084912,https://www.mccourier.com/2021-insights-into-the-global-polymer-ligating-clips-market-by-market-research-store/,text/html,200,sha1:SCZDMN77FB5J4JTCNP2XBKJLDOK6XE7Y,16950,398613191,CC-NEWS-20210219081746-00316.warc.gz,02,2021
"com,haberturk)/sakarya-haberleri/84920020-sakarya-sokaklarinda-hafta-sonu-sessizligi",20210220102156,https://www.haberturk.com/sakarya-haberleri/84920020-sakarya-sokaklarinda-hafta-sonu-sessizligi,text/html,200,sha1:G77LI7G5QO3RD5MQQ2P7NBGTVD2ANNX7,37042,1013368671,CC-NEWS-20210220084702-00335.warc.gz,02,2021
"com,dinamani)/india/2022/apr/02/rat-bitten-patient-died-in-telangana-3819506.html",20220402214836,https://www.dinamani.com/india/2022/apr/02/rat-bitten-patient-died-in-telangana-3819506.html,text/html,200,sha1:KX4552VXYXSM6UBONYR7OXAHKC5BIQVS,27529,435479945,CC-NEWS-20220402210723-00230.warc.gz,04,2022
"it,everyeye)/notizie/sonic-mania-collector-s-edition-prenotabile-amazon-290246.html",20170418180048,http://www.everyeye.it/notizie/sonic-mania-collector-s-edition-prenotabile-amazon-290246.html,text/html,200,sha1:FKWY5Y2MZUUICTKFCXFG6IOLXXIYROFZ,9455,796356429,CC-NEWS-20170418150107-00318.warc.gz,04,2017
"com,4algeria)/forum/t/498886",20220424122150,https://www.4algeria.com/forum/t/498886/,text/html,200,sha1:TKJHI63HQQZSWZRLMFBVOL2P5ZVA2LZ5,26520,614745819,CC-NEWS-20220424112526-00674.warc.gz,04,2022
"hr,net)/danas/vijesti/veliki-pozar-u-osijeku-u-noci-gorjela-hala-hz-a-buktinja-gutala-krov-strahovali-smo-fe0e9870-faf9-11ee-8fdd-322577e38fcf",20240415074659,https://net.hr/danas/vijesti/veliki-pozar-u-osijeku-u-noci-gorjela-hala-hz-a-buktinja-gutala-krov-strahovali-smo-fe0e9870-faf9-11ee-8fdd-322577e38fcf,text/html,200,sha1:3KHYT4TQZXYQ2GLFBOCAWMPUYONHVT3P,83041,643939532,CC-NEWS-20240415065213-03489.warc.gz,04,2024
"com,ghanaweb)/ghanahomepage/newsarchive/agree-to-momo-levy-let-s-pay-debt-owed-road-contractors-npp-mp-begs-1406656",20211122074234,https://www.ghanaweb.com/GhanaHomePage/NewsArchive/Agree-to-momo-levy-let-s-pay-debt-owed-road-contractors-NPP-MP-begs-1406656,text/html,200,sha1:ZLQNGZH2572M235O4POTY4YXYM7LOV3Z,11102,515081250,CC-NEWS-20211122065546-00532.warc.gz,11,2021
"com,registercitizen)/news/article/mississippi-company-gets-37m-contract-for-army-15981403.php",20210226104355,https://www.registercitizen.com/news/article/Mississippi-company-gets-37M-contract-for-Army-15981403.php,text/html,200,sha1:26O6U3RJJ2SIMVIGB4OSM6IEYNYAJVIH,18967,821061054,CC-NEWS-20210226095001-00440.warc.gz,02,2021
"com,cenlanow)/sports/dallas-de-quinn-suspended-2-games-over-performance-enhancers",20190813081356,https://www.cenlanow.com/sports/dallas-de-quinn-suspended-2-games-over-performance-enhancers/,text/html,200,sha1:ADSMGT2OBYQXRY3VIQ6QMIBV2AETKSBI,37750,14072728,CC-NEWS-20190813081137-00867.warc.gz,08,2019
"com,bigcountryhomepage)/weird-news/belgian-park-trumpets-arrival-of-twin-baby-pandas",20190810021504,https://www.bigcountryhomepage.com/weird-news/belgian-park-trumpets-arrival-of-twin-baby-pandas/,text/html,200,sha1:Y2EEZTVPC4UB76JTEA2M4ONNE4BXIFQB,38564,935796248,CC-NEWS-20190809232611-00838.warc.gz,08,2019
"com,fresnobee)/sports/article144297539.html",20170413005017,http://www.fresnobee.com/sports/article144297539.html,text/html,200,sha1:G6ZBL2J37TNCDKGIQL4VA23KLI2TMX5K,22578,395658324,CC-NEWS-20170412224437-00297.warc.gz,04,2017
"ru,regnum)/news/2289335",20240419070152,https://regnum.ru/news/2289335,text/html,200,sha1:6Y4STGRGTOMF6K47IOPNYCVU4O7TUUNV,79440,230432124,CC-NEWS-20240419064603-03572.warc.gz,04,2024
"com,indianexpress)/article/india/no-to-caa-dmk-voted-power-stalin-7250941",20210330041206,https://indianexpress.com/article/india/no-to-caa-dmk-voted-power-stalin-7250941/,text/html,200,sha1:7TQOXDQ2WZPIGCXPC6BL7M7BIOCFPANK,22577,844966911,CC-NEWS-20210330023641-00984.warc.gz,03,2021
"net,bonbonze)/product/trebanel1604654?id=949",20240430045453,http://bonbonze.net/product/trebanel1604654?id=949,text/html,200,sha1:3I42H3S6NNFQ2MSVX7XZKYAYSCX5QBYJ,734,570754133,CC-NEWS-20240430040414-03771.warc.gz,04,2024
"com,businessinsider)/how-to-help-amazon-rainforest-what-charities-to-donate-to-2019",20190821173426,https://www.businessinsider.com/how-to-help-amazon-rainforest-what-charities-to-donate-to-2019,text/html,200,sha1:5KUUBBGH4E6MB2UORGRWGL7HIX6NXWLD,43822,83482012,CC-NEWS-20190821172712-00955.warc.gz,08,2019
"it,ilgiorno)/milano/cronaca/roberto-cavalli-morto-l62yujmf",20240412202901,https://www.ilgiorno.it/milano/cronaca/roberto-cavalli-morto-l62yujmf,text/html,200,sha1:ECAH63NMEOVRC3OLO6UKTVAMU4XMJGYU,55126,116302537,CC-NEWS-20240412201955-03455.warc.gz,04,2024
"uk,co,northantstelegraph)/news/health/more-than-one-in-10-northamptonshire-children-are-believed-to-have-an-undiagnosed-eye-condition-1-7577950",20160915045709,http://www.northantstelegraph.co.uk/news/health/more-than-one-in-10-northamptonshire-children-are-believed-to-have-an-undiagnosed-eye-condition-1-7577950,text/html,200,sha1:YJAJG47YSAZGHAZICPA3ZAVC5VFKI2V6,28959,577040873,CC-NEWS-20160914145203-00021.warc.gz,09,2016
"com,theintelligencer)/news/article/dillard-suburban-theater-have-3-year-16040721.php",20210320160019,https://www.theintelligencer.com/news/article/Dillard-suburban-theater-have-3-year-16040721.php,text/html,200,sha1:K6Q4OY5XQRE76JYQIADOLVWW3OJ3S7JB,18525,987812575,CC-NEWS-20210320143846-00821.warc.gz,03,2021
"com,efe)/efe/brasil/brasil/duque-oferece-ajuda-para-combater-incendios-na-amazonia/50000239-4048094?utm_campaign=rss&utm_medium=rss&utm_source=wwwefecom",20190823074617,https://www.efe.com/efe/brasil/brasil/duque-oferece-ajuda-para-combater-incendios-na-amazonia/50000239-4048094?utm_source=wwwefecom&utm_medium=rss&utm_campaign=rss,text/html,200,sha1:FBVPQGJSYQXSHHWBK6OMBXKQAIAYIE3T,11731,242645902,CC-NEWS-20190823071748-00973.warc.gz,08,2019
"com,pinkvilla)/entertainment/news/bigg-boss-13-hina-khan-reveals-her-favourite-contestant-salman-khans-show-find-out-492504",20191218173803,https://www.pinkvilla.com/entertainment/news/bigg-boss-13-hina-khan-reveals-her-favourite-contestant-salman-khans-show-find-out-492504,text/html,200,sha1:TTBNJCB4G5IGKGNA4YZD7TOMORRBKKJI,99692,1017239288,CC-NEWS-20191218171301-00007.warc.gz,12,2019
"ua,com,fakty)/ru/videos/novyny-fakty-ictv-vypusk-novyn-za-1230-14-06-2023",20230614123308,https://fakty.com.ua/ru/videos/novyny-fakty-ictv-vypusk-novyn-za-1230-14-06-2023/,text/html,200,sha1:TYXVJZAZ5EPZZ5M32RXDVC4IR43BEEO7,48757,305932080,CC-NEWS-20230614121942-03306.warc.gz,06,2023
"gr,news247)/politismos/angelos-pentaris-iperevi-tin-egkefaliki-paralisi-kai-tragoudise-thank-you",20240412111733,https://www.news247.gr/politismos/angelos-pentaris-iperevi-tin-egkefaliki-paralisi-kai-tragoudise-thank-you/,text/html,200,sha1:DF2SWMNGQIMKXQZ2E6IILGFVXIKFBHGG,78489,933444369,CC-NEWS-20240412103019-03445.warc.gz,04,2024
"pt,cmjornal)/portugal/detalhe/bebe-em-estado-grave-depois-de-cair-de-terceiro-andar-em-mirandela",20170404202302,http://www.cmjornal.pt/portugal/detalhe/bebe-em-estado-grave-depois-de-cair-de-terceiro-andar-em-mirandela,text/html,200,sha1:JSZTX7KPWC7SBCMH6PNIJ5PAQQ5YOETG,25948,608045918,CC-NEWS-20170404174402-00260.warc.gz,04,2017
"com,stockmarketwire)/article/7195493/update-euro-pound-up-0-point-02pct-0-point-8966.html",20210302094333,https://www.stockmarketwire.com/article/7195493/UPDATE-Euro-Pound-up-0-point-02pct-0-point-8966.html,text/html,200,sha1:RRQTNHQTAWCH52BCQUT7BJW2AC72HWNV,7984,948942708,CC-NEWS-20210302083601-00500.warc.gz,03,2021
"com,nbc)/classic-tv/average-joe/video/episode-402/2803271",20190824112720,https://www.nbc.com/classic-tv/average-joe/video/episode-402/2803271,text/html,200,sha1:DJUU36NTSRN3NA3HJESY4BBC3QZKCPKD,47185,150375593,CC-NEWS-20190824110653-00986.warc.gz,08,2019
"ru,lenta)/news/2020/11/27/shootongirl",20201127091034,https://lenta.ru/news/2020/11/27/shootongirl/,text/html,200,sha1:LCTGXBBN6LN6VRAK52JJA45UYWNYYIZL,134365,737542738,CC-NEWS-20201127080548-00880.warc.gz,11,2020
"it,unacittaincomune)/no-al-potenziamento-dellimpianto-per-rifiuti-speciali-e-pericolosi-a-ospedaletto",20201121160426,https://unacittaincomune.it/no-al-potenziamento-dellimpianto-per-rifiuti-speciali-e-pericolosi-a-ospedaletto/,text/html,200,sha1:ABAQR3PRCUF7MG4CWWOGMVDVKSR72ZPS,18742,42257604,CC-NEWS-20201121160008-00793.warc.gz,11,2020
"uk,co,halifaxcourier)/read-this/glastonbury-2023-lizzo-time-setlist-how-to-watch-4191885",20230621171538,https://www.halifaxcourier.co.uk/read-this/glastonbury-2023-lizzo-time-setlist-how-to-watch-4191885,text/html,200,sha1:FTF43DDCW246YM5WEK7Q5ZRNH2A3IVSF,54428,405750606,CC-NEWS-20230621170028-03471.warc.gz,06,2023
"com,hket,paper)/article/2891952/5%e5%a4%a7%e6%a0%b8%e5%bf%83%e9%9b%b6%e5%94%ae%e5%8d%80%20%e7%a9%ba%e7%bd%ae%e7%8e%87%e7%95%a5%e6%94%b9%e5%96%84",20210304034746,https://paper.hket.com/article/2891952/5%E5%A4%A7%E6%A0%B8%E5%BF%83%E9%9B%B6%E5%94%AE%E5%8D%80%20%E7%A9%BA%E7%BD%AE%E7%8E%87%E7%95%A5%E6%94%B9%E5%96%84,text/html,200,sha1:5WGZ7NY5KDB5LQEINKGBDKPLVWRPDZBO,17508,406769556,CC-NEWS-20210304030328-00536.warc.gz,03,2021
"fr,francebleu)/infos/environnement/frere-et-maire-s-opposent-sur-le-projet-de-parc-eolien-de-saulnot-grandes-le-bourg-1577467421",20191230074104,https://www.francebleu.fr/infos/environnement/frere-et-maire-s-opposent-sur-le-projet-de-parc-eolien-de-saulnot-grandes-le-bourg-1577467421,text/html,200,sha1:XVRY6FEQK7IUI7E2GOOD7IUDGZTASNFM,48888,35678232,CC-NEWS-20191230073802-00161.warc.gz,12,2019
"com,westernjournal)/talk-co-host-sharon-osbourne-officially-canceled-debate-meghan-markle?utm_campaign=cuwjpost&utm_content=2021-03-30&utm_medium=conservativeupdate&utm_source=facebook",20210330074830,https://www.westernjournal.com/talk-co-host-sharon-osbourne-officially-canceled-debate-meghan-markle/?utm_source=facebook&utm_medium=conservativeupdate&utm_campaign=cuwjpost&utm_content=2021-03-30,text/html,200,sha1:KWEU5GKWFAIE7QX2COXZTV2UPW4JLBLP,40909,20533529,CC-NEWS-20210330074652-00987.warc.gz,03,2021
"com,whdh)/news/christmas-tree-catches-fire-inside-duxbury-home",20191223122303,https://whdh.com/news/christmas-tree-catches-fire-inside-duxbury-home/,text/html,200,sha1:JQLNS5VYLUILPGHYZJ4WVGCJN6RMKNYP,12955,106795868,CC-NEWS-20191223121501-00089.warc.gz,12,2019
"net,zaxid)/shtuchniy_intelekt_stvoriv_film_pro_vladimira_putina_n1584214",20240424130014,https://zaxid.net/shtuchniy_intelekt_stvoriv_film_pro_vladimira_putina_n1584214,text/html,200,sha1:XTZVW4QHZOG4NEIIFYGCLXP4TMKA52MI,15559,196498398,CC-NEWS-20240424124935-03667.warc.gz,04,2024
"com,mehrnews)/news/5163333/%d8%a2%d9%85%d8%a7%d8%b1-%da%a9%d8%b1%d9%88%d9%86%d8%a7-%d8%af%d8%b1-%d8%b9%d8%b1%d8%a7%d9%82-%d9%87%d9%85%d8%b1%d8%a7%d9%87-%d8%af%d8%a7%d8%b4%d8%aa%d9%86-%d8%aa%d8%b3%d8%aa-pcr-%d8%a8%d8%b1%d8%a7%db%8c-%d9%85%d8%b3%d8%a7%d9%81%d8%b1%d8%a7%d9%86-%d8%a7%d9%84%d8%b2%d8%a7%d9%85%db%8c-%d8%a7%d8%b3%d8%aa",20210306162058,https://www.mehrnews.com/news/5163333/%D8%A2%D9%85%D8%A7%D8%B1-%DA%A9%D8%B1%D9%88%D9%86%D8%A7-%D8%AF%D8%B1-%D8%B9%D8%B1%D8%A7%D9%82-%D9%87%D9%85%D8%B1%D8%A7%D9%87-%D8%AF%D8%A7%D8%B4%D8%AA%D9%86-%D8%AA%D8%B3%D8%AA-PCR-%D8%A8%D8%B1%D8%A7%DB%8C-%D9%85%D8%B3%D8%A7%D9%81%D8%B1%D8%A7%D9%86-%D8%A7%D9%84%D8%B2%D8%A7%D9%85%DB%8C-%D8%A7%D8%B3%D8%AA,text/html,200,sha1:JFFTT5HU6FYU77K24HVT6SXWCMFLHQPO,18347,441441648,CC-NEWS-20210306154416-00581.warc.gz,03,2021
"es,elcomercio)/gijon/pareja-asesinado-gijon-lo-vi-salir-casa-me-escondi-20191102000747-ntvo.html",20201126060232,https://www.elcomercio.es/gijon/pareja-asesinado-gijon-lo-vi-salir-casa-me-escondi-20191102000747-ntvo.html,text/html,200,sha1:PLTMG3XI5CXOWQKB7VMAN2GCFUI75VYN,33765,158287989,CC-NEWS-20201126054432-00863.warc.gz,11,2020
"com,nacion)/economia/director-de-tributacion-y-especialistas-chocan/v5g4a4llqjclvokqfmn7rrnlju/story",20210331021349,https://www.nacion.com/economia/director-de-tributacion-y-especialistas-chocan/V5G4A4LLQJCLVOKQFMN7RRNLJU/story/,text/html,200,sha1:LF7PPEAFWGL2BJ6K7YOYDDPTWCDNRFXF,29788,142150060,CC-NEWS-20210331020057-01003.warc.gz,03,2021
"com,sun-sentinel)/community/pier-review/fl-cn-pompano-beach-nurse-recognized-diabetes-prevention-20191220-k7m4a2qpbvesfmoc7hiz6glspu-story.html",20191220180751,https://www.sun-sentinel.com/community/pier-review/fl-cn-pompano-beach-nurse-recognized-diabetes-prevention-20191220-k7m4a2qpbvesfmoc7hiz6glspu-story.html,text/html,200,sha1:WWBPBI5KQYZIE5PJXGVCJDIL5NLUO2UO,58264,130700041,CC-NEWS-20191220175720-00057.warc.gz,12,2019
"net,misionesonline)/2016/09/10/delincuentes-armados-maniataron-a-un-playero-y-robaron-mas-de-7-mil-pesos-y-vales-de-combustible",20160910145553,http://misionesonline.net/2016/09/10/delincuentes-armados-maniataron-a-un-playero-y-robaron-mas-de-7-mil-pesos-y-vales-de-combustible/,text/html,200,sha1:GTY5GZ3EBODYJHXSWIKQQ7HN5ZLQDENQ,15156,32735537,CC-NEWS-20160910145202-00017.warc.gz,09,2016
"es,farodevigo)/deportes/pontevedra/2019/12/21/ojo-sanse-copa/2221019.html",20191221063059,https://www.farodevigo.es/deportes/pontevedra/2019/12/21/ojo-sanse-copa/2221019.html,text/html,200,sha1:Y2ZYIAV3C7ICJI74EWWWAFX2GRRISLBT,32211,803517749,CC-NEWS-20191221051014-00064.warc.gz,12,2019
"is,kiji,this)/699629469996205153",20201112150725,https://this.kiji.is/699629469996205153,text/html,200,sha1:YS7URJKFYAITBE2XKPZER2NEAJSDWKYE,12685,615853500,CC-NEWS-20201112143034-00648.warc.gz,11,2020
"com,kyssonline)/barbados-covid-19-death-toll-now-24",20210219135655,http://www.kyssonline.com/barbados-covid-19-death-toll-now-24/,text/html,200,sha1:A4G5NAJJPXVYI3QS2H4LB5JPRO6YVAGO,16135,106945672,CC-NEWS-20210219135006-00321.warc.gz,02,2021
"com,topix)/mlb/los-angeles-dodgers/2017/04/dodgers-scored-4-in-the-ninth-to-beat-phillies-6-5?fromrss=1",20170430082508,http://www.topix.com/mlb/los-angeles-dodgers/2017/04/dodgers-scored-4-in-the-ninth-to-beat-phillies-6-5?fromrss=1,text/html,200,sha1:SVNTC6J6NZGW7UWNBPADMSRFXYKE4VDL,26988,264842196,CC-NEWS-20170430062517-00006.warc.gz,04,2017
"com,washingtontimes)/news/2021/feb/23/bill-to-compensate-wrongly-convicted-heads-to-idah?utm_campaign=feed:+front-thewashingtontimesamericasnewspaper+(front+page+-+the+washington+times)&utm_medium=feed&utm_source=feedburner",20210223210840,https://www.washingtontimes.com/news/2021/feb/23/bill-to-compensate-wrongly-convicted-heads-to-idah/?utm_source=feedburner&utm_medium=feed&utm_campaign=Feed%3A+Front-TheWashingtonTimesAmericasNewspaper+%28Front+Page+-+The+Washington+Times%29,text/html,200,sha1:OK4TWU4SWSBV4TYK4YYVLC2RT4Q7WTRX,30934,603211354,CC-NEWS-20210223203020-00391.warc.gz,02,2021
"it,unionesarda)/lunione-in-edicola/niccolo-fabi-i-miei-intimi-versi-dautore-bw7o9wbk",20230622234300,https://www.unionesarda.it/lunione-in-edicola/niccolo-fabi-i-miei-intimi-versi-dautore-bw7o9wbk,text/html,200,sha1:XFUFWJQBLXSXIVBWYZRNJK4YFZGHNBXW,67928,694401926,CC-NEWS-20230622225327-03505.warc.gz,06,2023
"com,onenewspage)/n/world/1zn0w5a0yv/curbing-covid-19-on-campuses-nationwide.htm",20210324000220,https://www.onenewspage.com/n/World/1zn0w5a0yv/Curbing-COVID-19-On-Campuses-Nationwide.htm,text/html,200,sha1:WG2HPWJBGH7FMR2SZD6FF2HJMQW74D7X,12818,341135683,CC-NEWS-20210323233033-00877.warc.gz,03,2021
"ru,econet)/articles/kak-zaschitit-volosy-ot-solntsa-sovety-dlya-leta",20230625122254,https://econet.ru/articles/kak-zaschitit-volosy-ot-solntsa-sovety-dlya-leta,text/html,200,sha1:VWDR3YNLXMVVVHYFCPMRT6AYYYISO6UY,16419,199782059,CC-NEWS-20230625120407-03555.warc.gz,06,2023
"com,dragillustrated)/after-strong-two-day-test-session-at-wsopm-scott-oksas-feeling-good-im-winning-this-100000",20190809161726,https://dragillustrated.com/after-strong-two-day-test-session-at-wsopm-scott-oksas-feeling-good-im-winning-this-100000/,text/html,200,sha1:DFJRVJZCFGBWXXP6VBYD27FUASI552BE,15354,553959075,CC-NEWS-20190809152254-00834.warc.gz,08,2019
"com,yahoo,news,ca)/police-driver-fatally-shot-fleeing-005204657.html",20240415013301,https://ca.news.yahoo.com/police-driver-fatally-shot-fleeing-005204657.html,text/html,200,sha1:SPXZOIQDEPTFPTKX4LSVMYQCMICZ3DYL,168265,483946232,CC-NEWS-20240415001706-03486.warc.gz,04,2024
"co,dotgulf)/world/29243114/%d8%b1%d9%88%d8%b3%d9%8a%d8%a7-%d8%b6%d8%ae-%d8%a3%d8%b3%d9%84%d8%ad%d8%a9-%d8%ba%d8%b1%d8%a8%d9%8a%d8%a9-%d8%a5%d9%84%d9%89-%d8%a3%d9%88%d9%83%d8%b1%d8%a7%d9%86%d9%8a%d8%a7-%d9%88%d8%af%d9%88%d9%84-%d8%a3%d8%ae%d8%b1%d9%89-%d9%8a%d9%87%d8%af%d8%af-%d8%a3%d9%85%d9%86-%d8%a3%d9%88%d8%b1%d9%88%d8%a8%d8%a7.html",20220428232542,https://dotgulf.co/world/29243114/%D8%B1%D9%88%D8%B3%D9%8A%D8%A7-%D8%B6%D8%AE-%D8%A3%D8%B3%D9%84%D8%AD%D8%A9-%D8%BA%D8%B1%D8%A8%D9%8A%D8%A9-%D8%A5%D9%84%D9%89-%D8%A3%D9%88%D9%83%D8%B1%D8%A7%D9%86%D9%8A%D8%A7-%D9%88%D8%AF%D9%88%D9%84-%D8%A3%D8%AE%D8%B1%D9%89-%D9%8A%D9%87%D8%AF%D8%AF-%D8%A3%D9%85%D9%86-%D8%A3%D9%88%D8%B1%D9%88%D8%A8%D8%A7.html,text/html,200,sha1:SEE3XLIISDGITDSJDOWYAKJMSLNFXROX,15498,906914002,CC-NEWS-20220428222810-00775.warc.gz,04,2022
"co,com,eluniversal)/cartagena/y-llego-la-luz-la-rotonda-de-la-esperanza-250315",20170407001041,http://www.eluniversal.com.co/cartagena/y-llego-la-luz-la-rotonda-de-la-esperanza-250315,text/html,200,sha1:KCCN4NB3LCHJSQNMBRWXCLIW6OXEGDSX,23162,801122216,CC-NEWS-20170406201939-00270.warc.gz,04,2017
"pt,sapo,lifestyle)/saude/noticias-saude/artigos/covid-19-costa-enaltece-papel-do-estado-social-contra-a-pandemia-il-critica-medidas-socialistas",20210317183346,https://lifestyle.sapo.pt/saude/noticias-saude/artigos/covid-19-costa-enaltece-papel-do-estado-social-contra-a-pandemia-il-critica-medidas-socialistas,text/html,200,sha1:N77GZS234X3ECO6M3DUBINYXVYK57AB3,25647,150949916,CC-NEWS-20210317182541-00771.warc.gz,03,2021
"gr,star)/eidiseis/autokinito/484146/oi-dokimes-proskroyshs-toy-neoy-ford-puma",20191218122038,https://www.star.gr/eidiseis/autokinito/484146/oi-dokimes-proskroyshs-toy-neoy-ford-puma,text/html,200,sha1:V7YSH6EI27W377VAXQRWZRAIH2DJAKVS,46131,315877689,CC-NEWS-20191218120956-00000.warc.gz,12,2019
"ua,24tv)/ru/tedis-ukraina-perechislila-gosudarstvennyj-poslednie-novosti-ukrainy_n1571036",20210317130453,https://24tv.ua/ru/tedis-ukraina-perechislila-gosudarstvennyj-poslednie-novosti-ukrainy_n1571036,text/html,200,sha1:MTAA62N3JSDQML6VLBYGUPYFRPG5IJ6V,18204,108571517,CC-NEWS-20210317125847-00765.warc.gz,03,2021
"ru,sport-express,m)/football/rfpl/news/kavazashvili-nazval-velikolepnoy-rabotu-abaskalya-v-spartake-2091825",20230617172826,https://m.sport-express.ru/football/rfpl/news/kavazashvili-nazval-velikolepnoy-rabotu-abaskalya-v-spartake-2091825/,text/html,200,sha1:ILN6M6VJ2HETUP4RLGFZTI5RY5V5DSSF,29665,590104327,CC-NEWS-20230617164807-03386.warc.gz,06,2023
"uk,co,plymouthherald)/news/plymouth-news/plymouth-says-farewell-legendary-fortune-4742701",20201127150811,https://www.plymouthherald.co.uk/news/plymouth-news/plymouth-says-farewell-legendary-fortune-4742701,text/html,200,sha1:3O7JQQR3657PXPP4EKZNVI3DGY2SFBSF,53588,557149326,CC-NEWS-20201127143248-00885.warc.gz,11,2020
"de,finanznachrichten)/nachrichten-2024-04/61917362-amundi-msci-india-ii-ucits-etf-usd-acc-net-asset-value-s-015.htm",20240411091428,https://www.finanznachrichten.de/nachrichten-2024-04/61917362-amundi-msci-india-ii-ucits-etf-usd-acc-net-asset-value-s-015.htm,text/html,200,sha1:FWPSPHL6CWPRVZBT32AXERJED4DCDWHA,11087,520677659,CC-NEWS-20240411084015-03422.warc.gz,04,2024
"lv,tvnet,rus,ciklon)/8011617/v-pervyy-den-maya-budet-teplo-vozduh-progreetsya-do-23-gradusov",20240430143300,https://ciklon.rus.tvnet.lv/8011617/v-pervyy-den-maya-budet-teplo-vozduh-progreetsya-do-23-gradusov,text/html,200,sha1:A6PZJT3U3KR22O456CLBWRNHB22PVFOF,39776,790035215,CC-NEWS-20240430135051-03780.warc.gz,04,2024
"com,yildirimgazetesi)/kirklarelide-turk-polis-teskilatinin-179-kurulus-yili-torenlerle-kutlaniyor",20240408104828,https://www.yildirimgazetesi.com/kirklarelide-turk-polis-teskilatinin-179-kurulus-yili-torenlerle-kutlaniyor,text/html,200,sha1:2NQPJEDYZ5KXFM2KUIVUJUJLDUSX45AR,21180,545070982,CC-NEWS-20240408101714-03361.warc.gz,04,2024
"com,thetelegraph)/news/article/luxury-car-brand-jaguar-to-go-all-electric-by-2025-15951915.php",20210215171657,https://www.thetelegraph.com/news/article/Luxury-car-brand-Jaguar-to-go-all-electric-by-2025-15951915.php,text/html,200,sha1:FUB2FJLTHY45H2BJHTZGCIFPV4LNMSQW,27023,480141316,CC-NEWS-20210215165057-00245.warc.gz,02,2021
"com,wise)/zh-hk/currency-converter/bnd-to-nzd-rate",20240426221937,https://wise.com/zh-hk/currency-converter/bnd-to-nzd-rate,text/html,200,sha1:6KT6RJOJDE5NOV2ALBYBC6YBT72SAHMS,61632,1032387691,CC-NEWS-20240426210311-03716.warc.gz,04,2024
"com,zvuk)/release/9054141",20240413101339,https://zvuk.com/release/9054141,text/html,200,sha1:4VIM7GMGBOPNMHIGVNMTVABDXEJMU4T7,40930,35700766,CC-NEWS-20240413101015-03463.warc.gz,04,2024
"tr,com,iha)/haber-istanbulda-helikopter-destekli-yeditepe-huzur-uygulamasi-640530",20170429055817,http://www.iha.com.tr/haber-istanbulda-helikopter-destekli-yeditepe-huzur-uygulamasi-640530/,text/html,200,sha1:KWLGKCL5BOJ4TWWEA5T24ZEYP6ULJ4QJ,20151,687751844,CC-NEWS-20170429011810-00002.warc.gz,04,2017
"org,ideastream)/2024-04-30/after-chronicling-california-at-la-times-for-43-years-louis-sahagun-has-retired",20240430214900,https://www.ideastream.org/2024-04-30/after-chronicling-california-at-la-times-for-43-years-louis-sahagun-has-retired,text/html,200,sha1:Q3UXS2HELVLZ2BD6WVRW7QWFRO3WIZZB,36457,727208964,CC-NEWS-20240430205828-03787.warc.gz,04,2024
"com,caracoltv,noticias)/caribe/graban-a-motociclistas-llevando-un-caballo-a-gran-velocidad-en-avenida-de-cartagena-rg10",20220421153557,https://noticias.caracoltv.com/caribe/graban-a-motociclistas-llevando-un-caballo-a-gran-velocidad-en-avenida-de-cartagena-rg10,text/html,200,sha1:FRCCIITT3CJXNPXPIT3TP5S6E3XJEPCP,38256,424607086,CC-NEWS-20220421151733-00618.warc.gz,04,2022
"com,themarketsdaily)/2021/02/11/marks-and-spencer-group-otcmktsmaksy-downgraded-by-royal-bank-of-canada.html",20210211070734,https://www.themarketsdaily.com/2021/02/11/marks-and-spencer-group-otcmktsmaksy-downgraded-by-royal-bank-of-canada.html,text/html,200,sha1:PXIKD4QXLWSPI45W73X2CPX2LHVTKU6R,11679,658618434,CC-NEWS-20210211061317-00171.warc.gz,02,2021
"com,dan)/buy-domain/timor.xyz",20220407131753,https://dan.com/buy-domain/timor.xyz,text/html,200,sha1:QMJSVEQR7R7Y6NXKBBBOY2LVKVHGKEYJ,12423,85917571,CC-NEWS-20220407131435-00329.warc.gz,04,2022
"com,mypanhandle)/sports/the-big-game/greatest-national-anthem-performance-30-years-since-whitney-houston-stunned-the-super-bowl",20210205210236,https://www.mypanhandle.com/sports/the-big-game/greatest-national-anthem-performance-30-years-since-whitney-houston-stunned-the-super-bowl/,text/html,200,sha1:RAQIIMKNV2NXIONK62NCLOI33NQZ77QK,45954,453076484,CC-NEWS-20210205203518-00081.warc.gz,02,2021
"news,elbalad)/5818022",20230622013242,https://www.elbalad.news/5818022,text/html,200,sha1:KGG6PR4SJJYOIVVZU54DU6W54BS6SR2V,19792,444334534,CC-NEWS-20230622005309-03480.warc.gz,06,2023
"com,ultimahora)/cartera-bancaria-del-sector-crecio-107-n2929592.html",20210301073121,https://www.ultimahora.com/cartera-bancaria-del-sector-crecio-107-n2929592.html,text/html,200,sha1:JV3FY4G2X4KCYDN7WNVY2TRXGSH3H2YC,19509,867955753,CC-NEWS-20210301060337-00480.warc.gz,03,2021
"com,vozdeamerica)/estadosunidos/equipo-covid19-casa-blanca-expresa-preocupacion-viajes-eeuu",20210316141708,https://www.vozdeamerica.com/estadosunidos/equipo-covid19-casa-blanca-expresa-preocupacion-viajes-eeuu,text/html,200,sha1:BQH5AJ6NADYKWJIPNEPRERHMQKGFQJRT,24134,113154645,CC-NEWS-20210316141034-00747.warc.gz,03,2021
"org,mtpr)/2024-04-02/after-years-of-trying-the-u-s-government-may-finally-mandate-safer-table-saws",20240402095307,https://www.mtpr.org/2024-04-02/after-years-of-trying-the-u-s-government-may-finally-mandate-safer-table-saws,text/html,200,sha1:72XQTX7GBYPEX4WEAK7F2HXZLZX4ULMZ,36186,429976553,CC-NEWS-20240402093133-03249.warc.gz,04,2024
"com,reuters,in)/article/uk-britain-harris-australia-idinkbn0f63rn20140701",20170417022406,http://in.reuters.com/article/uk-britain-harris-australia-idINKBN0F63RN20140701,text/html,200,sha1:M3VCDYTDQYGVNYEVMGKXMLDJR4JOUXH3,15136,962217167,CC-NEWS-20170416184516-00311.warc.gz,04,2017
"com,irishexaminer)/news/munster/arid-40750371.html",20211122192836,https://www.irishexaminer.com/news/munster/arid-40750371.html,text/html,200,sha1:NIGZMIOGRLEPWPAH2AGTBSCMNTTJLM7S,23168,571950219,CC-NEWS-20211122185844-00545.warc.gz,11,2021
"com,ecuadorenvivo)/internacional/37-/103100-ecuador-amplia-el-numero-de-estados-que-necesitan-visa-el-comercio-de-quito.html",20190813123304,http://ecuadorenvivo.com/internacional/37-/103100-ecuador-amplia-el-numero-de-estados-que-necesitan-visa-el-comercio-de-quito.html,text/html,200,sha1:27SIAHX7UZFFECK4WQQ7QD4ME2XOAMNY,12939,430682865,CC-NEWS-20190813115142-00869.warc.gz,08,2019
"com,seattlepi)/lottery/article/winning-numbers-drawn-in-win-4-midday-game-16042295.php",20210321192046,https://www.seattlepi.com/lottery/article/Winning-numbers-drawn-in-Win-4-Midday-game-16042295.php,text/html,200,sha1:7CYV3LX5YQJYA5VLPAQ2PJGGEYFYIHOW,19315,220903946,CC-NEWS-20210321185807-00836.warc.gz,03,2021
"net,setal)/denouement-heureux-dans-l-affaire-pape-ndiaye-serigne-saliou-gueye-et-walf-tv-la-cap-surseoit-au-conseil-des-medias-et_a90761.html",20230620213305,https://www.setal.net/Denouement-heureux-dans-l-affaire-Pape-Ndiaye-Serigne-Saliou-Gueye-et-Walf-TV-La-CAP-surseoit-au-conseil-des-medias-et_a90761.html,text/html,200,sha1:PKBDKIPVKICYO3JOMQOIQ3NRZTKJTN66,13127,38793096,CC-NEWS-20230620213130-03450.warc.gz,06,2023
"mk,republika)/vesti/makedonija/na-prilep-mu-se-sluchuva-kumanovo-gradonachalnikot-moli-za-karantin-vlasta-ne-slusha",20201126155905,https://republika.mk/vesti/makedonija/na-prilep-mu-se-sluchuva-kumanovo-gradonachalnikot-moli-za-karantin-vlasta-ne-slusha/,text/html,200,sha1:6JXQ5UR7STUXCVK3LSDYOOXURQHXKRES,20492,59823069,CC-NEWS-20201126155408-00871.warc.gz,11,2020
"com,reuters,in)/article/softs-physicals-idinl3n0kn18h20140113",20170419144743,http://in.reuters.com/article/softs-physicals-idINL3N0KN18H20140113,text/html,200,sha1:36JQFZPD672A564IMR2PMIINNY6677JP,15537,885167405,CC-NEWS-20170419113513-00322.warc.gz,04,2017
"com,thehindu)/news/national/tamil-nadu/six-students-teacher-test-positive-for-covid-19-in-kumbakonam/article34099624.ece",20210318111905,https://www.thehindu.com/news/national/tamil-nadu/six-students-teacher-test-positive-for-covid-19-in-kumbakonam/article34099624.ece,text/html,200,sha1:6HQ4EJXOODFOVXWQ3YCTTMMWWTM2OHTS,80322,528113893,CC-NEWS-20210318104807-00782.warc.gz,03,2021
"tr,com,hurriyet)/yazarlar/bulent-katarci/osteoporozdan-korunmak-icin-5-onlem-41657706",20201109073249,https://www.hurriyet.com.tr/yazarlar/bulent-katarci/osteoporozdan-korunmak-icin-5-onlem-41657706,text/html,200,sha1:645NQKE6GBI2ZHCYJLPGNIKBIKXOUHNF,27309,517120077,CC-NEWS-20201109064029-00587.warc.gz,11,2020
"bd,com,ittefaq)/594087/%e0%a6%85%e0%a6%b0%e0%a7%8d%e0%a6%9c%e0%a6%bf%e0%a6%a4-%e0%a6%ac%e0%a6%bf%e0%a6%9c%e0%a7%9f-%e0%a6%b8%e0%a7%81%e0%a6%b8%e0%a6%82%e0%a6%b9%e0%a6%a4-%e0%a6%95%e0%a6%b0%e0%a6%be%e0%a6%87-%e0%a6%86%e0%a6%9c%e0%a6%95%e0%a7%87%e0%a6%b0-%e0%a6%a6%e0%a6%bf%e0%a6%a8%e0%a7%87%e0%a6%b0-%e0%a6%85%e0%a6%99%e0%a7%8d%e0%a6%97%e0%a7%80%e0%a6%95%e0%a6%be%e0%a6%b0",20220417071430,https://www.ittefaq.com.bd/594087/%E0%A6%85%E0%A6%B0%E0%A7%8D%E0%A6%9C%E0%A6%BF%E0%A6%A4-%E0%A6%AC%E0%A6%BF%E0%A6%9C%E0%A7%9F-%E0%A6%B8%E0%A7%81%E0%A6%B8%E0%A6%82%E0%A6%B9%E0%A6%A4-%E0%A6%95%E0%A6%B0%E0%A6%BE%E0%A6%87-%E0%A6%86%E0%A6%9C%E0%A6%95%E0%A7%87%E0%A6%B0-%E0%A6%A6%E0%A6%BF%E0%A6%A8%E0%A7%87%E0%A6%B0-%E0%A6%85%E0%A6%99%E0%A7%8D%E0%A6%97%E0%A7%80%E0%A6%95%E0%A6%BE%E0%A6%B0,text/html,200,sha1:ZUVFGK4ZJK443E2W6S2LUO3JTEIGFERZ,63136,225500802,CC-NEWS-20220417065240-00528.warc.gz,04,2022
"com,diarioti)/connected-cars-to-introduce-a-new-era-of-smart-mobility/100698",20160929121315,http://diarioti.com/connected-cars-to-introduce-a-new-era-of-smart-mobility/100698,text/html,200,sha1:6GTABU5AK4EVRBMVOKOGNCFQMIBERXQY,13876,128152420,CC-NEWS-20160929101044-00004.warc.gz,09,2016
"fr,lemonde)/economie/article/2020/11/11/le-japonais-honda-obtient-un-feu-vert-inedit-pour-un-systeme-de-conduite-autonome-avance-une-premiere-mondiale_6059367_3234.html",20201111151554,https://www.lemonde.fr/economie/article/2020/11/11/le-japonais-honda-obtient-un-feu-vert-inedit-pour-un-systeme-de-conduite-autonome-avance-une-premiere-mondiale_6059367_3234.html,text/html,200,sha1:X25DIS4XPVMR3KHKQCCMONCMFI7NIRZW,49281,177823073,CC-NEWS-20201111150730-00630.warc.gz,11,2020
"com,investchronicle)/2021/02/23/att-inc-t-is-on-the-roll-with-an-average-volume-of-42-29m-in-the-recent-3-months",20210223182524,https://investchronicle.com/2021/02/23/att-inc-t-is-on-the-roll-with-an-average-volume-of-42-29m-in-the-recent-3-months/,text/html,200,sha1:WSP342ISN4ADGRQ2Y5ZMMGPVVWKKPXDL,27434,1023279604,CC-NEWS-20210223172937-00388.warc.gz,02,2021
"it,calcionapoli24)/calcio_giovanile/primavera-genoa-napoli-segui-la-diretta-su-calcionapoli24it-n424461.html",20191206141038,https://www.calcionapoli24.it/calcio_giovanile/primavera-genoa-napoli-segui-la-diretta-su-calcionapoli24it-n424461.html,text/html,200,sha1:PHYY7MARGFPFZGBDRQ7SU4UP2G4FPSMN,20011,1013681359,CC-NEWS-20191206124102-02173.warc.gz,12,2019
"com,kotaku)/a-travelers-guide-to-the-best-final-fantasy-worlds-to-l-1846191132",20210203194618,https://kotaku.com/a-travelers-guide-to-the-best-final-fantasy-worlds-to-l-1846191132,text/html,200,sha1:2OAUACL3AFUJCFDYPM2MM6LMR4N67VXV,60181,562199136,CC-NEWS-20210203191258-00041.warc.gz,02,2021
"com,banglatribune)/715678/%e0%a6%89%e0%a6%96%e0%a6%bf%e0%a7%9f%e0%a6%be%e0%a7%9f-%e0%a6%87%e0%a7%9f%e0%a6%be%e0%a6%ac%e0%a6%be%e0%a6%b8%e0%a6%b9-%e0%a7%a8%e0%a7%ae-%e0%a6%b0%e0%a7%8b%e0%a6%b9%e0%a6%bf%e0%a6%99%e0%a7%8d%e0%a6%97%e0%a6%be-%e0%a6%86%e0%a6%9f%e0%a6%95",20211130125132,https://www.banglatribune.com/715678/%E0%A6%89%E0%A6%96%E0%A6%BF%E0%A7%9F%E0%A6%BE%E0%A7%9F-%E0%A6%87%E0%A7%9F%E0%A6%BE%E0%A6%AC%E0%A6%BE%E0%A6%B8%E0%A6%B9-%E0%A7%A8%E0%A7%AE-%E0%A6%B0%E0%A7%8B%E0%A6%B9%E0%A6%BF%E0%A6%99%E0%A7%8D%E0%A6%97%E0%A6%BE-%E0%A6%86%E0%A6%9F%E0%A6%95,text/html,200,sha1:SRTBREAIOZYJUMH3CBUPFS4SLQY6APEH,56440,1009564946,CC-NEWS-20211130120459-00695.warc.gz,11,2021
"gr,newsit)/politikh/theodoros-skylakakis-proteraiotita-to-eksoikonomo-gia-to-ypourgeio-perivallontos-kai-energeias-egine-i-paradosi-paralavi/3806533",20230627135118,https://www.newsit.gr/politikh/theodoros-skylakakis-proteraiotita-to-eksoikonomo-gia-to-ypourgeio-perivallontos-kai-energeias-egine-i-paradosi-paralavi/3806533/,text/html,200,sha1:SULF6W4ZN4L4T6ZFZK6AQV6Q73FV7EUX,47050,262249999,CC-NEWS-20230627134226-03599.warc.gz,06,2023
"org,wlrn)/2023-06-07/who-will-pay-to-clean-dangerous-pfas-chemicals-out-of-our-water-supplies",20230607191804,https://www.wlrn.org/2023-06-07/who-will-pay-to-clean-dangerous-pfas-chemicals-out-of-our-water-supplies,text/html,200,sha1:OAIQGEH4NL6MQZ2HW5ZFJ666B5CWGFKN,34094,82487832,CC-NEWS-20230607191425-03159.warc.gz,06,2023
"mk,denar)/287460/ekonomija/dali-kineskiot-juan-moze-da-mu-gi-zamrski-koncite-na-dolarot-vo-svetskata-ekonomija",20230611202717,https://denar.mk/287460/ekonomija/dali-kineskiot-juan-moze-da-mu-gi-zamrski-koncite-na-dolarot-vo-svetskata-ekonomija,text/html,200,sha1:M73UDEATK7OYZROSRAUEPAZXRRBKQEBC,57365,794126675,CC-NEWS-20230611192218-03244.warc.gz,06,2023
"org,bceweb)/blue-sky-clouds-dawn-daylight-environment-landscape-mountain",20240411173213,https://bceweb.org/blue-sky-clouds-dawn-daylight-environment-landscape-mountain/,text/html,200,sha1:5CCIHX2OMAVISCPJIQZQS5V2QQFHIJQT,13131,846334193,CC-NEWS-20240411165020-03431.warc.gz,04,2024
"com,reuters,in)/article/us-china-corruption-cosco-idinbre9a701820131108",20170409065139,http://in.reuters.com/article/us-china-corruption-cosco-idINBRE9A701820131108,text/html,200,sha1:IFRKATHDWXJBLB5ZNQHQEU52GZ4LR2HZ,15577,915528814,CC-NEWS-20170408233518-00279.warc.gz,04,2017
"com,milfordmirror)/news/article/corea-del-sur-hong-kong-inician-vacunaci-n-15981289.php",20210226081742,https://www.milfordmirror.com/news/article/Corea-del-Sur-Hong-Kong-inician-vacunaci-n-15981289.php,text/html,200,sha1:RCOLF76Z3MFXYONFRKVNJJC43RA64NE2,20208,897142786,CC-NEWS-20210226070552-00438.warc.gz,02,2021
"com,cienradios,radiomitre)/clima/clima-hoy-domingo-28-noviembre-2021-ciudad-de-villa-carlos-paz",20211128051955,https://radiomitre.cienradios.com/clima/clima-hoy-domingo-28-noviembre-2021-ciudad-de-villa-carlos-paz/,text/html,200,sha1:I577OWHGGGLBYJLWGCVV6QYSWIM5USBB,19235,607958026,CC-NEWS-20211128040211-00653.warc.gz,11,2021
"se,vk)/2023-06-07/lucianoz-far-egen-realityserie",20230607171902,https://www.vk.se/2023-06-07/lucianoz-far-egen-realityserie,text/html,200,sha1:XNC5NANSQMVCR7RGJA6GAS6DBJXZPPQB,4323,479495085,CC-NEWS-20230607165859-03156.warc.gz,06,2023
"ch,finanzen)/nachrichten/aktien/dgap-news-aifinyo-ag-schliesst-kapitalmarktjahr-2021-erfolgreich-mit-12-1-mio-eur-mittelzufluss-ab-1030952723",20211109100653,https://www.finanzen.ch/nachrichten/aktien/dgap-news-aifinyo-ag-schliesst-kapitalmarktjahr-2021-erfolgreich-mit-12-1-mio-eur-mittelzufluss-ab-1030952723,text/html,200,sha1:P64NJKUMBAWPNTNY73J34EUQKBVIRWUT,23748,803972126,CC-NEWS-20211109091500-00260.warc.gz,11,2021
"com,theintelligencer)/sports/article/ap-sources-cowboys-safety-neal-agree-on-5m-16041136.php",20210320203658,https://www.theintelligencer.com/sports/article/AP-sources-Cowboys-safety-Neal-agree-on-5M-16041136.php,text/html,200,sha1:AQ6YZNYDHVMIFBWGZ5KDNYMT6SHSD2OJ,19013,853552894,CC-NEWS-20210320190712-00824.warc.gz,03,2021
"ru,lenta)/news/2023/06/08/zura",20230608203920,https://lenta.ru/news/2023/06/08/zura/,text/html,200,sha1:EEIDMDLJK5ZWRJVSOQXFDDK5LYZFEKKE,98342,379090001,CC-NEWS-20230608201828-03186.warc.gz,06,2023
"com,yenisafak)/ekonomi/bem-bir-senden-kadro-cagrisi-3518121",20191215023636,https://www.yenisafak.com/ekonomi/bem-bir-senden-kadro-cagrisi-3518121,text/html,200,sha1:QKYRHUCDO5OTDBENVOQ4YIETB5HOABW6,28972,714549198,CC-NEWS-20191215000404-02272.warc.gz,12,2019
"it,lagone)/2024/04/04/31-maggio-la-giornata-regionale-per-sorelle-e-fratelli-rari",20240404053938,https://www.lagone.it/2024/04/04/31-maggio-la-giornata-regionale-per-sorelle-e-fratelli-rari/,text/html,200,sha1:NWDCVSSCY4GPMLEBB3LXNLEDIG3JY63E,51685,565494088,CC-NEWS-20240404045613-03288.warc.gz,04,2024
"com,opindia)/2021/03/yashwant-sinha-tmc-subramanian-swamy-netizens-speculations-bjp",20210313141138,https://www.opindia.com/2021/03/yashwant-sinha-tmc-subramanian-swamy-netizens-speculations-bjp/,text/html,200,sha1:F3YEWSZVIRWISZJX576UX4SPJF5E54BE,83790,775528877,CC-NEWS-20210313125903-00701.warc.gz,03,2021
"se,sydostran)/nyheter/apple-varderat-till-3-000-miljarder-dollar",20230630153404,https://www.sydostran.se/nyheter/apple-varderat-till-3-000-miljarder-dollar/,text/html,200,sha1:YINBQYQNMVVC2OTCNIHUNATHVZSQNJ6C,57737,566131566,CC-NEWS-20230630151517-03681.warc.gz,06,2023
"com,irishtimes)/culture/gird-your-loins-it-s-the-fringe-1.4001048?locallinksenabled=false",20190831044130,https://www.irishtimes.com/culture/gird-your-loins-it-s-the-fringe-1.4001048?localLinksEnabled=false,text/html,200,sha1:LPMHTFQKAMWPVF2B7VTWD2IDJWVYSJYX,41021,86335369,CC-NEWS-20190831042902-01058.warc.gz,08,2019
"bg,money)/finance/pazarat-na-zlatoto-se-podkrepya-ot-voynata-v-ukrayna-i-inflatsiyata-v-sasht.html",20220413121622,https://money.bg/finance/pazarat-na-zlatoto-se-podkrepya-ot-voynata-v-ukrayna-i-inflatsiyata-v-sasht.html,text/html,200,sha1:GPDU77ORHD6NKCBRTKNG2TS2D2DVZRSM,29504,1040431106,CC-NEWS-20220413112938-00452.warc.gz,04,2022
"org,wyomingpublicmedia)/2023-06-15/where-to-start-with-country-music-weirdos-souled-american-the-end",20230615195426,https://www.wyomingpublicmedia.org/2023-06-15/where-to-start-with-country-music-weirdos-souled-american-the-end,text/html,200,sha1:4L6FVXMLTBPPWENJR2RXUGIT3IZ36HKO,40529,565137017,CC-NEWS-20230615193313-03343.warc.gz,06,2023
"pk,com,dailypakistan,en)/25-mar-2021/shehbaz-sharif-can-receive-covid-19-vaccine-accountability-court",20210325151156,https://en.dailypakistan.com.pk/25-Mar-2021/shehbaz-sharif-can-receive-covid-19-vaccine-accountability-court,text/html,200,sha1:ZVJRDFVL2A7XP46BASIRD3337CWKA7RQ,14336,304027508,CC-NEWS-20210325145801-00909.warc.gz,03,2021
"net,mezha)/ua/bukvy/ombudsmen-prokomentuvav-cherhovyi-rozstril-ukrainskykh-polonenykh-rosiiskymy-viiskovymy",20240407192503,https://mezha.net/ua/bukvy/ombudsmen-prokomentuvav-cherhovyi-rozstril-ukrainskykh-polonenykh-rosiiskymy-viiskovymy/,text/html,200,sha1:A4EFMR5NJRB2FQD7KTW6FRV6SLZNATVJ,20804,945566872,CC-NEWS-20240407180817-03351.warc.gz,04,2024
"com,themalaymailonline)/sports/article/hamilton-determined-to-avoid-f1-screw-up-in-sochi",20170427070454,http://www.themalaymailonline.com/sports/article/hamilton-determined-to-avoid-f1-screw-up-in-sochi,text/html,200,sha1:CSHTEP43YL4KJ6YAURWOS5Z6IYIBR5YC,12047,925694636,CC-NEWS-20170427013200-00355.warc.gz,04,2017
"com,wjhg)/2021/03/16/eu-drug-agency-no-indication-astrazeneca-shot-caused-clots",20210316145617,https://www.wjhg.com/2021/03/16/eu-drug-agency-no-indication-astrazeneca-shot-caused-clots/,text/html,200,sha1:JYFQSX5F2QFKW76AWRD5GRM3UCJGOEHC,59510,883722210,CC-NEWS-20210316141034-00747.warc.gz,03,2021
"com,wrjc)/news/state-news/will-asks-wisconsin-supreme-court-to-hear-voter-purge-case",20191225025245,http://www.wrjc.com/news/state-news/will-asks-wisconsin-supreme-court-to-hear-voter-purge-case/,text/html,200,sha1:TQYYSI7HQLRTDYLCCPO3NAU26UTRSXX5,6621,323207185,CC-NEWS-20191225013627-00108.warc.gz,12,2019
"ru,gazeta,m)/sport/news/2021/03/16/n_15747032.shtml",20210316205918,https://m.gazeta.ru/sport/news/2021/03/16/n_15747032.shtml,text/html,200,sha1:7CLUOV2BUUKC2KN3X2RUJUU4ELXQNYUB,25520,936313804,CC-NEWS-20210316200052-00753.warc.gz,03,2021
"fr,rcf)/actualite/sport/idee-cadeaux-2-carte-de-peche",20191211171258,https://rcf.fr/actualite/sport/idee-cadeaux-2-carte-de-peche,text/html,200,sha1:PLB53GQDELWDPGM4HJAG4OREJGBNAO4T,15063,783817966,CC-NEWS-20191211161333-02231.warc.gz,12,2019
"com,lainformacion)/asuntos-sociales/familia/pp-puig-marza-admision-plurilinguismo_0_1021698224.html",20170429120801,http://www.lainformacion.com/asuntos-sociales/familia/PP-Puig-Marza-admision-plurilinguismo_0_1021698224.html,text/html,200,sha1:I265RDEC5MSL7WCQD76E5K6HTEGFJOIG,19936,569443837,CC-NEWS-20170429083054-00003.warc.gz,04,2017
"it,lasicilia)/ultimi-aggiornamenti/autonomia-bonafe-pd-giorgetti-conferma-mercimonio-su-riforme-2118415",20240425191116,https://www.lasicilia.it/ultimi-aggiornamenti/autonomia-bonafe-pd-giorgetti-conferma-mercimonio-su-riforme-2118415/,text/html,200,sha1:S5MQ6XQCA3GYYA6YOS5E6JFBLKIZRZUN,107724,335836833,CC-NEWS-20240425185026-03694.warc.gz,04,2024
"nl,accountancyvanmorgen)/2020/11/12/pkf-wallast-eerste-accountantskantoor-met-great-place-to-work-keurmerk",20201113055741,https://www.accountancyvanmorgen.nl/2020/11/12/pkf-wallast-eerste-accountantskantoor-met-great-place-to-work-keurmerk/,text/html,200,sha1:3OZHKAEO6HKTT2UH2L7TBQTFIN75OLMJ,23164,373304951,CC-NEWS-20201113051252-00659.warc.gz,11,2020
"it,sanremonews)/2019/12/17/leggi-notizia/argomenti/eventi-1/articolo/sanremo-dal-22-dicembre-al-5-gennaio-tornera-lo-swing-corner-of-christmas.html",20191217123030,http://www.sanremonews.it/2019/12/17/leggi-notizia/argomenti/eventi-1/articolo/sanremo-dal-22-dicembre-al-5-gennaio-tornera-lo-swing-corner-of-christmas.html,text/html,200,sha1:GZCCAMODDW4O4FBUQPZPAPLHNSWGSGH2,14352,147719558,CC-NEWS-20191217122042-02299.warc.gz,12,2019
"com,nbcconnecticut)/news/national-international/tonight-show-box-of-lies-with-matt-damon/2097622",20191219193202,https://www.nbcconnecticut.com/news/national-international/tonight-show-box-of-lies-with-matt-damon/2097622/,text/html,200,sha1:C26FBVTXSQCFKN3YKFVQY4YYBYQIIKSH,53778,227584289,CC-NEWS-20191219191632-00037.warc.gz,12,2019
"de,nnn)/regionales/newsticker-nord/mehrheitsaktionaer-kuendigt-verkauf-von-hanseyachts-aktien-an-id26665082.html",20191211154220,https://www.nnn.de/regionales/newsticker-nord/mehrheitsaktionaer-kuendigt-verkauf-von-hanseyachts-aktien-an-id26665082.html,text/html,200,sha1:WGJLDYJRLWDDFCLMGGJ5NSTMX4ENHN2C,56629,632539532,CC-NEWS-20191211145655-02230.warc.gz,12,2019
"hu,kisalfold)/kulfold_hirek/legkevesebb_140_katonat_megoltek/2515928",20170422101546,http://www.kisalfold.hu/kulfold_hirek/legkevesebb_140_katonat_megoltek/2515928/,text/html,200,sha1:J3P73D6RDJOWOTLXHMMRBL3OACGVSNXL,21632,955695038,CC-NEWS-20170422033944-00335.warc.gz,04,2017
"br,com,atribunamt)/2019/08/25/o-segredo-dos-melhores-vendedores-do-mundo",20190825083031,https://www.atribunamt.com.br/2019/08/25/o-segredo-dos-melhores-vendedores-do-mundo/,text/html,200,sha1:AFB56VIW6GPMFUC2VPPPZ5ZU7MU7OGEL,38048,829764124,CC-NEWS-20190825055108-00992.warc.gz,08,2019
"ro,cancan)/ce-pensie-incasa-cornelia-catanga-familia-cantaretei-abia-se-descurca-banca-mi-a-luat-casa-20395183",20210329144708,https://www.cancan.ro/ce-pensie-incasa-cornelia-catanga-familia-cantaretei-abia-se-descurca-banca-mi-a-luat-casa-20395183,text/html,200,sha1:6JNHODMU2G324V7DQX5UAFLAVLCNLWSG,29227,74318818,CC-NEWS-20210329144317-00975.warc.gz,03,2021
"gr,tanea)/2020/11/01/greece/naksos-fotia-se-touristiko-skafos-mia-traymatias",20201101160921,https://www.tanea.gr/2020/11/01/greece/naksos-fotia-se-touristiko-skafos-mia-traymatias/,text/html,200,sha1:XBIIETOD5AW5PYLMRT5IKCMS2FVSFSI2,23324,346426672,CC-NEWS-20201101153939-00460.warc.gz,11,2020
"com,wate)/news/gov-lee-lifts-covid-19-restrictions-on-nursing-homes-gives-local-authority-to-extend-mask-mandates-through-april-28",20210226220120,https://www.wate.com/news/gov-lee-lifts-covid-19-restrictions-on-nursing-homes-gives-local-authority-to-extend-mask-mandates-through-april-28/,text/html,200,sha1:FXLVU3GO4NW7M5SPSKOMLAY2CE2Q57XN,64043,840558193,CC-NEWS-20210226205417-00451.warc.gz,02,2021
"io,webcatalog)/nl/apps/prepsus/alternatives",20240417211449,https://webcatalog.io/nl/apps/prepsus/alternatives/,text/html,200,sha1:VARVZWES7UOXC4BBJKGIQISMSAVOS7GZ,40266,631177331,CC-NEWS-20240417203224-03543.warc.gz,04,2024
"com,zeffy)/ticketing/608c04f8-e3bb-4aa9-a2d3-73b8f532f06a",20240425065212,https://www.zeffy.com/ticketing/608c04f8-e3bb-4aa9-a2d3-73b8f532f06a,text/html,200,sha1:VBABE3Z2KQ6YP4USG7ZM73D7CRHINDYL,64853,937014969,CC-NEWS-20240425054258-03681.warc.gz,04,2024
"bg,ruse24)/novini/mejdunarodni/benzinut-v-portugaliya-svurshi-889785",20190812103338,https://www.ruse24.bg/novini/mejdunarodni/Benzinut-v-Portugaliya-svurshi-889785,text/html,200,sha1:ZN6GWYFMDGP2F45SJ7SBXIIXMTWZCK4M,14605,585861739,CC-NEWS-20190812092630-00857.warc.gz,08,2019
"com,wise)/zh-hk/currency-converter/tnd-to-xof-rate?amount=1000",20240430115155,https://wise.com/zh-hk/currency-converter/tnd-to-xof-rate?amount=1000,text/html,200,sha1:5B7VT33EVAOW7ZWDZRKLBNH6W6PY7YY7,61738,841659156,CC-NEWS-20240430110857-03777.warc.gz,04,2024
"com,aba,bankingjournal)/2022/04/occs-hsu-continues-call-for-stablecoin-standards",20220428144239,https://bankingjournal.aba.com/2022/04/occs-hsu-continues-call-for-stablecoin-standards/,text/html,200,sha1:YSMZR4Z6BGW2XI75J6SB6TXCZLLZZQ4X,18078,369706225,CC-NEWS-20220428142714-00765.warc.gz,04,2022
"si,philips)/c-p/shc8800_12/brezzicne-tv-slusalke",20210322103241,https://www.philips.si/c-p/SHC8800_12/brezzicne-tv-slusalke,text/html,200,sha1:ZGPA4GF3DE67WQYCDU7Y5YESFBN76AHQ,39407,392253553,CC-NEWS-20210322100737-00844.warc.gz,03,2021
"com,persoenlich)/kategorie-werbung/wenn-der-teenie-star-einen-manager-braucht",20170404063958,http://www.persoenlich.com/kategorie-werbung/wenn-der-teenie-star-einen-manager-braucht,text/html,200,sha1:JYMPWQC54G4WCBWK7PD6V6JT44PNQVI7,18843,887314101,CC-NEWS-20170404014700-00257.warc.gz,04,2017
"com,dan)/buy-domain/emerald.za.com",20220407063052,https://dan.com/buy-domain/emerald.za.com,text/html,200,sha1:KQBNMU5IV3KH73ARAX3PYPQOB2FIT6IY,13189,847200348,CC-NEWS-20220407053241-00321.warc.gz,04,2022
"com,kait8)/prnewswire/2021/11/29/emd-serono-launches-new-fertility-lifelines-portal-increase-support-access-patients-impacted-by-infertility",20211129145233,https://www.kait8.com/prnewswire/2021/11/29/emd-serono-launches-new-fertility-lifelines-portal-increase-support-access-patients-impacted-by-infertility/,text/html,200,sha1:F5DMZORBWTXNAL5FHPJYLAMZUNCFHT53,43930,43530954,CC-NEWS-20211129145105-00676.warc.gz,11,2021
"com,digitaltrends)/dtdeals/dyson-vacuum-black-friday-deals",20211116153736,https://www.digitaltrends.com/dtdeals/dyson-vacuum-black-friday-deals/,text/html,200,sha1:45IVJVF52QGNT3GSAJ66LQP3L6N74CMT,43405,345175621,CC-NEWS-20211116152642-00415.warc.gz,11,2021
"ru,mirtesen)/dispute/43420191388/shahmatist-nepomnyaschiy-syigral-vnichyu-s-nakamuroy-na-turnire-",20240412164317,https://mirtesen.ru/dispute/43420191388/SHahmatist-Nepomnyaschiy-syigral-vnichyu-s-Nakamuroy-na-turnire-,text/html,200,sha1:STC236FGFJMTGUKLU4MP33TBVDK2FIJ5,17170,801070896,CC-NEWS-20240412155959-03451.warc.gz,04,2024
"news,alwafd)/5322150",20240403185006,https://www.alwafd.news/5322150,text/html,200,sha1:YRZFY3RTLOOZAUDQ7XZCJUBGVKQSBU7P,17286,769469197,CC-NEWS-20240403180612-03280.warc.gz,04,2024
"com,sfchronicle)/sports/article/n-y-islanders-5-buffalo-2-16006116.php",20210306205819,https://www.sfchronicle.com/sports/article/N-Y-Islanders-5-Buffalo-2-16006116.php,text/html,200,sha1:WOHEU5HUNU2T6KPEX62Z4DJ4SD5E5DSA,22244,221197304,CC-NEWS-20210306203406-00584.warc.gz,03,2021
"ie,thesun)/tv/10879943/fair-city-star-wes-doyle-pays-tribute-girlfriend-daughter",20230614140241,https://www.thesun.ie/tv/10879943/fair-city-star-wes-doyle-pays-tribute-girlfriend-daughter/,text/html,200,sha1:YGPGBATWJWMALN5DLCC2PJ4OHW3M5DYH,124093,363084332,CC-NEWS-20230614134632-03308.warc.gz,06,2023
"nl,destentor)/politiek/brussel-werkt-al-aan-vaccinatiebewijs-maar-den-haag-is-er-nog-niet-voor-te-porren~a29adfaf",20210304193034,https://www.destentor.nl/politiek/brussel-werkt-al-aan-vaccinatiebewijs-maar-den-haag-is-er-nog-niet-voor-te-porren~a29adfaf/,text/html,200,sha1:M7543GYX7FJIFOOQ4GBCT5Q2KFSZODGJ,55622,476648794,CC-NEWS-20210304190512-00550.warc.gz,03,2021
"com,cbsnews)/newyork/video/eric-adams-reflects-on-his-first-100-days-as-mayor-of-new-york-city",20220406003342,https://www.cbsnews.com/newyork/video/eric-adams-reflects-on-his-first-100-days-as-mayor-of-new-york-city/,text/html,200,sha1:ILWG6HQVYJE5P2ZQX6D2ZHEPPNZE62NY,51315,1043044075,CC-NEWS-20220405231954-00292.warc.gz,04,2022
"com,internethaber)/vanda-deprem-oldu-iki-kere-sallandi-2221764h.htm",20211127205523,https://www.internethaber.com/vanda-deprem-oldu-iki-kere-sallandi-2221764h.htm,text/html,200,sha1:75A3W7E76KIZQSR4UHRJH4FHCXUGIGO6,22022,653121766,CC-NEWS-20211127195557-00649.warc.gz,11,2021
"net,yenigungazetesi)/sinema-bilet-fiyatlari-2023-cinemaximum-bilet-fiyati",20230615164245,https://www.yenigungazetesi.net/sinema-bilet-fiyatlari-2023-cinemaximum-bilet-fiyati,text/html,200,sha1:56RG3JRWAG3ELCGPP2HKKKN4T7TF3ZHF,24756,78947787,CC-NEWS-20230615164023-03339.warc.gz,06,2023
"ua,dn,novosti)/news/309407-sluzhenye-v-sety-na-donbasse-svyashhennyk-pereshel-v-pcu-poteryal-prykhod-y-nachal-sluzhyt-onlayn",20210305202133,https://novosti.dn.ua/news/309407-sluzhenye-v-sety-na-donbasse-svyashhennyk-pereshel-v-pcu-poteryal-prykhod-y-nachal-sluzhyt-onlayn,text/html,200,sha1:KWJRVFS5KVVLVODB6YLHBKWCAAHHJVBS,16163,62288980,CC-NEWS-20210305201650-00570.warc.gz,03,2021
"it,sicilianews24)/illuminiamo-futuro-palermobimbi-aderisce-alliniziativa-save-the-children-504174.html",20170404183057,http://sicilianews24.it/illuminiamo-futuro-palermobimbi-aderisce-alliniziativa-save-the-children-504174.html,text/html,200,sha1:MBM2YFWXTNN2HLTWF3CVJWDUE6AK62WU,21179,186963836,CC-NEWS-20170404174402-00260.warc.gz,04,2017
"com,registercitizen)/weather/article/us-forecast-15961185.php",20210218225835,https://www.registercitizen.com/weather/article/US-Forecast-15961185.php,text/html,200,sha1:Q57WAH5AM563BVCRCDRVC5L3GEZF3S7L,24414,134910349,CC-NEWS-20210218224944-00310.warc.gz,02,2021
"com,sheltonherald)/sports/article/schwartz-nails-3-at-buzzer-colorado-beats-dayton-14924891.php",20191222030906,https://www.sheltonherald.com/sports/article/Schwartz-nails-3-at-buzzer-Colorado-beats-Dayton-14924891.php,text/html,200,sha1:PFS3UW2XSOT23EJL5FPDEKDNTRZP4IAT,22100,751647194,CC-NEWS-20191222005941-00074.warc.gz,12,2019
"it,vocedimantova)/provincia/asola-ancora-sui-pattini",20191221130648,https://vocedimantova.it/provincia/asola-ancora-sui-pattini/,text/html,200,sha1:S655JKQTCZ4I3MCKM7WZFZXVWCSG6OO6,23935,1059031896,CC-NEWS-20191221110409-00067.warc.gz,12,2019
"com,wkrb13)/2024/04/29/intellectus-partners-llc-buys-14020-shares-of-ares-capital-co-nasdaqarcc.html",20240429153719,https://www.wkrb13.com/2024/04/29/intellectus-partners-llc-buys-14020-shares-of-ares-capital-co-nasdaqarcc.html,text/html,200,sha1:AP6UNSEBLIVLQ6RZSUZ4YXTX4UFSGUSR,17387,927651197,CC-NEWS-20240429144607-03760.warc.gz,04,2024
"ru,life)/p/1586849",20230615151803,https://life.ru/p/1586849,text/html,200,sha1:VE2LQXALLUCSMPN4SOOKDT2SKBDU6FCM,55565,989876247,CC-NEWS-20230615144234-03336.warc.gz,06,2023
"com,nhregister)/news/article/woman-dies-in-car-crash-at-davis-monthan-air-15953927.php",20210216172305,https://www.nhregister.com/news/article/Woman-dies-in-car-crash-at-Davis-Monthan-Air-15953927.php,text/html,200,sha1:S3PDORWB7S2AKQKACYOU3NFNGWI432II,21421,321229055,CC-NEWS-20210216170637-00264.warc.gz,02,2021
"de,saarbruecker-zeitung)/sport/fussball/nationalmannschaft/trotz-ausbootung-trapp-hofft-weiter-auf-em-teilnahme_aid-110792557",20240416133620,https://www.saarbruecker-zeitung.de/sport/fussball/nationalmannschaft/trotz-ausbootung-trapp-hofft-weiter-auf-em-teilnahme_aid-110792557,text/html,200,sha1:OOGYZMXHRTSRP4LO5SM3F3HELUKMH24V,41383,116477835,CC-NEWS-20240416133008-03514.warc.gz,04,2024
"be,rtl,m)/info/1336801",20211110173023,https://m.rtl.be/info/1336801,text/html,200,sha1:KTNRR2EF4TN4MBGDWFHILNUCYZ7Y4RMH,24018,502792712,CC-NEWS-20211110170752-00295.warc.gz,11,2021
"com,haberlerankara)/saglik/minik-bedeni-ona-uzanacak-bir-umudu-bekliyor-h2852396.html",20190803080254,https://www.haberlerankara.com/saglik/minik-bedeni-ona-uzanacak-bir-umudu-bekliyor-h2852396.html,text/html,200,sha1:L6GTABKUOOPW2MPTKJ3FRDMXDOOMDPQX,20330,840007405,CC-NEWS-20190803054534-00767.warc.gz,08,2019
"com,heraldscotland)/news/19742623.jamie-hodgson-incredible-experience-first-scotland-cap-australia-win?ref=rss",20211126020614,https://www.heraldscotland.com/news/19742623.jamie-hodgson-incredible-experience-first-scotland-cap-australia-win/?ref=rss,text/html,200,sha1:LZ4KNSVGHNZYLUZVGMWIJSLK6SO7DE36,39993,46341925,CC-NEWS-20211126020105-00618.warc.gz,11,2021
"com,pcgamer)/au/valve-announce-team-invites-for-the-international-2016",20191217021733,https://www.pcgamer.com/au/valve-announce-team-invites-for-the-international-2016/,text/html,200,sha1:BC7USTXFYVVL4ZCSSAM2GB4LMP7ZGJTJ,36699,1039855744,CC-NEWS-20191216235539-02293.warc.gz,12,2019
"com,nike)/de/a/schweiss-im-unterbrustbereich-was-du-schon-immer-wissen-wolltest",20210325133532,https://www.nike.com/de/a/schweiss-im-unterbrustbereich-was-du-schon-immer-wissen-wolltest,text/html,200,sha1:6J6Q7DDA4ICYHKQK5AJOOU7U2AAXUD2E,114398,538957832,CC-NEWS-20210325130946-00907.warc.gz,03,2021
"com,chosun,news)/site/data/html_dir/2019/08/30/2019083000056.html",20190829165447,http://news.chosun.com/site/data/html_dir/2019/08/30/2019083000056.html,text/html,200,sha1:O6B4XKGQGRF36SYOIGPEB6YUTPTR3DQP,7626,30444320,CC-NEWS-20190829165107-01041.warc.gz,08,2019
"com,reuters,uk)/article/uk-germany-security-idukkcn0vg117",20170411035204,http://uk.reuters.com/article/uk-germany-security-idUKKCN0VG117,text/html,200,sha1:XUG6OYFM723W5IKITOVDBYGTNUA6LTM4,14581,766793325,CC-NEWS-20170410231815-00287.warc.gz,04,2017
"com,indianexpress)/article/india/chinmayanand-case-missing-law-student-found-in-rajasthan-5950684",20190830070931,https://indianexpress.com/article/india/chinmayanand-case-missing-law-student-found-in-rajasthan-5950684/,text/html,200,sha1:J2S5CYJ2UR5PI547Q472NJFWORT4EGP5,53271,650425529,CC-NEWS-20190830055048-01047.warc.gz,08,2019
"com,houstonchronicle)/lottery/article/winning-numbers-drawn-in-poker-lotto-game-17129040.php",20220427010341,https://www.houstonchronicle.com/lottery/article/Winning-numbers-drawn-in-Poker-Lotto-game-17129040.php,text/html,200,sha1:A4M6354VVGBECLS3X6YG7LFQYT3PGR62,22299,513708116,CC-NEWS-20220427002359-00727.warc.gz,04,2022
"com,bbc)/turkce/haberler-turkiye-49492456",20190828034931,https://www.bbc.com/turkce/haberler-turkiye-49492456,text/html,200,sha1:4ERXBJYPKQQPF6NKKGZ42MEWH6TKXEDC,35421,1001021364,CC-NEWS-20190828005434-01020.warc.gz,08,2019
"com,phillyvoice)/eagles-stay-or-go-linebacker-nate-gerry-alex-singleton-tj-edwards-05888",20210206111400,https://www.phillyvoice.com/eagles-stay-or-go-linebacker-nate-gerry-alex-singleton-tj-edwards-05888/,text/html,200,sha1:Y5G7PNU3BLSVMZVEDOVLWZML4Q2MIVNF,21304,502172730,CC-NEWS-20210206102405-00089.warc.gz,02,2021
"ua,com,fakty)/ua/ukraine/20201105-yak-prohodyt-pidrahunok-byuleteniv-u-tsvk-na-mistsevyh-vyborah-2020-onlajn",20201105095158,https://fakty.com.ua/ua/ukraine/20201105-yak-prohodyt-pidrahunok-byuleteniv-u-tsvk-na-mistsevyh-vyborah-2020-onlajn/,text/html,200,sha1:52MNH573XF2JBS6TXPRQA2JJNRSPRJY6,93153,666708769,CC-NEWS-20201105090515-00527.warc.gz,11,2020
"com,reuters,in)/article/singapore-imf-growth-idinkcn0i704t20141018",20170417125136,http://in.reuters.com/article/singapore-imf-growth-idINKCN0I704T20141018,text/html,200,sha1:HWTH3VAUBU7LETVI65TYTSBICDJN2PIE,14602,358303364,CC-NEWS-20170417105854-00313.warc.gz,04,2017
"com,hawaiinewsnow)/prnewswire/2021/11/16/cutting-edge-staffing-firm-skillsetgroup-launches-ventura-county-office",20211116192853,https://www.hawaiinewsnow.com/prnewswire/2021/11/16/cutting-edge-staffing-firm-skillsetgroup-launches-ventura-county-office/,text/html,200,sha1:EATQIJ3FITJFIYMEHYG2IVYNE6PE25AB,44600,872101240,CC-NEWS-20211116184838-00420.warc.gz,11,2021
"jp,co,jomo-news)/ns/2016091801001290/news_zenkoku.html",20160918090134,http://www.jomo-news.co.jp/ns/2016091801001290/news_zenkoku.html,text/html,200,sha1:Z5M7TK2COUTNGRCJP65OYXXFDFZMSCUL,9545,615642191,CC-NEWS-20160917165637-00025.warc.gz,09,2016
"com,laprensagrafica)/internacional/bolsonaro-nombra-nuevos-comandantes-de-las-fuerzas-armadas-tras-salida-masiva-20210331-0036.html",20210331225537,https://www.laprensagrafica.com/internacional/Bolsonaro-nombra-nuevos-comandantes-de-las-Fuerzas-Armadas-tras-salida-masiva-20210331-0036.html,text/html,200,sha1:JVRM4LOAVCJ6LQW3XPOQ7UVUNZRVKTHD,17616,981511476,CC-NEWS-20210331214331-01020.warc.gz,03,2021
"pl,interia,fakty)/swiat/news-paragwaj-gwaltowne-protesty-przeciwko-poprawce-do-konstytucj,nid,2376531",20170401055617,"http://fakty.interia.pl/swiat/news-paragwaj-gwaltowne-protesty-przeciwko-poprawce-do-konstytucj,nId,2376531",text/html,200,sha1:ZD6Y6RPOZWSRPEX4VSFLYD7GDBUKO6D6,27083,40654069,CC-NEWS-20170401053612-00248.warc.gz,04,2017
"com,wtop)/ncaa-basketball/2021/02/good-dogs-20-years-of-covering-westminster-kennel-club-show",20210228093723,https://wtop.com/ncaa-basketball/2021/02/good-dogs-20-years-of-covering-westminster-kennel-club-show/,text/html,200,sha1:5K6EJDHSILLWQPKQ5X5LHRXM3EAM2VAX,32874,562182214,CC-NEWS-20210228083124-00469.warc.gz,02,2021
"com,economist)/weeklyedition/2021-11-06",20211106045405,https://www.economist.com/weeklyedition/2021-11-06,text/html,200,sha1:NMVTNLZHUTBLMKYFTTEHIUSKAEC7JLQ2,42865,808751348,CC-NEWS-20211106032936-00206.warc.gz,11,2021
"ro,oradesibiu)/2020/11/27/vremea-in-weekend-la-sibiu-frig-lapovita-si-e-posibil-sa-si-ninga",20201127142141,https://www.oradesibiu.ro/2020/11/27/vremea-in-weekend-la-sibiu-frig-lapovita-si-e-posibil-sa-si-ninga/,text/html,200,sha1:OAARI7AQSRQZ5WBRN3RCLBHI73D6HKCD,41495,908043730,CC-NEWS-20201127132251-00884.warc.gz,11,2020
"com,topix)/autos/2017/04/even-your-house-isnt-safe-from-ford-mustangs?fromrss=1",20170420175056,http://www.topix.com/autos/2017/04/even-your-house-isnt-safe-from-ford-mustangs?fromrss=1,text/html,200,sha1:2HWLVS5Q7JHWI2AEO2RUYUVSEDSVCFV5,25209,500882767,CC-NEWS-20170420160338-00328.warc.gz,04,2017
"se,arbetarbladet)/logga-in/sandvikens-storsta-butik-utan-postutlamning-ville-verkligen-bli-ombud-men-fick-inte",20201129074553,https://www.arbetarbladet.se/logga-in/sandvikens-storsta-butik-utan-postutlamning-ville-verkligen-bli-ombud-men-fick-inte,text/html,200,sha1:IDF2DJ4ZADW44YZGNQITROFZMUXTUNXA,24815,663669430,CC-NEWS-20201129061021-00906.warc.gz,11,2020
"it,strill)/sport-news/2023/06/reggina-parla-saladini-ecco-perche-esco-di-scena-vendo-solo-a-interlocutori-seri-che-possono-fare-grande-questo-club",20230625132115,https://www.strill.it/sport-news/2023/06/reggina-parla-saladini-ecco-perche-esco-di-scena-vendo-solo-a-interlocutori-seri-che-possono-fare-grande-questo-club/,text/html,200,sha1:NYUE6QRIICF4KNFXMN476ERSYI22ZULR,22216,1007626146,CC-NEWS-20230625120407-03555.warc.gz,06,2023
"com,actionnews5)/prnewswire/2022/04/15/yonder-selects-dack-guest-experience-partner",20220415203417,https://www.actionnews5.com/prnewswire/2022/04/15/yonder-selects-dack-guest-experience-partner/,text/html,200,sha1:AP4NAO4P4CYE7R7FAAYI6DXSWUQUE2FH,40993,159228364,CC-NEWS-20220415202527-00507.warc.gz,04,2022
"com,atvbl)/vijesti/bih/majkic-godisnji-plan-nece-biti-upucen-u-brisel-8-8-2019",20190808100336,https://www.atvbl.com/vijesti/bih/majkic-godisnji-plan-nece-biti-upucen-u-brisel-8-8-2019,text/html,200,sha1:YU6FYWQBZPYF24XH3TKF2DR3UGQA325M,36441,1062687120,CC-NEWS-20190808082139-00818.warc.gz,08,2019
"md,yam,news)/ro/story/15065146",20240403081205,https://news.yam.md/ro/story/15065146,text/html,200,sha1:XKKNIRMYLAZKFNTJ5ZF24P7JVLJFECL4,17886,819040506,CC-NEWS-20240403072638-03269.warc.gz,04,2024
"com,haberler,m)/36-gunluk-asel-bebek-icin-ailesi-cumhurbaskani-12361812-haberi",20190826093404,https://m.haberler.com/36-gunluk-asel-bebek-icin-ailesi-cumhurbaskani-12361812-haberi/,text/html,200,sha1:VKK4IWXCWG2QH7ITZRDIEJFRUE54KXLM,21448,1015941562,CC-NEWS-20190826073218-01000.warc.gz,08,2019
"com,taipeitimes)/news/world/archives/2021/02/23/2003752728",20210222173621,https://www.taipeitimes.com/News/world/archives/2021/02/23/2003752728,text/html,200,sha1:6KHKBXDJV3BY6RFPX3J3HXIGE7XBFK6U,12081,559318821,CC-NEWS-20210222170311-00369.warc.gz,02,2021
"no,lister24)/meninger/leserinnlegg/i/8qwmqr/fosterhjem-fortjener-bedre",20240426220442,https://www.lister24.no/meninger/leserinnlegg/i/8qwmQr/fosterhjem-fortjener-bedre,text/html,200,sha1:HO4XYAGPODVRSECQ3UBA4JVQFASU66GH,25319,847997482,CC-NEWS-20240426210311-03716.warc.gz,04,2024
"mx,com,publimetro)/mx/noticias/2020/11/12/espanar-unido-gonzalez-laya-aborda-con-su-colega-britanico-el-brexit-y-gibraltar-y-anuncia-un-proximo-viaje-a-londres.html",20201113000924,https://www.publimetro.com.mx/mx/noticias/2020/11/12/espanar-unido-gonzalez-laya-aborda-con-su-colega-britanico-el-brexit-y-gibraltar-y-anuncia-un-proximo-viaje-a-londres.html,text/html,200,sha1:SQTIYBAEINU3VWIA7DPNDEUGNJMYCY4U,15169,308802299,CC-NEWS-20201112234418-00656.warc.gz,11,2020
"com,ksnt)/sports/felt-like-flying-liensberger-topples-shiffrin",20210221043528,https://www.ksnt.com/sports/felt-like-flying-liensberger-topples-shiffrin/,text/html,200,sha1:5JTTGCJC674AARJZACSH6JQH2SO4TRKU,54692,464075936,CC-NEWS-20210221032907-00346.warc.gz,02,2021
"no,vestlandsnytt)/sport/i/63wlno/linn-iren-okkelberg-scoret-hattrick-mot-remyra-2",20240423213756,https://www.vestlandsnytt.no/sport/i/63wLno/linn-iren-okkelberg-scoret-hattrick-mot-remyra-2,text/html,200,sha1:ZXIU6TEQVYGSCZF2EVZY3ZIG7ZZSJFKM,16659,378243659,CC-NEWS-20240423211138-03655.warc.gz,04,2024
"com,si)/college/michiganstate/football/the-state-of-michigan-state-football-post-maryland",20191205154051,https://www.si.com/college/michiganstate/football/the-state-of-michigan-state-football-post-maryland,text/html,200,sha1:ZH7RWILMHG7P5ZOHPLOUJ67F4J54IM6J,61285,301463340,CC-NEWS-20191205151928-02162.warc.gz,12,2019
"ch,cash)/news/boersenticker-ausland/us-anleihen-legen-deutlich-zu-1852280",20211109202355,https://www.cash.ch/news/boersenticker-ausland/us-anleihen-legen-deutlich-zu-1852280,text/html,200,sha1:XVK2ZRMDMPRJ54WVO5H7YCU7BWMDWNM4,18897,993728010,CC-NEWS-20211109193323-00273.warc.gz,11,2021
"com,federalnewsnetwork)/government-news/2022/04/virginia-wind-farm-job-claims-questioned-by-state-regulators",20220425230956,https://federalnewsnetwork.com/government-news/2022/04/virginia-wind-farm-job-claims-questioned-by-state-regulators/,text/html,200,sha1:NWKNP2IHSVEKEWTZALEGPETNSC6R6KKJ,36866,1022982515,CC-NEWS-20220425220358-00702.warc.gz,04,2022
"uk,co,thetimes)/article/atticus-tds-lets-go-but-sean-haughey-s-holds-on-with-property-and-pfizer-shares-66707f3tf",20210307003746,https://www.thetimes.co.uk/article/atticus-tds-lets-go-but-sean-haughey-s-holds-on-with-property-and-pfizer-shares-66707f3tf,text/html,200,sha1:CFZV6RGSHKELS3XDGUYDR5TTHKMJCPWR,50446,1044858690,CC-NEWS-20210306223840-00585.warc.gz,03,2021
"com,reuters)/article/us-saudi-aramco-stocks-breakingviews/breakingviews-aramcos-next-stop-will-be-bond-not-stock-market-iduskbn1ym1vc",20191218185928,https://www.reuters.com/article/us-saudi-aramco-stocks-breakingviews/breakingviews-aramcos-next-stop-will-be-bond-not-stock-market-idUSKBN1YM1VC,text/html,200,sha1:YF3XXCR5OG4GKBSJZQ546TAF4RWYX3GP,59640,382785690,CC-NEWS-20191218184254-00010.warc.gz,12,2019
"com,nbc4i)/2017/04/22/austin-texas-pre-schooler-reportedly-raped-police-say-case-was-mishandled",20170422103424,http://nbc4i.com/2017/04/22/austin-texas-pre-schooler-reportedly-raped-police-say-case-was-mishandled/,text/html,200,sha1:AO7OLWB3LVGPGPGJBKSXT5AXQFGZHHSE,28907,1007939418,CC-NEWS-20170422033944-00335.warc.gz,04,2017
"de,abendblatt)/politik/ausland/article231548131/biden-dosen-fuer-300-millionen-corona-impfungen-bis-juli.html",20210212042622,https://www.abendblatt.de/politik/ausland/article231548131/Biden-Dosen-fuer-300-Millionen-Corona-Impfungen-bis-Juli.html,text/html,200,sha1:XCX55EO2NW2E254FGM33T5ELXNEC6YYE,97441,370534236,CC-NEWS-20210212034016-00190.warc.gz,02,2021
"de,aktiencheck)/kolumnen/artikel-dax_ueberkauft-12538063",20210203155803,http://www.aktiencheck.de/kolumnen/Artikel-DAX_Ueberkauft-12538063,text/html,200,sha1:UVRVVZBV6DNYXQKGAHR24DJFEAFJEEX7,20084,557545971,CC-NEWS-20210203152856-00037.warc.gz,02,2021
"kr,co,shinailbo)/news/articleview.html?idxno=571836",20170417064311,http://www.shinailbo.co.kr/news/articleView.html?idxno=571836,text/html,200,sha1:4MZDUNVGYMEODRUO6Q2XPDI6KHRIP3G5,16747,398297194,CC-NEWS-20170417032608-00312.warc.gz,04,2017
"com,weeklywall)/magnetic-powder-cores-market-outlook-development-factors-latest-opportunities-and-forecast-2027-magnetics-csc-changsung-corp-poco-magnetic",20210302183737,https://weeklywall.com/magnetic-powder-cores-market-outlook-development-factors-latest-opportunities-and-forecast-2027-magnetics-csc-changsung-corp-poco-magnetic/,text/html,200,sha1:WJB2KRSK5L3RPFO5RKHVRFPXDUFJGZ6U,10929,795234042,CC-NEWS-20210302175209-00509.warc.gz,03,2021
"at,tip-online)/news/49629/celebrity-cruises-neues-flaggschiff-sticht-in-see",20220428120149,https://www.tip-online.at/news/49629/celebrity-cruises-neues-flaggschiff-sticht-in-see,text/html,200,sha1:3OM3Q3YOCAA3MDIH5BMSJMBZC6OK3AR2,9629,851725972,CC-NEWS-20220428112219-00761.warc.gz,04,2022
"ru,gol)/matches/758038/squads",20201101201825,https://gol.ru/matches/758038/squads,text/html,200,sha1:JW6PPTTIEWB674NKA6JHNOCX7G7FJSO6,8012,39432027,CC-NEWS-20201101201456-00463.warc.gz,11,2020
"no,vol)/pluss/2020/11/05/%e2%80%93-vi-er-like-frustrert-som-alle-andre-over-m%c3%b8rke-gatelys-22941287.ece",20201107092557,https://www.vol.no/pluss/2020/11/05/%E2%80%93-Vi-er-like-frustrert-som-alle-andre-over-m%C3%B8rke-gatelys-22941287.ece,text/html,200,sha1:BMHRHQVWMIG3EQW32QWCJNWADHLHWYLV,8650,756539603,CC-NEWS-20201107080206-00563.warc.gz,11,2020
"com,haberler)/hocali-katliami-tanigi-yasadiklarini-gozyaslari-9552383-haberi",20170427204853,http://www.haberler.com/hocali-katliami-tanigi-yasadiklarini-gozyaslari-9552383-haberi/,text/html,200,sha1:ZC5FVXNBK4OLQ6JRV3E726STHNEFJHOU,27047,31245256,CC-NEWS-20170427204305-00359.warc.gz,04,2017
"il,co,news1)/pageload.aspx?adid=8584&pageurl=archive/001-d-420608-00.html",20191214202418,https://www.news1.co.il/PageLoad.aspx?adid=8584&pageUrl=Archive/001-D-420608-00.html,text/html,200,sha1:XXC6L32LH2YHR4ECY5HL4H24IAJEP3WZ,2482,763141365,CC-NEWS-20191214184504-02270.warc.gz,12,2019
"com,myjournalcourier)/news/article/who-study-finds-1-in-3-women-face-physical-16011849.php",20210309172259,https://www.myjournalcourier.com/news/article/WHO-study-finds-1-in-3-women-face-physical-16011849.php,text/html,200,sha1:JAEAEHV4KQFURR57VC4JFDCUKXQTATTC,19214,145270596,CC-NEWS-20210309171620-00628.warc.gz,03,2021
"net,consequenceofsound)/2020/11/album-review-elvis-costello-hey-clockface",20201103182305,https://consequenceofsound.net/2020/11/album-review-elvis-costello-hey-clockface/,text/html,200,sha1:PEYLY4U34NUC5SU6TMFSCM3T3ZHVETDE,55005,1065753467,CC-NEWS-20201103171903-00495.warc.gz,11,2020
"ch,24heures)/monde/l-auteur-de-lattaque-de-la-mosquee-passe-aux-aveux/story/28530443",20190816211140,https://www.24heures.ch/monde/L-auteur-de-lattaque-de-la-mosquee-passe-aux-aveux/story/28530443,text/html,200,sha1:KUK363ZFINSRZ5DXJJP4BMSJBGFNZMKE,30223,735109550,CC-NEWS-20190816193815-00906.warc.gz,08,2019
"com,diepresse)/6120535/eu-finanzminister-beratschlagen-immense-teuerung?from=rss",20220403114127,https://www.diepresse.com/6120535/eu-finanzminister-beratschlagen-immense-teuerung?from=rss,text/html,200,sha1:MNZ7W43S3ZVP37VYJP5GVDPQ7NALWWOM,20350,780023798,CC-NEWS-20220403103956-00237.warc.gz,04,2022
"br,com,estadao)/internacional/cadaveres-de-410-civis-ucranianos-foram-encontrados-nos-arredores-de-kiev-diz-governo",20220404030639,https://www.estadao.com.br/internacional/cadaveres-de-410-civis-ucranianos-foram-encontrados-nos-arredores-de-kiev-diz-governo/,text/html,200,sha1:UBYKSYH6IABKQ5ZHOXDNOX467VTSE3C3,78173,432692052,CC-NEWS-20220404021239-00247.warc.gz,04,2022
"md,aif)/v-kaushanah-dvoe-vypivshih-prijatelej-do-smerti-zabili-podrostka",20201104113823,https://aif.md/v-kaushanah-dvoe-vypivshih-prijatelej-do-smerti-zabili-podrostka/,text/html,200,sha1:LR56G3EWPTPHORWOGEYF6UMIQ5GPLVTO,23481,827252416,CC-NEWS-20201104104859-00509.warc.gz,11,2020
"it,repubblica,bari)/cronaca/2017/04/11/news/il_martedi_speciale_quattro_pagine_cultura_spettacoli_quotidiano_in_edicola-162714016?rss",20170411131657,http://bari.repubblica.it/cronaca/2017/04/11/news/il_martedi_speciale_quattro_pagine_cultura_spettacoli_quotidiano_in_edicola-162714016/?rss,text/html,200,sha1:LXKCC26XKKTQRW4TVTKECHOLEEYMJ6NO,13422,718941740,CC-NEWS-20170411102310-00289.warc.gz,04,2017
"com,wise)/vn/currency-converter/mvr-to-aud-rate?amount=10000",20240417205243,https://wise.com/vn/currency-converter/mvr-to-aud-rate?amount=10000,text/html,200,sha1:ZPQELN2DQPETU35ETO7C4ROANIG4VZVJ,62759,316903557,CC-NEWS-20240417203224-03543.warc.gz,04,2024
"com,baltimoresun)/opinion/editorial/bs-ed-1113-saturday-editorial-cartoon-20211113-gbsglfy6kzaj7ibpsteghqvnza-story.html",20211113163437,https://www.baltimoresun.com/opinion/editorial/bs-ed-1113-saturday-editorial-cartoon-20211113-gbsglfy6kzaj7ibpsteghqvnza-story.html,text/html,200,sha1:KAUVQRFFW7VZQ24JRY2JXTCQXXUSFBPM,73221,809820909,CC-NEWS-20211113153847-00359.warc.gz,11,2021
"com,reuters,cn)/article/idcnl3s0do1s920130514",20170414090437,http://cn.reuters.com/article/idCNL3S0DO1S920130514,text/html,200,sha1:CRS33OFZBOV2BCSHMLZ56M6CGCC7W2AG,15327,1048044968,CC-NEWS-20170414020247-00302.warc.gz,04,2017
"ru,niann)/?id=504217",20170221095130,http://www.niann.ru/?id=504217,text/html,200,sha1:BSVCEDKMDPAHWSV4R2DP2JR5UK6TB3A6,10766,624040325,CC-NEWS-20170221062835-00093.warc.gz,02,2017
"gr,insider)/agores/149513/sto-0656-i-apodosi-toy-dekaetoys-omologoy-stis-121-monades-basis-spread",20201118194927,https://www.insider.gr/agores/149513/sto-0656-i-apodosi-toy-dekaetoys-omologoy-stis-121-monades-basis-spread,text/html,200,sha1:4MKEETV5VLPOTFEQZUTVZ7EEFFN5TOAT,22036,168239819,CC-NEWS-20201118193758-00745.warc.gz,11,2020
"fr,lefigaro,immobilier)/annonces/annonce-67376282.html",20240424053830,https://immobilier.lefigaro.fr/annonces/annonce-67376282.html,text/html,200,sha1:PKBBRVEZ5VAYL6ZUA5YMGARFEBD2X2GM,147130,503236262,CC-NEWS-20240424050631-03660.warc.gz,04,2024
"uk,co,glamourmagazine)/article/lady-gaga-just-shared-stunning-makeup-free-selfies-to-sell-you-makeup",20230609193804,https://www.glamourmagazine.co.uk/article/lady-gaga-just-shared-stunning-makeup-free-selfies-to-sell-you-makeup,text/html,200,sha1:HJ4BVATVFYLEPY7UWCBCJUTOF2LICDDI,140214,67229341,CC-NEWS-20230609193431-03210.warc.gz,06,2023
"com,emaratalyoum)/travel/domestic/2019-08-01-1.1238591",20190801130617,https://www.emaratalyoum.com/travel/domestic/2019-08-01-1.1238591,text/html,200,sha1:KF52YECLHT5DJSPPHAFTCDU7IGNAH6VX,13567,437918326,CC-NEWS-20190801122741-00747.warc.gz,08,2019
"fr,telez)/guide-tv/quizzine-piwi-54/705586951-quizzine-piwi-54",20201101060556,https://www.telez.fr/guide-tv/quizzine-piwi-54/705586951-quizzine-piwi-54/,text/html,200,sha1:7JPWXC74EYIPVVFUPS4A2UAMPCNEDX4T,32851,698266494,CC-NEWS-20201101042332-00454.warc.gz,11,2020
"no,smp)/lokalfotballen/i/jqgjdx/herd-2-fortsatte-seiersrekken",20230604152812,https://www.smp.no/lokalfotballen/i/JQGJdX/herd-2-fortsatte-seiersrekken,text/html,200,sha1:ZYPIZIVZ2HQOVWGTMKKILHPY5KXOOWXO,31458,982657960,CC-NEWS-20230604142459-03082.warc.gz,06,2023
"se,vk)/2020-11-15/tung-forlust-for-iksu-volley-borta-mot-engelholm",20201115190906,https://www.vk.se/2020-11-15/tung-forlust-for-iksu-volley-borta-mot-engelholm,text/html,200,sha1:BQLXAOWSRBRGRVEHOH3Y6ZWBF6OIXFMR,3417,1056905709,CC-NEWS-20201115171959-00693.warc.gz,11,2020
"org,familio)/persons/25fbcc12-8566-4a43-aef9-1d3e10d58c47",20240428125444,https://familio.org/persons/25fbcc12-8566-4a43-aef9-1d3e10d58c47,text/html,200,sha1:L7MIWCLHW4PLWPWP3QJN4H3AUVI2ZIVO,16340,912818265,CC-NEWS-20240428113204-03740.warc.gz,04,2024
"ru,riafan)/region/klg/1343057-voditel-bmw-sel-za-rul-posle-insulta-i-vletel-v-most-v-kaliningrade",20201127110616,https://riafan.ru/region/klg/1343057-voditel-bmw-sel-za-rul-posle-insulta-i-vletel-v-most-v-kaliningrade,text/html,200,sha1:6OPKQ6JXANLYE7WOS6SIHZFCQAMDFZRD,45402,142454217,CC-NEWS-20201127105619-00882.warc.gz,11,2020
"kr,co,seoul)/news/newsview.php?id=20201120500040",20201120041359,https://www.seoul.co.kr/news/newsView.php?id=20201120500040,text/html,200,sha1:IM37G6ADHVDUBUXO73ORMMLWYIY6GM35,23135,1001129239,CC-NEWS-20201120020858-00768.warc.gz,11,2020
"com,syracuse)/living/2021/02/dear-abby-story-of-wrongful-conviction-is-shared-without-permission.html",20210220114403,https://www.syracuse.com/living/2021/02/dear-abby-story-of-wrongful-conviction-is-shared-without-permission.html,text/html,200,sha1:AXZBUPV3EGUIDKAAQJBDOFPROK6NX44U,26547,906165592,CC-NEWS-20210220102747-00336.warc.gz,02,2021
"cl,df)/noticias/mercados/bolsa-monedas/wall-street-cierra-al-alza-ante-positivas-cifras-de-consumo-y-el-dolar/2019-08-15/104801.html",20190816032233,https://www.df.cl/noticias/mercados/bolsa-monedas/wall-street-cierra-al-alza-ante-positivas-cifras-de-consumo-y-el-dolar/2019-08-15/104801.html,text/html,200,sha1:VOHULT74X6WKCJFJXLUIMGRAZDSOCFR2,21230,33951331,CC-NEWS-20190816031640-00898.warc.gz,08,2019
"com,law360)/articles/1353073/insurer-urges-uk-top-court-to-overturn-pub-death-liability",20210208203726,https://www.law360.com/articles/1353073/insurer-urges-uk-top-court-to-overturn-pub-death-liability,text/html,200,sha1:P6GWEI3ETFLVL2L5X5SVFKBIHJD6776J,26347,63167842,CC-NEWS-20210208203324-00124.warc.gz,02,2021
"ee,delfi,rus)/daily/business/severnyj-potok-2-podhody-berlina-varshavy-i-kieva?id=77827412&utm_campaign=feed:+rusdelfinews+(delfi+-+rus+delfi+news)&utm_medium=feed&utm_source=feedburner",20170408103459,http://rus.delfi.ee/daily/business/severnyj-potok-2-podhody-berlina-varshavy-i-kieva?id=77827412&utm_source=feedburner&utm_medium=feed&utm_campaign=Feed%3A+rusdelfinews+%28DELFI+-+RUS+DELFI+news%29,text/html,200,sha1:XR23F2IXCMFOFWN7N7HQCZM3RUJKU3MC,23118,46756589,CC-NEWS-20170408101232-00277.warc.gz,04,2017
"org,familio)/persons/cac015f9-80fd-441c-b30b-d7aedf385663",20240430141750,https://familio.org/persons/cac015f9-80fd-441c-b30b-d7aedf385663,text/html,200,sha1:LC5WJVDPFZ3V5JKA4EXEVZAGVHG4BIOH,13879,526460548,CC-NEWS-20240430135051-03780.warc.gz,04,2024
"fr,lefigaro,sport24)/football/ligue-1/fil-info/lyon-garcia-veut-preserver-la-dynamique-pour-regarder-vers-le-haut-1023878",20201129160414,https://sport24.lefigaro.fr/football/ligue-1/fil-info/lyon-garcia-veut-preserver-la-dynamique-pour-regarder-vers-le-haut-1023878,text/html,200,sha1:OYJF5HCNWLWURBCU54IRUJNNUQKBOEIQ,21666,29907724,CC-NEWS-20201129160214-00911.warc.gz,11,2020
"com,chosun)/sports/sports_photo/2021/11/10/ys6qk2q4v4h5wsll2uz72lsw6i",20211110114135,https://www.chosun.com/sports/sports_photo/2021/11/10/YS6QK2Q4V4H5WSLL2UZ72LSW6I/,text/html,200,sha1:IZPCFULHI6BPPUDCHK5U7ANG5WOY5T3U,40622,572169143,CC-NEWS-20211110111603-00287.warc.gz,11,2021
"com,eagletribune)/region/brightmark-recognizes-america-recycles-day-with-landmark-recycling-milestone/article_46c9bcde-6dee-52eb-b0bb-603a4b57c912.html",20211115145817,https://www.eagletribune.com/region/brightmark-recognizes-america-recycles-day-with-landmark-recycling-milestone/article_46c9bcde-6dee-52eb-b0bb-603a4b57c912.html,text/html,200,sha1:AVYHCSINB4XIIPXGO6ICI2TH2RLRTGXT,42199,168491937,CC-NEWS-20211115145148-00390.warc.gz,11,2021
"com,reuters)/article/canada-stocks/canada-stocks-materials-push-tsx-higher-idusl4n2k744m",20210201172835,https://www.reuters.com/article/canada-stocks/canada-stocks-materials-push-tsx-higher-idUSL4N2K744M,text/html,200,sha1:66COSZD6DUOEKNPPVIVXIYVHLKUNC6IX,58323,927577807,CC-NEWS-20210201165318-00000.warc.gz,02,2021
"de,maclife)/news/game-thrones-erweiterte-version-des-bestsellers-exklusiv-ibooks-store-10083102.html",20160929161019,http://www.maclife.de/news/game-thrones-erweiterte-version-des-bestsellers-exklusiv-ibooks-store-10083102.html,text/html,200,sha1:RYZBJHDODGU62H6RMJ5XJIYMZH2YRSEC,33054,300930897,CC-NEWS-20160929101044-00004.warc.gz,09,2016
"com,packagingnews24)/oncology-small-molecule-drugs-market-will-reflect-significant-growth-prospects-during-2017-to-2026",20210330004644,https://www.packagingnews24.com/oncology-small-molecule-drugs-market-will-reflect-significant-growth-prospects-during-2017-to-2026/,text/html,200,sha1:UYS6AV3THWQVNXRP7XDTMNZXVSD6W6OR,13534,200133196,CC-NEWS-20210330002400-00983.warc.gz,03,2021
"net,estrategiaynegocios)/ocio/volvera-schwarzenegger-a-netflix-para-una-segunda-temporada-de-la-serie-fubar-fn13782575",20230608132533,https://www.estrategiaynegocios.net/ocio/volvera-schwarzenegger-a-netflix-para-una-segunda-temporada-de-la-serie-fubar-FN13782575,text/html,200,sha1:ARI6R2I5CQYBAJ5SFHUJ7TMTGJCNL2C2,46247,579022660,CC-NEWS-20230608130105-03176.warc.gz,06,2023
"fi,karjalainen)/uutiset/uutis-alueet/maakunta/item/118005-ala-rupea-risu-ukoksi-muista-puutarhajatteiden-oikeaoppinen-havittaminen",20160927114733,http://www.karjalainen.fi/uutiset/uutis-alueet/maakunta/item/118005-ala-rupea-risu-ukoksi-muista-puutarhajatteiden-oikeaoppinen-havittaminen,text/html,200,sha1:OVLISHAVL4TT6DTJFDQTB5C62RVNXK7A,26212,239236026,CC-NEWS-20160927074341-00000.warc.gz,09,2016
"fr,estrepublicain)/france-monde/2019/12/09/qui-sont-ces-djihadistes-que-la-turquie-expulse-vers-la-france",20191209183800,https://www.estrepublicain.fr/france-monde/2019/12/09/qui-sont-ces-djihadistes-que-la-turquie-expulse-vers-la-france,text/html,200,sha1:AS4LDOSTJDI7KN42OSKCOGWV6ZSUYZ2H,43585,792033597,CC-NEWS-20191209172751-02205.warc.gz,12,2019
"ie,midwestradio)/index.php/news/43309-ballaghadereen-man-awarded-for-his-contribution-to-the-irish-whiskey-industry",20201130210837,https://www.midwestradio.ie/index.php/news/43309-ballaghadereen-man-awarded-for-his-contribution-to-the-irish-whiskey-industry,text/html,200,sha1:JLGYYNGBOHDGR5TDGXEEEMHNNFKWM6TF,69028,26210176,CC-NEWS-20201130210625-00942.warc.gz,11,2020
"it,milannews)/news/sacchi-pioli-non-credeva-nel-gioco-in-questi-anni-e-diventato-uno-stratega-532288",20240417133100,https://www.milannews.it/news/sacchi-pioli-non-credeva-nel-gioco-in-questi-anni-e-diventato-uno-stratega-532288,text/html,200,sha1:QFU3ABKKSPROFCZL2IVGOVWS5YCGAPG7,21934,443492295,CC-NEWS-20240417130843-03535.warc.gz,04,2024
"es,rtve)/television/20230609/aron-piper-problemas-depresion-biografia-omander-silencio/2447196.shtml",20230609075147,https://www.rtve.es/television/20230609/aron-piper-problemas-depresion-biografia-omander-silencio/2447196.shtml,text/html,200,sha1:MLV6ZV6GFK766ISKUKQVTIQV6H7RJ472,14329,462967443,CC-NEWS-20230609072128-03195.warc.gz,06,2023
"it,multiplayer)/notizie/videogiochi-italia-2023-ricavi-hanno-superato-2-3-miliardi-euro-dati-iidea.html",20240418101059,https://multiplayer.it/notizie/videogiochi-italia-2023-ricavi-hanno-superato-2-3-miliardi-euro-dati-iidea.html,text/html,200,sha1:IUBAYFFRVTYZEZ2GCMJ7WOG56LKKMVWQ,75506,466408036,CC-NEWS-20240418094532-03553.warc.gz,04,2024
"net,slideshare)/skunkkaka/ebook-pdf-heroes-rascals-of-old-oregon-offbeat-oregon-history-volume-1-free-acces",20201113175546,https://www.slideshare.net/Skunkkaka/ebook-pdf-heroes-rascals-of-old-oregon-offbeat-oregon-history-volume-1-free-acces,text/html,200,sha1:4HKQ5FR3VN7XZNUW6QVYLEKU4ACGR5BR,30908,407517672,CC-NEWS-20201113173017-00669.warc.gz,11,2020
"com,greenwichtime)/news/article/public-comment-sought-on-wva-water-company-rate-16601683.php",20211108101143,https://www.greenwichtime.com/news/article/Public-comment-sought-on-WVa-water-company-rate-16601683.php,text/html,200,sha1:AXNUSGAQNNWTBXXPD4OCFRPLYBNGRU77,24459,1063104245,CC-NEWS-20211108085517-00237.warc.gz,11,2021
"com,ycombinator,news)/item?id=14075741",20170426094113,https://news.ycombinator.com/item?id=14075741,text/html,200,sha1:WJDTLWXONIVKK4PSCOA3PB6FAI2IRDLO,2081,545817999,CC-NEWS-20170426071124-00351.warc.gz,04,2017
"net,rusjev)/2020/11/20/dietolog-nazval-osnovnuyu-opasnost-mandarinov-dlya-lyudej",20201120164728,http://rusjev.net/2020/11/20/dietolog-nazval-osnovnuyu-opasnost-mandarinov-dlya-lyudej/,text/html,200,sha1:BV7OTGVQONBEAH6IEMRQKWTA4J662BBX,16645,139486304,CC-NEWS-20201120163922-00779.warc.gz,11,2020
"com,wkbn)/my-valley-tributes/conley-vanden-berg-funeral-home/charles-clinton-peavy-jr-youngstown-ohio",20191231180133,https://www.wkbn.com/my-valley-tributes/conley-vanden-berg-funeral-home/charles-clinton-peavy-jr-youngstown-ohio/,text/html,200,sha1:44BMC5HY6BV4QXFGMU3OTHDEK4S5EBYM,28210,124090630,CC-NEWS-20191231175021-00184.warc.gz,12,2019
"az,report)/diger-olkeler/makron-ukraynaya-sefer-etmeye-hazir-oldugunu-bildirib",20220411200814,https://report.az/diger-olkeler/makron-ukraynaya-sefer-etmeye-hazir-oldugunu-bildirib/,text/html,200,sha1:ASNJYQ2ZGBL4VT5FYYWYKBTPRPUOTZX3,9449,454188573,CC-NEWS-20220411194232-00415.warc.gz,04,2022
"de,swr)/swr2/leben-und-gesellschaft/endlich-wieder-schule-104.html",20210226062611,https://www.swr.de/swr2/leben-und-gesellschaft/endlich-wieder-schule-104.html,text/html,200,sha1:ECGZN6JESCYX2BREPAAVTB5QVHL2NQR7,33137,601036851,CC-NEWS-20210226053000-00437.warc.gz,02,2021
"com,elwatannews)/news/details/6057961",20220424132831,https://www.elwatannews.com/news/details/6057961,text/html,200,sha1:R2YO2LQKUVA6X76TI2WTQRSXH2IFXKAS,65121,331822824,CC-NEWS-20220424130000-00675.warc.gz,04,2022
"ir,isna)/news/99090100774/%d8%b1%d9%88%d9%86%d9%85%d8%a7%db%8c%db%8c-%d8%a7%d8%b2-%d8%b3%d8%a7%d9%85%d8%a7%d9%86%d9%87-%d8%a7%db%8c-%da%a9%d9%87-%d8%a8%d8%a7%d8%b2%d8%a7%d8%b1%d9%87%d8%a7%db%8c-%d8%ac%d8%af%db%8c%d8%af%db%8c-%d8%a8%d8%b1%d8%a7%db%8c-%d9%81%d8%b9%d8%a7%d9%84%d8%a7%d9%86-%d8%ad%d9%88%d8%b2%d9%87-%d9%86%d8%b4%d8%b1-%d8%a7%db%8c%d8%ac%d8%a7%d8%af",20201122003148,https://www.isna.ir/news/99090100774/%D8%B1%D9%88%D9%86%D9%85%D8%A7%DB%8C%DB%8C-%D8%A7%D8%B2-%D8%B3%D8%A7%D9%85%D8%A7%D9%86%D9%87-%D8%A7%DB%8C-%DA%A9%D9%87-%D8%A8%D8%A7%D8%B2%D8%A7%D8%B1%D9%87%D8%A7%DB%8C-%D8%AC%D8%AF%DB%8C%D8%AF%DB%8C-%D8%A8%D8%B1%D8%A7%DB%8C-%D9%81%D8%B9%D8%A7%D9%84%D8%A7%D9%86-%D8%AD%D9%88%D8%B2%D9%87-%D9%86%D8%B4%D8%B1-%D8%A7%DB%8C%D8%AC%D8%A7%D8%AF,text/html,200,sha1:ZBDDROBSVL5KYWGVLFE4CH3EUM7QIGOT,16344,358223324,CC-NEWS-20201121234808-00797.warc.gz,11,2020
"ru,rambler,news)/world/45957171-foreign-affairs-rossiya-i-kitay-pobezhdayut-ssha-v-borbe-za-afriku",20210307223205,https://news.rambler.ru/world/45957171-foreign-affairs-rossiya-i-kitay-pobezhdayut-ssha-v-borbe-za-afriku/,text/html,200,sha1:ESHMI6CNP63GUU5ONWIR5P22BSNXC5OA,18345,1821824,CC-NEWS-20210307223155-00597.warc.gz,03,2021
"com,macondaily)/2019/08/29/toronto-dominion-bank-has-855-18-million-stake-in-bank-of-montreal-nysebmo.html",20190829203845,https://macondaily.com/2019/08/29/toronto-dominion-bank-has-855-18-million-stake-in-bank-of-montreal-nysebmo.html,text/html,200,sha1:KGXFROYFFEQK2JQ3WZ6J5RWAHCYANIMZ,12043,401946692,CC-NEWS-20190829195505-01043.warc.gz,08,2019
"br,com,correio24horas)/noticia/nid/tem-hipercard-veja-o-que-muda-com-a-chegada-do-big-bompreco-a-bahia",20190815233954,https://www.correio24horas.com.br/noticia/nid/tem-hipercard-veja-o-que-muda-com-a-chegada-do-big-bompreco-a-bahia/,text/html,200,sha1:YOOI2U7XHJDAWYBP7HIYQKQIIBNG3PKR,68006,1008414661,CC-NEWS-20190815211330-00896.warc.gz,08,2019
"ir,isna)/news/99090906474/%d9%86%db%8c%d9%85%d8%a7%d8%b1-%d8%ae%d8%a7%d9%84%d9%82-%d8%b1%da%a9%d9%88%d8%b1%d8%af%db%8c-%d8%ac%d8%af%db%8c%d8%af-%d8%a8%d8%a7-psg",20201129060125,https://www.isna.ir/news/99090906474/%D9%86%DB%8C%D9%85%D8%A7%D8%B1-%D8%AE%D8%A7%D9%84%D9%82-%D8%B1%DA%A9%D9%88%D8%B1%D8%AF%DB%8C-%D8%AC%D8%AF%DB%8C%D8%AF-%D8%A8%D8%A7-PSG,text/html,200,sha1:54Y7CB7G3LG5A4TJAPEDZGYZ2533NNXV,16296,1012403614,CC-NEWS-20201129024948-00905.warc.gz,11,2020
"tv,diverto)/actualites/radiopodcast/auditeurs-invites-bruno-guillon-nous-dit-tout-sur-sa-matinale-en-bretagne-3243?amp;utm_campaign=centrefrance/&amp;utm_source=centrefrance&utm_medium=fluxarticlepagetv",20230613053541,https://www.diverto.tv/actualites/radiopodcast/auditeurs-invites-bruno-guillon-nous-dit-tout-sur-sa-matinale-en-bretagne-3243?utm_medium=fluxarticlePAGETV&amp;utm_source=centrefrance&amp;utm_campaign=centrefrance/,text/html,200,sha1:CASV2OQ6F7LNPEPMMKYTPFJNKJWP743D,38488,26005889,CC-NEWS-20230613053337-03273.warc.gz,06,2023
"mx,com,elsoldetlaxcala)/mexico/sociedad/mexico-se-estanca-en-el-indice-de-estado-de-derecho-segun-wjp-10186727.html",20230608013806,https://www.elsoldetlaxcala.com.mx/mexico/sociedad/mexico-se-estanca-en-el-indice-de-estado-de-derecho-segun-wjp-10186727.html,text/html,200,sha1:3P4HKP7XYW55OAPMWMKOBS3HAFL3O4BB,14342,385300272,CC-NEWS-20230608010531-03165.warc.gz,06,2023
"pt,cmjornal)/desporto/detalhe/miguel-oliveira-em-13-lugar-no-primeiro-dia-de-treinos-livres",20201121080642,https://www.cmjornal.pt/desporto/detalhe/miguel-oliveira-em-13-lugar-no-primeiro-dia-de-treinos-livres,text/html,200,sha1:I5ZFQCITW6DI4H4WTZJQCY2ZN5MNWFDM,26689,607700405,CC-NEWS-20201121070507-00788.warc.gz,11,2020
"ru,pravda)/news/showbiz/2006880-lera-kudrjavceva",20240426182354,https://www.pravda.ru/news/showbiz/2006880-lera-kudrjavceva/,text/html,200,sha1:H4NK5WV46XJ2P2GCPG2LCA63U3WVMEEM,23423,847810312,CC-NEWS-20240426173033-03713.warc.gz,04,2024
"com,haberturk)/e-bordro-maas-sorgulama-nasil-yapilir-e-bordro-agustos-2019-maas-sorgula-hts-2513768-ekonomi",20190817054428,https://www.haberturk.com/e-bordro-maas-sorgulama-nasil-yapilir-e-bordro-agustos-2019-maas-sorgula-hts-2513768-ekonomi,text/html,200,sha1:KATBZKKAY673QBGLNDW3TRRZL65HXOJ6,41641,378281055,CC-NEWS-20190817043237-00909.warc.gz,08,2019
"pl,interia,fakty)/raporty/raport-lech-kaczynski-nie-zyje/aktualnosci/news-krewni-ofiar-katynia-i-katastrofy-smolenskiej-na-uroczystosc,nid,2380142",20170410054743,"http://fakty.interia.pl/raporty/raport-lech-kaczynski-nie-zyje/aktualnosci/news-krewni-ofiar-katynia-i-katastrofy-smolenskiej-na-uroczystosc,nId,2380142",text/html,200,sha1:ZWKBUJ4IDDNQ6YUKVDON5X2FRPMPGJKM,29318,149722620,CC-NEWS-20170410045218-00283.warc.gz,04,2017
"com,etfdailynews)/2022/04/12/yumanity-therapeutics-inc-nasdaqymtx-short-interest-update",20220412165106,https://www.etfdailynews.com/2022/04/12/yumanity-therapeutics-inc-nasdaqymtx-short-interest-update/,text/html,200,sha1:RJFQ56HWEGULX2K5HI3MRL3AH5FF3IOR,12191,21802994,CC-NEWS-20220412164954-00435.warc.gz,04,2022
"ar,com,lanacion)/agencias/mercados-alatina-mayoria-de-activos-suben-aprovechando-debilidad-del-dolar-antes-de-inflacion-eeuu-nid09112021",20211109220746,https://www.lanacion.com.ar/agencias/mercados-alatina-mayoria-de-activos-suben-aprovechando-debilidad-del-dolar-antes-de-inflacion-eeuu-nid09112021/,text/html,200,sha1:LXJELS4FEN6DQAUP6H6T74IYJ57KODHK,47145,897066571,CC-NEWS-20211109212350-00275.warc.gz,11,2021
"com,macondaily)/2019/08/01/seagate-technology-stx-to-release-earnings-on-friday.html",20190801065225,https://macondaily.com/2019/08/01/seagate-technology-stx-to-release-earnings-on-friday.html,text/html,200,sha1:OLN4L5BGJP72HNCMHN3QMINYNYMEXVSZ,11702,862701367,CC-NEWS-20190801050344-00743.warc.gz,08,2019
"com,wtop)/news/2021/02/ap-top-political-news-at-1209-a-m-est-2",20210310052333,https://wtop.com/news/2021/02/ap-top-political-news-at-1209-a-m-est-2/,text/html,200,sha1:EGJI6L7CJJRXMH2LSKXDTTEAH3PZ3CL5,29060,295322918,CC-NEWS-20210310045418-00637.warc.gz,03,2021
"it,ansa)/sito/notizie/economia/pmi/2023/06/28/riapre-il-centro-protesi-inail-di-budrio-dopo-lalluvione_ce295368-9c1c-4912-810e-f63e379d2016.html",20230628093118,https://www.ansa.it/sito/notizie/economia/pmi/2023/06/28/riapre-il-centro-protesi-inail-di-budrio-dopo-lalluvione_ce295368-9c1c-4912-810e-f63e379d2016.html,text/html,200,sha1:KLWK6AALMQBWJNGGUYD25YCUPGOMPI3H,36735,27354159,CC-NEWS-20230628092945-03620.warc.gz,06,2023
"ru,gazeta)/business/news/2023/06/15/20673824.shtml",20230615125847,https://www.gazeta.ru/business/news/2023/06/15/20673824.shtml,text/html,200,sha1:QSNMBYGDZFY3QC37HAAI3IJ2OLL5NRIQ,118637,413434618,CC-NEWS-20230615124219-03333.warc.gz,06,2023
"com,financialexpress)/industry/india-cements-reports-rs-21-97-crore-as-standalone-q2-profit/2366470",20211110115955,https://www.financialexpress.com/industry/india-cements-reports-rs-21-97-crore-as-standalone-q2-profit/2366470/,text/html,200,sha1:GMBQFGDGC7QJ7TO2YWMHR3U752L35D26,27889,921627425,CC-NEWS-20211110111603-00287.warc.gz,11,2021
"ro,yam,news)/ro/story/15132461",20240430214341,https://news.yam.ro/ro/story/15132461,text/html,200,sha1:B5AYMZE7V4MUEAHCCE37DUG5BBBDQLPF,14803,652373650,CC-NEWS-20240430205828-03787.warc.gz,04,2024
"com,ncregister)/blog/rhamilton/please-remember-me-in-your-prayers-this-friday?utm_campaign=feed:+nationalcatholicregisterbloggers+national+catholic+register+bloggers&utm_medium=feed&utm_source=feedburner",20170412212637,http://www.ncregister.com/blog/rhamilton/please-remember-me-in-your-prayers-this-friday?utm_source=feedburner&utm_medium=feed&utm_campaign=Feed%3A+NationalCatholicRegisterBloggers+National+Catholic+Register+Bloggers,text/html,200,sha1:RJHQY7MFMMYOXU4OXEGKQPJ2PPY5FSGF,12122,793111760,CC-NEWS-20170412175654-00296.warc.gz,04,2017
"com,reuters,uk)/article/us-usa-veterans-investigation-idukkcn0vm0vj",20170415082236,http://uk.reuters.com/article/us-usa-veterans-investigation-idUKKCN0VM0VJ,text/html,200,sha1:PLDCWTBBFZ4PMFT6EVBUDPH4XFPCGBWV,15644,698633874,CC-NEWS-20170415030150-00306.warc.gz,04,2017
"com,reuters,cn)/article/idcnl3s0f209620130626",20170405115757,http://cn.reuters.com/article/idCNL3S0F209620130626,text/html,200,sha1:TQ7CJEA6NRKLWMQS7IJGTPGOIMRDGHKE,14928,365626497,CC-NEWS-20170405101615-00263.warc.gz,04,2017
"be,dhnet)/actu/monde/visite-houleuse-pour-emmanuel-macron-a-l-usine-whirlpool-videos-590084aacd70812a65a9b2a2",20170426150653,http://www.dhnet.be/actu/monde/visite-houleuse-pour-emmanuel-macron-a-l-usine-whirlpool-videos-590084aacd70812a65a9b2a2,text/html,200,sha1:2LNFPT7SBKRDVKVL5CMYZR666TKPPUYJ,17685,899119282,CC-NEWS-20170426114547-00352.warc.gz,04,2017
"gr,sdna)/podosfairo/1092271_me-freed-desire-kai-rodris-fire-parti-tis-siti-sta-apodytiria-vid",20230611015537,https://www.sdna.gr/podosfairo/1092271_me-freed-desire-kai-rodris-fire-parti-tis-siti-sta-apodytiria-vid,text/html,200,sha1:FYWEE6RXZGSLZPW4BWL2PR6XCNYJ3OZS,27066,633421975,CC-NEWS-20230611002213-03232.warc.gz,06,2023
"at,finanzen)/nachrichten/aktien/how-facial-recognition-is-being-used-in-the-ukraine-war-11220670",20220407192355,https://www.finanzen.at/nachrichten/aktien/how-facial-recognition-is-being-used-in-the-ukraine-war-11220670,text/html,200,sha1:VYOQR7RT72GYOMNCVMUBHBJBWSH7TDVG,24922,1020269845,CC-NEWS-20220407183527-00336.warc.gz,04,2022
"ie,farmersjournal)/higher-prices-needed-for-horticulture-farmers-hackett-771084",20230622145020,https://www.farmersjournal.ie/higher-prices-needed-for-horticulture-farmers-hackett-771084/,text/html,200,sha1:3VOMFIEKFT6RPUARHIL7W5Z2N25LKQV2,48708,432591190,CC-NEWS-20230622143600-03494.warc.gz,06,2023
"gr,onsports)/news/story/656514/tasoylas-anistoriti-ageografiti-kai-ektos-diethnoys-dikaioy-i-stasi-tis-toyrkias?utm_campaign=feed:+onsports/allnews+(onsports.gr+-+%ce%8c%ce%bb%ce%b5%cf%82+%ce%bf%ce%b9+%ce%95%ce%b9%ce%b4%ce%ae%cf%83%ce%b5%ce%b9%cf%82)&utm_medium=feed&utm_source=feedburner",20191201032748,https://www.onsports.gr/news/story/656514/tasoylas-anistoriti-ageografiti-kai-ektos-diethnoys-dikaioy-i-stasi-tis-toyrkias?utm_source=feedburner&utm_medium=feed&utm_campaign=Feed%3A+onsports%2Fallnews+%28OnSports.gr+-+%CE%8C%CE%BB%CE%B5%CF%82+%CE%BF%CE%B9+%CE%95%CE%B9%CE%B4%CE%AE%CF%83%CE%B5%CE%B9%CF%82%29,text/html,200,sha1:ISOZHPQZQTDPWFC3SJDS6Z4HZIBG2GKL,18838,782231676,CC-NEWS-20191201003247-02108.warc.gz,12,2019
"es,ondacero)/emisoras/canarias/las-palmas/audios-podcast/mas-de-uno/mas-uno-canarias-noticias-720-viernes-13112020_202011135fae3d67f1b0790001a27a17.html",20201113122411,https://www.ondacero.es/emisoras/canarias/las-palmas/audios-podcast/mas-de-uno/mas-uno-canarias-noticias-720-viernes-13112020_202011135fae3d67f1b0790001a27a17.html,text/html,200,sha1:DQLMHDXNT7CXPDI62JE6HE74Q2GKR5AM,16055,43436632,CC-NEWS-20201113122203-00664.warc.gz,11,2020
"com,thehindu)/news/cities/coimbatore/tusker-tranquillised-translocated-to-biligal-reserve-forest/article34078188.ece",20210315185018,https://www.thehindu.com/news/cities/Coimbatore/tusker-tranquillised-translocated-to-biligal-reserve-forest/article34078188.ece,text/html,200,sha1:PQHHSJ4F3XX2QN7DSPY6FXGJHXJKHODA,78588,191878326,CC-NEWS-20210315183938-00733.warc.gz,03,2021
"com,sacbee)/news/nation-world/national/article102503002.html",20160917233249,http://www.sacbee.com/news/nation-world/national/article102503002.html,text/html,200,sha1:36VHVBPA757UDA4AIGYDSMCEVSWF3X76,61735,287107027,CC-NEWS-20160917165637-00025.warc.gz,09,2016
"za,co,sowetanlive)/news/south-africa/2021-03-08-insufficient-evidence-teen-arrested-for-alleged-murder-of-mapula-khune-released",20210308210103,https://www.sowetanlive.co.za/news/south-africa/2021-03-08-insufficient-evidence-teen-arrested-for-alleged-murder-of-mapula-khune-released/,text/html,200,sha1:Q26ALQGQ56Z3O5NHCVRIOVIYRLU7WS64,28324,625575945,CC-NEWS-20210308201959-00612.warc.gz,03,2021
"com,porticonoticias)/el-tiempo-como-seguira-luego-del-fin-de-semana-largo",20210216150248,http://porticonoticias.com/el-tiempo-como-seguira-luego-del-fin-de-semana-largo/,text/html,200,sha1:XTG4MNMPZJIQTOREUPMV3QDVZGEQUUWJ,17114,795487102,CC-NEWS-20210216141707-00261.warc.gz,02,2021
"de,stern)/kultur/stefanie-reinsperger--so-war-der-start-im-dortmunder--tatort--team-30388504.html?utm_campaign=alle&utm_medium=rss-feed&utm_source=standard",20210221183019,https://www.stern.de/kultur/stefanie-reinsperger--so-war-der-start-im-dortmunder--tatort--team-30388504.html?utm_campaign=alle&utm_medium=rss-feed&utm_source=standard,text/html,200,sha1:65LF464YCDVMOGT6FMIHIVLR4ZP3SDJG,40718,236172559,CC-NEWS-20210221180955-00354.warc.gz,02,2021
"com,kahawatungu)/blow-to-the-head-by-blunt-object-killed-tecra-muigai-govt-pathologist",20210312131800,https://www.kahawatungu.com/blow-to-the-head-by-blunt-object-killed-tecra-muigai-govt-pathologist/,text/html,200,sha1:U2UK6HPQTGCC6U74I2IUGTAORUOG7IFQ,29462,338638069,CC-NEWS-20210312125857-00684.warc.gz,03,2021
"com,shotgunreport)/2021/02/26/converting-a-one-eyed-shooter",20210226224857,https://shotgunreport.com/2021/02/26/converting-a-one-eyed-shooter/,text/html,200,sha1:D2TFAKYKVA6564TAHVERPFER4E7ED2D6,20855,336464883,CC-NEWS-20210226222051-00452.warc.gz,02,2021
"com,yahoo,sports,ca)/news/malaysias-airasia-group-expects-fundraising-092458913.html?src=rss",20210222094535,https://ca.sports.yahoo.com/news/malaysias-airasia-group-expects-fundraising-092458913.html?src=rss,text/html,200,sha1:CO4RF4CENH3YJKDHYYER3OUIAP3X6QSM,103166,993681519,CC-NEWS-20210222082714-00361.warc.gz,02,2021
"com,reuters,cn)/article/montepaschi-ecb-idcnl6n0nl4ra20140429",20170420045220,http://cn.reuters.com/article/montepaschi-ecb-idCNL6N0NL4RA20140429,text/html,200,sha1:SDPXORJWEFSVVKSJFGGIEHPBEFXB5ESL,15397,607736003,CC-NEWS-20170420005448-00325.warc.gz,04,2017
"com,nbonews)/matrix-asset-advisors-has-decreased-stake-in-cisco-sys-csco-as-market-value-declined-diamond-hill-capital-management-raised-its-cal-calm-position-by-14-60-million",20190824224652,https://nbonews.com/matrix-asset-advisors-has-decreased-stake-in-cisco-sys-csco-as-market-value-declined-diamond-hill-capital-management-raised-its-cal-calm-position-by-14-60-million/,text/html,200,sha1:UPUOFP56T6P4LKDOI6PVUYUVBICYQQKT,10831,430763329,CC-NEWS-20190824211820-00990.warc.gz,08,2019
"vn,nguoiduatin)/bat-doi-tuong-moi-ra-tu-cuop-dien-thoai-cua-nguoi-di-duong-a322095.html",20170413050857,http://www.nguoiduatin.vn/bat-doi-tuong-moi-ra-tu-cuop-dien-thoai-cua-nguoi-di-duong-a322095.html,text/html,200,sha1:LYZXSAKJI3LOYDKYX2POPEU3Y6OF43OR,20242,1059316586,CC-NEWS-20170412224437-00297.warc.gz,04,2017
"com,3yonnews)/1745379",20211107172542,https://3yonnews.com/1745379,text/html,200,sha1:6GSGPWL677IUA6VACTFBUSMBYOKF3L3M,12191,1035940761,CC-NEWS-20211107160504-00227.warc.gz,11,2021
"cc,dispo)/a/daimler-und-fraunhofer-entwickeln-mit-mobilization-seat-ergonomischen-lkw-sitz",20211102131458,https://dispo.cc/a/daimler-und-fraunhofer-entwickeln-mit-mobilization-seat-ergonomischen-lkw-sitz,text/html,200,sha1:PUUJVKNZEUPXEUIZYZWA3LODQK26ODLQ,7481,400572986,CC-NEWS-20211102125540-00122.warc.gz,11,2021
"com,donga)/news/sports/article/all/20220414/112878528/1",20220414051821,https://www.donga.com/news/Sports/article/all/20220414/112878528/1,text/html,200,sha1:SD6IX7ECJSK3X7YM2XYIAA6YMMCRTCNI,14788,729928059,CC-NEWS-20220414041617-00469.warc.gz,04,2022
"uk,co,dailymail)/tvshowbiz/article-12199373/gangsta-boos-cause-death-revealed-three-6-mafia-rapper-died-fentanyl-cocaine-overdose.html",20230615164544,https://www.dailymail.co.uk/tvshowbiz/article-12199373/Gangsta-Boos-cause-death-revealed-Three-6-Mafia-rapper-died-fentanyl-cocaine-overdose.html,text/html,200,sha1:JMY6YLPUGE5KBDTQAP5HID5RXURXP2N4,141995,153027858,CC-NEWS-20230615164023-03339.warc.gz,06,2023
"bg,bntnews)/news/prezidentat-obsadi-problemite-v-patniya-sektor-s-ministar-grozdan-karajov-1191877news.html",20220415164615,https://bntnews.bg/news/prezidentat-obsadi-problemite-v-patniya-sektor-s-ministar-grozdan-karajov-1191877news.html,text/html,200,sha1:OSJM7GCK7WFJJQG6DX2AJHMFI2AONQPV,20681,447342982,CC-NEWS-20220415162145-00503.warc.gz,04,2022
"ma,le360,fr)/politique/bahrein-annonce-louverture-dun-consulat-general-a-laayoune-228135",20201126214105,https://fr.le360.ma/politique/bahrein-annonce-louverture-dun-consulat-general-a-laayoune-228135,text/html,200,sha1:IV7SSCC525Y2OZJESJFIY6ZVVLP44FIB,14034,332543584,CC-NEWS-20201126210929-00875.warc.gz,11,2020
"com,fremonttribune)/agriculture/unl-to-host-webinar-on-pasture-forage-management-decisions-during-drought/article_d0762592-ce09-5ed4-889b-a91e95fa40ad.html",20220401002607,https://fremonttribune.com/agriculture/unl-to-host-webinar-on-pasture-forage-management-decisions-during-drought/article_d0762592-ce09-5ed4-889b-a91e95fa40ad.html,text/html,200,sha1:ADHQKHENNGGA3I6I4J6PC4ZS7UFCPJ3H,42534,313360485,CC-NEWS-20220401000546-00192.warc.gz,04,2022
"com,3yonnews)/515061",20170404025541,http://www.3yonnews.com/515061,text/html,200,sha1:WRWXL6L3CWCQDATA4K42AXVQXN77EL7N,12664,167454837,CC-NEWS-20170404014700-00257.warc.gz,04,2017
"com,theathletic)/2470729/2021/03/23/with-giannis-antetokounmpo-on-the-sideline-jrue-holiday-shows-what-he-can-do-for-the-milwaukee-bucks",20210323133440,https://theathletic.com/2470729/2021/03/23/with-giannis-antetokounmpo-on-the-sideline-jrue-holiday-shows-what-he-can-do-for-the-milwaukee-bucks/,text/html,200,sha1:N5ARFW6MR742HBEIXDIZNTCNLQUYXFJW,39998,45806352,CC-NEWS-20210323133243-00867.warc.gz,03,2021
"fr,unidivers)/event/cote-sauvage-le-pouliguen-le-pouliguen-2023-09-06t1400000200",20230613212508,https://www.unidivers.fr/event/cote-sauvage-le-pouliguen-le-pouliguen-2023-09-06t1400000200/,text/html,200,sha1:H4KNSYB5XP5H7G7PS5THEWV3FZFQWPAY,44954,395158841,CC-NEWS-20230613210329-03292.warc.gz,06,2023
"mx,netnoticias)/juarez/no-olvides-recoger-tu-ine-si-pediste-una-reimpresion",20240430175212,https://netnoticias.mx/juarez/no-olvides-recoger-tu-ine-si-pediste-una-reimpresion,text/html,200,sha1:IGESQGDLLKJHLNDV52WBLKUEDUL5TVCM,23595,371037774,CC-NEWS-20240430173250-03784.warc.gz,04,2024
"bg,plovdiv24)/sport/1243287.html",20220403150432,https://www.plovdiv24.bg/sport/1243287.html,text/html,200,sha1:OWJXBNIT3AXNUIJUEYNSPB7LIPYYXW2Z,47082,103803241,CC-NEWS-20220403145700-00240.warc.gz,04,2022
"com,hindustantimes,auto)/honda-bikes/dealers/tadpatri",20220402105856,https://auto.hindustantimes.com/honda-bikes/dealers/tadpatri,text/html,200,sha1:YLL4J37I7JT2AKNCBGIWQSMDOIAMXG5P,101860,125491006,CC-NEWS-20220402104852-00222.warc.gz,04,2022
"de,tagesspiegel)/berlin/mehr-bio-hoehere-loehne-darum-muss-berlin-mehr-fuers-schulessen-zahlen/25344746.html",20191217171104,https://www.tagesspiegel.de/berlin/mehr-bio-hoehere-loehne-darum-muss-berlin-mehr-fuers-schulessen-zahlen/25344746.html,text/html,200,sha1:6BJJNUD4VAKQOMZSPKHXHMXF5ALUBI65,32119,329706867,CC-NEWS-20191217164548-02302.warc.gz,12,2019
"com,allafrica)/stories/201704140609.html",20170414134901,http://allafrica.com/stories/201704140609.html,text/html,200,sha1:ZRF7J6T5UYK62ZD4LR22LPL4IGZIUMXD,26044,909441278,CC-NEWS-20170414091307-00303.warc.gz,04,2017
"com,shafaq)/ar/%d8%aa%d9%82%d8%a7%d8%b1%d9%8a%d8%b1-%d9%88%d8%aa%d8%ad%d9%84%d9%8a%d9%84%d8%a7%d8%aa/%d8%b9%d9%8a%d9%86-%d8%a7%d9%84%d8%a8%d9%86%d8%aa%d8%a7%d8%ba%d9%88%d9%86-%d8%b9%d9%84%d9%89-%d8%a7%d9%84%d8%b5%d9%8a%d9%86-%d9%88%d8%ad%d8%ac%d9%85-%d9%82%d9%88%d8%a7%d8%aa%d9%87-%d9%81%d9%8a-%d8%a7%d9%84%d8%b4%d8%b1%d9%82-%d8%a7%d9%84-%d9%88%d8%b3%d8%b7-%d9%8a%d8%af%d9%81%d8%b9%d9%87-%d9%84%d9%84%d8%a7%d8%b1%d8%aa%d9%8a%d8%a7%d8%ad",20210214133257,https://www.shafaq.com/ar/%D8%AA%D9%82%D8%A7%D8%B1%D9%8A%D8%B1-%D9%88%D8%AA%D8%AD%D9%84%D9%8A%D9%84%D8%A7%D8%AA/%D8%B9%D9%8A%D9%86-%D8%A7%D9%84%D8%A8%D9%86%D8%AA%D8%A7%D8%BA%D9%88%D9%86-%D8%B9%D9%84%D9%89-%D8%A7%D9%84%D8%B5%D9%8A%D9%86-%D9%88%D8%AD%D8%AC%D9%85-%D9%82%D9%88%D8%A7%D8%AA%D9%87-%D9%81%D9%8A-%D8%A7%D9%84%D8%B4%D8%B1%D9%82-%D8%A7%D9%84-%D9%88%D8%B3%D8%B7-%D9%8A%D8%AF%D9%81%D8%B9%D9%87-%D9%84%D9%84%D8%A7%D8%B1%D8%AA%D9%8A%D8%A7%D8%AD,text/html,200,sha1:FIZMVMCZWITXPHACAWZ7WYXNAR5SSDBP,6812,412568601,CC-NEWS-20210214125533-00227.warc.gz,02,2021
"com,infobae)/america/agencias/2021/03/09/irak-muere-una-persona-en-un-ataque-con-granada-en-bagdad-horas-despues-de-que-el-papa-terminara-su-viaje-en-irak",20210309104436,https://www.infobae.com/america/agencias/2021/03/09/irak-muere-una-persona-en-un-ataque-con-granada-en-bagdad-horas-despues-de-que-el-papa-terminara-su-viaje-en-irak/,text/html,200,sha1:OYFWOHZTKOMDQKYRLKUSBVLHVNY2RSRE,52001,210788440,CC-NEWS-20210309103158-00621.warc.gz,03,2021
"com,darientimes)/news/article/judge-clears-way-for-use-of-breath-test-evidence-14273058.php",20190801155847,https://www.darientimes.com/news/article/Judge-clears-way-for-use-of-breath-test-evidence-14273058.php,text/html,200,sha1:PCDQZHBVX5YLYBRUCSELF6YZL3WI6SE3,15728,324305067,CC-NEWS-20190801153031-00749.warc.gz,08,2019
"ru,rambler,sport)/football/52614040-eks-trener-dinamo-petresku-gotov-vernutsya-v-rossiyu",20240416120043,https://sport.rambler.ru/football/52614040-eks-trener-dinamo-petresku-gotov-vernutsya-v-rossiyu/,text/html,200,sha1:HUTHEDN2MUSCJOIPTHB3APTRO6KW3CUV,59448,541135496,CC-NEWS-20240416112945-03512.warc.gz,04,2024
"com,kdhnews)/news/education/local-eighth-graders-get-taste-of-what-killeen-high-school-is-about/article_8690ac82-8920-11eb-aa84-07b625b7c534.html",20210320144622,https://kdhnews.com/news/education/local-eighth-graders-get-taste-of-what-killeen-high-school-is-about/article_8690ac82-8920-11eb-aa84-07b625b7c534.html,text/html,200,sha1:P2VHVKSYBOLQEKE6DOEHWY4WA6RAR7ZL,49150,89727458,CC-NEWS-20210320143846-00821.warc.gz,03,2021
"cz,idnes)/zpravy/zahranicni/trest-smrti-japonsko-cina-statistika.a191226_074230_zahranicni_brzy",20191226071531,https://www.idnes.cz/zpravy/zahranicni/trest-smrti-japonsko-cina-statistika.A191226_074230_zahranicni_brzy,text/html,200,sha1:R24CZJGV2LIMT7YSMWF6ANGRTULJ7QIA,30771,739127211,CC-NEWS-20191226045401-00117.warc.gz,12,2019
"com,fieldhockey)/index.php/comments/56964-argentina-juniors-battle-odds-in-the-hope-of-reviving-the-spirit-of-2005",20211119102825,http://www.fieldhockey.com/index.php/comments/56964-argentina-juniors-battle-odds-in-the-hope-of-reviving-the-spirit-of-2005,text/html,200,sha1:R3FBCALOPR3EZSD6ZG7QY72FBNU6FFYN,4436,307073363,CC-NEWS-20211119101022-00484.warc.gz,11,2021
"com,ganggreennation)/2022/4/15/23026601/building-a-ggn-big-board-2022-prospect-no-55",20220415143933,https://www.ganggreennation.com/2022/4/15/23026601/building-a-ggn-big-board-2022-prospect-no-55,text/html,200,sha1:S6KISIHUDC7CTFKJZKOIZ3DH4O4D6V5C,42075,128905283,CC-NEWS-20220415143328-00501.warc.gz,04,2022
"hu,infostart)/kulfold/2024/04/11/rekordmennyisegu-bevandorlo-erkezik-amerikaba-joe-biden-sulyos-lepesen-gondolkodik",20240411052457,https://infostart.hu/kulfold/2024/04/11/rekordmennyisegu-bevandorlo-erkezik-amerikaba-joe-biden-sulyos-lepesen-gondolkodik,text/html,200,sha1:T6LDDTHCDGEEW5I2Y5H27QRAP75AKZXJ,31903,311539358,CC-NEWS-20240411050121-03419.warc.gz,04,2024
"ru,tass)/ekonomika/10982707",20210324120922,https://tass.ru/ekonomika/10982707,text/html,200,sha1:BYBKSVGD2PC2A62JZVF6TJVJYG24DUX7,21838,679837533,CC-NEWS-20210324113056-00885.warc.gz,03,2021
"it,ilrestodelcarlino)/ferrara/cronaca/vince-500mila-euro-giocandone-dieci-08d1c18c",20230613090343,https://www.ilrestodelcarlino.it/ferrara/cronaca/vince-500mila-euro-giocandone-dieci-08d1c18c,text/html,200,sha1:YEYJHSAQO2SCFNUUWXGTWM2CTORDZUDP,41428,130792044,CC-NEWS-20230613085552-03276.warc.gz,06,2023
"com,amarujala)/haryana/jhajjar-bahadurgarh/bike-rider-dies-in-accident-at-kmp-bahadurgarh-news-rtk6290183129",20211105185907,https://www.amarujala.com/haryana/jhajjar-bahadurgarh/bike-rider-dies-in-accident-at-kmp-bahadurgarh-news-rtk6290183129,text/html,200,sha1:FX2O2YFF4KK7PMYG4Z3KTB5KIPRY2WFI,267638,463992069,CC-NEWS-20211105183752-00199.warc.gz,11,2021
"com,livehindustan)/jharkhand/dhanbad/story-city-colonies-inundated-by-torrential-rains-2685483.html",20190811214509,https://www.livehindustan.com/jharkhand/dhanbad/story-city-colonies-inundated-by-torrential-rains-2685483.html,text/html,200,sha1:LPBOG3AYM2NYMX2Q2ZC5TLXR7RJ6PH2G,39181,5190470,CC-NEWS-20190811214408-00853.warc.gz,08,2019
"cl,biobiochile)/noticias/nacional/region-del-bio-bio/2017/04/26/conductor-muere-tras-colision-de-tractor-con-una-camioneta-en-quirihue.shtml",20170427205530,http://www.biobiochile.cl/noticias/nacional/region-del-bio-bio/2017/04/26/conductor-muere-tras-colision-de-tractor-con-una-camioneta-en-quirihue.shtml,text/html,200,sha1:74KR2VVCNOXBBIHAYW6ZULCE5GS4FMWK,27256,70155460,CC-NEWS-20170427204305-00359.warc.gz,04,2017
"com,8newsnow)/news/watch-dolphins-stampede-near-boat-off-california-coast",20220414021850,https://www.8newsnow.com/news/watch-dolphins-stampede-near-boat-off-california-coast/,text/html,200,sha1:BLHDNC632X5HR6OULECCT57BGMU4K3VT,74795,771087467,CC-NEWS-20220414012002-00467.warc.gz,04,2022
"pk,com,nawaiwaqt)/21-apr-2024/1783050",20240421132706,https://www.nawaiwaqt.com.pk/21-Apr-2024/1783050,text/html,200,sha1:M25BQNB65N24L5X4LZP3XA337KG3HP34,15293,884660936,CC-NEWS-20240421121120-03611.warc.gz,04,2024
"uk,co,hartlepoolmail)/news/former-hartlepool-parliamentary-candidate-misses-out-on-top-job-in-ukip-1-8131126",20160917085429,http://www.hartlepoolmail.co.uk/news/former-hartlepool-parliamentary-candidate-misses-out-on-top-job-in-ukip-1-8131126,text/html,200,sha1:P6N7BSV2FPY65QVMHQ46Z2K2GDFWQEJ5,33743,696088878,CC-NEWS-20160916172950-00024.warc.gz,09,2016
"com,cw33)/news/rittenhouse-trial-jury-to-resume-after-new-mistrial-request",20211118153700,https://cw33.com/news/rittenhouse-trial-jury-to-resume-after-new-mistrial-request/,text/html,200,sha1:K54DMABWSINBZPTGCJPDL6LVA2DLEN6N,62467,587134041,CC-NEWS-20211118150921-00466.warc.gz,11,2021
"com,etvbharat)/telugu/andhra-pradesh/gallery/news/sai-dhanshika-birthday-special-gallery/na20211120101424159",20211120051430,https://www.etvbharat.com/telugu/andhra-pradesh/gallery/news/sai-dhanshika-birthday-special-gallery/na20211120101424159,text/html,200,sha1:63M3I36A4LCTGXHI3F4YSCP2KZVDLSP7,11581,441841742,CC-NEWS-20211120043022-00502.warc.gz,11,2021
"com,ktre)/2021/02/16/major-league-fishing-delays-start-red-crest-lake-palestine",20210216025140,https://www.ktre.com/2021/02/16/major-league-fishing-delays-start-red-crest-lake-palestine/,text/html,200,sha1:5IPKXGDBK32I3SUBG4NINREWKHCVIG7R,20743,514483508,CC-NEWS-20210216015050-00252.warc.gz,02,2021
"sk,zoznam,openiazoch)/cl/207663/akcie-alibaby-sa-po-zrusenom-ipo-ant-group-prudko-oslabili",20201104141516,https://openiazoch.zoznam.sk/cl/207663/Akcie-Alibaby-sa-po-zrusenom-IPO-Ant-Group-prudko-oslabili,text/html,200,sha1:2HGXC73RF6LW5OYHOBAKOD3H4TRXU5XW,12575,284349215,CC-NEWS-20201104135830-00512.warc.gz,11,2020
"com,agenzianova)/a/5d5f121b685835.09711644/2577343/2019-08-22/brasile-venezuelani-i-principali-beneficiari-dei-permessi-di-lavoro-rilasciati-a-rifugiati-3",20190822221303,https://www.agenzianova.com/a/5d5f121b685835.09711644/2577343/2019-08-22/brasile-venezuelani-i-principali-beneficiari-dei-permessi-di-lavoro-rilasciati-a-rifugiati-3,text/html,200,sha1:JK4IMP3ERLM55SXR22F747HVSR4AXMDT,11158,723897481,CC-NEWS-20190822204744-00969.warc.gz,08,2019
"com,3yonnews)/606094",20170405184938,http://www.3yonnews.com/606094,text/html,200,sha1:ZWRLD6FTHJF7IBKTITFJMSLG2YENRV63,9822,981609962,CC-NEWS-20170405150547-00264.warc.gz,04,2017
"com,diariolibre)/actualidad/internacional/primera-victoria-del-real-madrid-en-el-horario-adelantado-ip29737078",20211103210544,https://www.diariolibre.com/actualidad/internacional/primera-victoria-del-real-madrid-en-el-horario-adelantado-IP29737078,text/html,200,sha1:R4NRVUCCRJWRYYXHLOQ6P7Q746SAVNRU,26073,1023133636,CC-NEWS-20211103201904-00155.warc.gz,11,2021
"com,wtmj)/national/2021/02/08/rescuers-in-india-digging-for-37-trapped-in-glacier-flood-7",20210208113816,https://wtmj.com/national/2021/02/08/rescuers-in-india-digging-for-37-trapped-in-glacier-flood-7/,text/html,200,sha1:QOBS7QPLNTECGSZD4X6AS3CVNBSQGDI6,47174,121803573,CC-NEWS-20210208113104-00115.warc.gz,02,2021
"com,mrt)/news/article/hawaii-exploring-vaccine-passport-for-16067200.php",20210331201408,https://www.mrt.com/news/article/Hawaii-exploring-vaccine-passport-for-16067200.php,text/html,200,sha1:IWHO7UEMOY25SI2UXAQJIOZVFUS5PQVT,22107,868892160,CC-NEWS-20210331191833-01018.warc.gz,03,2021
"com,westport-news)/espanol/news/article/andy-murray-no-jugar-en-el-abierto-de-australia-14936687.php",20191229011215,https://www.westport-news.com/espanol/news/article/Andy-Murray-no-jugar-en-el-Abierto-de-Australia-14936687.php,text/html,200,sha1:D5T33XHW5ET3BJ22TEL7YQFH3O6D6AV3,15121,337580729,CC-NEWS-20191229001059-00149.warc.gz,12,2019
"com,ksdk)/article/sports/basketball/nba-all-star-game/63-65bbafa8-d7ed-4aa6-a5ea-fbcff9558e66",20210219164726,https://www.ksdk.com/article/sports/basketball/nba-all-star-game/63-65bbafa8-d7ed-4aa6-a5ea-fbcff9558e66,text/html,200,sha1:YWYEX2OC55XRTUOCD365PQBPEMFPQU5B,38782,171042700,CC-NEWS-20210219163754-00324.warc.gz,02,2021
"no,dn)/smak/vin/oldstar-carignan-noir/4-1-73429",20240418222412,https://www.dn.no/smak/vin/oldstar-carignan-noir/4-1-73429,text/html,200,sha1:YFJPEVBGEWCGXGUCQLD4MHYFOBI2KF6O,54600,283075606,CC-NEWS-20240418220353-03566.warc.gz,04,2024
"com,seattletimes)/nation-world/nation/11-alleged-nyc-mobsters-arrested-on-federal-charges?utm_campaign=rss_nation-world&utm_medium=referral&utm_source=rss",20191205212238,https://www.seattletimes.com/nation-world/nation/11-alleged-nyc-mobsters-arrested-on-federal-charges/?utm_source=RSS&utm_medium=Referral&utm_campaign=RSS_nation-world,text/html,200,sha1:4IA767TB77QXMWQZOXORPH6BWDJ53IQD,33373,20741546,CC-NEWS-20191205212113-02166.warc.gz,12,2019
"net,finanzen)/analyse/amazon_buy-jefferies__company_inc__945089",20240404152247,https://www.finanzen.net/analyse/amazon_buy-jefferies__company_inc__945089,text/html,200,sha1:GDNE5TYBG5AIVBQJK6VVMTF6UVIXZQG7,48017,56621973,CC-NEWS-20240404151956-03298.warc.gz,04,2024
"it,ilfattonisseno)/2024/04/midiri-puntiamo-a-nascita-di-un-polo-universitario-a-marsala",20240412153346,https://www.ilfattonisseno.it/2024/04/midiri-puntiamo-a-nascita-di-un-polo-universitario-a-marsala/,text/html,200,sha1:RGCSLIMJUV6FG4PG65L3I5D3SVGGCWDZ,40062,580229533,CC-NEWS-20240412150700-03450.warc.gz,04,2024
"az,today)/news/sports/219177.html",20220425100748,http://www.today.az/news/sports/219177.html,text/html,200,sha1:GPQMETNONR5DISY5FZRLQPLEARMJ6MSV,7199,17064932,CC-NEWS-20220425100703-00689.warc.gz,04,2022
"de,sz-online)/nachrichten/freibad-hat-schon-ueberzogen-3491471.html",20160912205547,http://www.sz-online.de/nachrichten/freibad-hat-schon-ueberzogen-3491471.html,text/html,200,sha1:QJL7KW35LYAH4Q2XW5OXKPYBFGSLZ7VZ,20068,311744500,CC-NEWS-20160912145202-00019.warc.gz,09,2016
"com,cadenaser)/emisora/2019/08/20/radio_bilbao/1566317999_180268.html",20190820181623,https://cadenaser.com/emisora/2019/08/20/radio_bilbao/1566317999_180268.html,text/html,200,sha1:AJP6XBNTOQU4YQ6WTUS4VAB35LNG4HZ3,14966,202933491,CC-NEWS-20190820175730-00943.warc.gz,08,2019
"com,campbellrivermirror)/trending-now/discussion-on-grief-and-loss-between-stephen-colbert-anderson-cooper-goes-viral",20190817215316,https://www.campbellrivermirror.com/trending-now/discussion-on-grief-and-loss-between-stephen-colbert-anderson-cooper-goes-viral/,text/html,200,sha1:BIPWV4KLSHD2LK75ZKAZLWDRZXWTVCFA,25996,1070333208,CC-NEWS-20190817185013-00914.warc.gz,08,2019
"com,mynet)/esad-rejiminden-tsk-konvoyuna-hava-saldirisi-110105751648",20190819120758,https://www.mynet.com/esad-rejiminden-tsk-konvoyuna-hava-saldirisi-110105751648,text/html,200,sha1:D4BMOT3AHJZ5333FHZ4DN3WLVNHW6TAA,13220,667262401,CC-NEWS-20190819110137-00927.warc.gz,08,2019
"com,ohio)/news/ohiocentric/only-steve-knows-police-baffled-by-facebook-video-killing-1.761057?cache=18961415304345/news/ohio/css/results%25'+and+1=1+and+'%25'='&locallinksenabled=false",20170418090913,http://www.ohio.com/news/ohiocentric/only-steve-knows-police-baffled-by-facebook-video-killing-1.761057?localLinksEnabled=false&cache=18961415304345%2525252525252525252Fnews%2525252525252525252Fohio%2525252525252525252Fcss%2525252525252525252Fresults%25252525252525252525%25252525252525252527+and+1%2525252525252525253D1+and+%25252525252525252527%25252525252525252525%25252525252525252527%2525252525252525253D%25252525252525252527,text/html,200,sha1:HHFC2NFRPI4F4DSPDQJ23ULB23LVK6X2,66284,743103028,CC-NEWS-20170418045654-00316.warc.gz,04,2017
"com,etvbharat)/telugu/telangana/crime/car-and-bike-accident-3-died-at-kodad-in-suryapet-district/ts20220422002314961961101",20220421191929,https://www.etvbharat.com/telugu/telangana/crime/car-and-bike-accident-3-died-at-kodad-in-suryapet-district/ts20220422002314961961101,text/html,200,sha1:KL6VTRQMEXKTTY6EORSU4C36H4HSUEEA,25610,333486719,CC-NEWS-20220421190505-00623.warc.gz,04,2022
"ir,isna)/news/98091913958/%d8%ab%d8%b1%d9%88%d8%aa%d9%85%d9%86%d8%af%d8%a7%d9%86-%d8%a8%db%8c%d8%b4%d8%aa%d8%b1-%d8%a7%d8%b2-%d8%b3%d8%a7%db%8c%d8%b1%db%8c%d9%86-%d8%b3%d8%a7%d9%84%d9%85%d9%86%d8%af%d8%a7%d9%86%d8%b4%d8%a7%d9%86-%d8%b1%d8%a7-%d8%a8%d9%87-%d8%b3%d8%b1%d8%a7%db%8c-%d8%b3%d8%a7%d9%84%d9%85%d9%86%d8%af%d8%a7%d9%86-%d9%85%db%8c-%d8%b3%d9%be%d8%a7%d8%b1%d9%86%d8%af",20191210082734,https://www.isna.ir/news/98091913958/%D8%AB%D8%B1%D9%88%D8%AA%D9%85%D9%86%D8%AF%D8%A7%D9%86-%D8%A8%DB%8C%D8%B4%D8%AA%D8%B1-%D8%A7%D8%B2-%D8%B3%D8%A7%DB%8C%D8%B1%DB%8C%D9%86-%D8%B3%D8%A7%D9%84%D9%85%D9%86%D8%AF%D8%A7%D9%86%D8%B4%D8%A7%D9%86-%D8%B1%D8%A7-%D8%A8%D9%87-%D8%B3%D8%B1%D8%A7%DB%8C-%D8%B3%D8%A7%D9%84%D9%85%D9%86%D8%AF%D8%A7%D9%86-%D9%85%DB%8C-%D8%B3%D9%BE%D8%A7%D8%B1%D9%86%D8%AF,text/html,200,sha1:4MK2NHJC23YFUKHTSBUVPW3JUPHPJFSJ,19282,1057177392,CC-NEWS-20191210063306-02211.warc.gz,12,2019
"com,benzinga)/secfilings/22/04/26817022/fidelity-california-municipal-trust-form485bpos",20220427180940,https://www.benzinga.com/secfilings/22/04/26817022/fidelity-california-municipal-trust-form485bpos,text/html,200,sha1:3AKNWMO7YLVEYEQTHSYNWNZH3X4SZ55A,171808,259769447,CC-NEWS-20220427175852-00745.warc.gz,04,2022
"de,zeit)/gesellschaft/zeitgeschehen/2019-12/eugh-balsamico-deutschland-urteil",20191204100002,https://www.zeit.de/gesellschaft/zeitgeschehen/2019-12/eugh-balsamico-deutschland-urteil,text/html,200,sha1:TFKQ3Z6LSQWK7IE6EWWOBUT5JW24AYO3,36225,861646575,CC-NEWS-20191204083740-02144.warc.gz,12,2019
"kr,co,seoul,go)/news/newsview.php?id=20230629500218",20230629120651,https://go.seoul.co.kr/news/newsView.php?id=20230629500218,text/html,200,sha1:TUL5GHV5HY7GONMYUEPVMJBQW2LJJNAP,19607,845425304,CC-NEWS-20230629113235-03649.warc.gz,06,2023
"com,sheltonherald)/news/us/article/louisiana-deputies-storm-the-wrong-house-with-14875760.php",20191202185541,https://www.sheltonherald.com/news/us/article/Louisiana-deputies-storm-the-wrong-house-with-14875760.php,text/html,200,sha1:JP2YBPBGFEHEHTUXGLQANVFMB4KVEFL5,17103,376691413,CC-NEWS-20191202182050-02125.warc.gz,12,2019
"be,wielerkrant)/nieuws/2022-04-27/dylan-teuns-profiteert-van-winst-in-waalse-pijl-om-in-romandie-te-zegevieren-op-mijn-lijf-geschreven",20220427222350,https://www.wielerkrant.be/nieuws/2022-04-27/dylan-teuns-profiteert-van-winst-in-waalse-pijl-om-in-romandie-te-zegevieren-op-mijn-lijf-geschreven,text/html,200,sha1:MYYETTBYF6L34MD73V6DLWLYWPLCXMLN,26198,51658065,CC-NEWS-20220427222057-00750.warc.gz,04,2022
"pl,interia,sport)/skoki-narciarskie/news-skoki-narciarskie-ps-w-planicy-farsa-w-trakcie-kwalifikacji-,nid,5126964",20210324181822,"https://sport.interia.pl/skoki-narciarskie/news-skoki-narciarskie-ps-w-planicy-farsa-w-trakcie-kwalifikacji-,nId,5126964",text/html,200,sha1:IFF7VALWCBCNXU5I64H34EI5U5WNZGJ3,45900,569729944,CC-NEWS-20210324174643-00892.warc.gz,03,2021
"info,amur)/news/2020/11/24/181451",20201124061526,https://www.amur.info/news/2020/11/24/181451,text/html,200,sha1:QSUAJOLYSRB43HY7Q4MNHPHPQ5XQIKHZ,15280,634157419,CC-NEWS-20201124050850-00827.warc.gz,11,2020
"com,globalcapital)/article/z6j6w3dvzgrm/asiamoney-private-banking-poll-2016-full-results",20160913065438,http://www.globalcapital.com/article/z6j6w3dvzgrm/asiamoney-private-banking-poll-2016-full-results,text/html,200,sha1:I6RWQBUQVND6GWTYMMEHCQ4CTR6CSEBU,20906,584778148,CC-NEWS-20160912145202-00019.warc.gz,09,2016
"com,championat)/tennis/news-2779918-sharapova-v-pervom-matche-posle-vozvraschenija-na-kort-sygraet-v-shtutgarte-s-vinchi.html",20170422151431,https://www.championat.com/tennis/news-2779918-sharapova-v-pervom-matche-posle-vozvraschenija-na-kort-sygraet-v-shtutgarte-s-vinchi.html,text/html,200,sha1:5RHQZQMIMVGEMUQMA25ZP5ELU33VB2SI,20134,655264509,CC-NEWS-20170422110027-00336.warc.gz,04,2017
"com,etvbharat)/gujarati/gujarat/gallery/celebrities/in-pictures-sonakshi-sinhas-love-affair-with-maldives/gj20220410182201066",20220410132125,https://www.etvbharat.com/gujarati/gujarat/gallery/celebrities/in-pictures-sonakshi-sinhas-love-affair-with-maldives/gj20220410182201066,text/html,200,sha1:TCLOCIZFA6HUTDFKJM5NGAE7OZEU5QVF,17596,907941510,CC-NEWS-20220410121207-00389.warc.gz,04,2022
"com,pardaphash,hindi)/yusuf-pathan-announces-retirement-from-all-formats-of-international-cricket",20210226141125,https://hindi.pardaphash.com/yusuf-pathan-announces-retirement-from-all-formats-of-international-cricket/,text/html,200,sha1:5AJWLOMFMPA2N2BD2FF7TOZVH6HI2MC6,22788,227310012,CC-NEWS-20210226135934-00444.warc.gz,02,2021
"com,sfgate)/weather/article/wa-pendleton-or-zone-forecast-14937256.php",20191229132945,https://www.sfgate.com/weather/article/WA-Pendleton-OR-Zone-Forecast-14937256.php,text/html,200,sha1:HHMAM4LUNJW3VOX64Z7HHY3ZODVOFYCA,30535,569570365,CC-NEWS-20191229121234-00153.warc.gz,12,2019
"com,yahoo)/news/waynesboro-man-killed-crash-184639794.html",20240402194953,https://www.yahoo.com/news/waynesboro-man-killed-crash-184639794.html,text/html,200,sha1:OVBO5SUIGDKCYCZVEKWA4QFPTDFSHYZS,173408,937866566,CC-NEWS-20240402185700-03259.warc.gz,04,2024
"net,almowaten)/2023/06/%d8%a7%d9%84%d9%86%d8%a7%d8%a6%d8%a8-%d8%a7%d9%84%d8%b9%d8%a7%d9%85-%d9%8a%d8%af%d8%b4%d9%86-%d9%86%d8%b8%d8%a7%d9%85-%d8%b9%d8%af%d8%a7%d9%84%d8%a9-%d8%a7%d9%84%d8%a5%d9%84%d9%83%d8%aa%d8%b1%d9%88",20230620091005,https://www.almowaten.net/2023/06/%D8%A7%D9%84%D9%86%D8%A7%D8%A6%D8%A8-%D8%A7%D9%84%D8%B9%D8%A7%D9%85-%D9%8A%D8%AF%D8%B4%D9%86-%D9%86%D8%B8%D8%A7%D9%85-%D8%B9%D8%AF%D8%A7%D9%84%D8%A9-%D8%A7%D9%84%D8%A5%D9%84%D9%83%D8%AA%D8%B1%D9%88/,text/html,200,sha1:HA6MPLB4DGO7PGEEBQCUEZA3AL7S4H6M,22779,1058254257,CC-NEWS-20230620081206-03433.warc.gz,06,2023
"se,vk)/2023-06-05/nischmedier-till-regeringen-glom-inte-oss",20230605221938,https://www.vk.se/2023-06-05/nischmedier-till-regeringen-glom-inte-oss,text/html,200,sha1:6DF5CJDVSZBIWJPPJAKJAJNXRANUI3DD,4306,517392090,CC-NEWS-20230605214906-03110.warc.gz,06,2023
"com,nbc15)/content/news/father-gets-call-saying-his-son-is-dead-it-turns-out-to-be-a-scam-566168701.html?ref=701",20191216081810,https://www.nbc15.com/content/news/Father-gets-call-saying-his-son-is-dead-It-turns-out-to-be-a-scam-566168701.html?ref=701,text/html,200,sha1:ZKRNZLBZNI4YKLPPHFRCE5QK4VTEUR3Z,19943,818369230,CC-NEWS-20191216063800-02283.warc.gz,12,2019
"cz,blesk,isport)/clanek/hokej-tipsport-extraliga-rozcestnik-sezony-generali-play-off/393598/semifinale-play-off-v-liberci-s-divaky-klub-poslal-zadost-blatnemu.html",20210326015243,https://isport.blesk.cz/clanek/hokej-tipsport-extraliga-rozcestnik-sezony-generali-play-off/393598/semifinale-play-off-v-liberci-s-divaky-klub-poslal-zadost-blatnemu.html,text/html,200,sha1:5RXTW5IU6GLZROPQXIYC2OZ5BXYUZ2JJ,52522,372785205,CC-NEWS-20210326011731-00919.warc.gz,03,2021
"com,heraldonline)/entertainment/article233606997.html",20190807050751,https://www.heraldonline.com/entertainment/article233606997.html,text/html,200,sha1:7EPC765UP6VY53KALIELYF7I3GL76NLW,30634,426360565,CC-NEWS-20190807035851-00804.warc.gz,08,2019
"net,finanzen)/nachricht/aktien/cancom-aktie-kursbewegung-06-06-2023-11202100",20230606145501,https://www.finanzen.net/nachricht/aktien/cancom-aktie-kursbewegung-06-06-2023-11202100,text/html,200,sha1:6S2QE6XN62WL4XS5O2E2NKADJ74TLAEL,46747,498713270,CC-NEWS-20230606143637-03126.warc.gz,06,2023
"com,westport-news)/news/crime/article/tennessee-police-charge-20-year-old-in-boy-s-14892398.php",20191209145933,https://www.westport-news.com/news/crime/article/Tennessee-police-charge-20-year-old-in-boy-s-14892398.php,text/html,200,sha1:B7W5WEYPLYYXY6EK6TDYXXQZNVQ5S2KW,13646,357181456,CC-NEWS-20191209142938-02203.warc.gz,12,2019
"com,prnewsleader)/uncategorized/49582/membrane-waste-water-remedy-wwt-marketplace-enjoy-a-important-affect-in-2020-influenced-through-covid-19-pandemic",20210301033111,https://prnewsleader.com/uncategorized/49582/membrane-waste-water-remedy-wwt-marketplace-enjoy-a-important-affect-in-2020-influenced-through-covid-19-pandemic/,text/html,200,sha1:2W5HJ3WHPE4ZTN27D6F5N4HBYP4DU5PQ,14280,863033866,CC-NEWS-20210301012354-00478.warc.gz,03,2021
"it,aostasports)/2023/06/05/leggi-notizia/argomenti/altri-sport-3/articolo/karate-superamento-esami-di-graduazione-per-12-atleti-valdostani.html",20230605195843,https://www.aostasports.it/2023/06/05/leggi-notizia/argomenti/altri-sport-3/articolo/karate-superamento-esami-di-graduazione-per-12-atleti-valdostani.html,text/html,200,sha1:GLWRJRUKYSHCXBTGT5GE6PZI7DN3XPNY,11526,957306812,CC-NEWS-20230605191727-03107.warc.gz,06,2023
"com,tribunnews,pontianak)/2021/03/01/berikan-rasa-aman-selama-ibadah-minggu-bripka-pepel-lakukan-pengamanan-di-gereja-gke-desa-monterado",20210301113629,https://pontianak.tribunnews.com/2021/03/01/berikan-rasa-aman-selama-ibadah-minggu-bripka-pepel-lakukan-pengamanan-di-gereja-gke-desa-monterado,text/html,200,sha1:3LNTX6WAJ6NFNNEXRDGR3KBKYNLLQEGH,23286,915465685,CC-NEWS-20210301103526-00483.warc.gz,03,2021
"hu,baon)/kek-hirek/helyi-kek-hirek/tuz-utott-ki-egy-helveciai-kazanhazban-3369055",20201109163006,https://www.baon.hu/kek-hirek/helyi-kek-hirek/tuz-utott-ki-egy-helveciai-kazanhazban-3369055/,text/html,200,sha1:XDDZWZNNOOEEUNOOH5CNPTBODDMTOZTE,32323,994503470,CC-NEWS-20201109153202-00594.warc.gz,11,2020
"com,hola,mx)/actualidad/2017042617692/emotivo-encuentro-abuelita-perro-chihuahua",20170430021200,http://mx.hola.com/actualidad/2017042617692/emotivo-encuentro-abuelita-perro-chihuahua/,text/html,200,sha1:2IQZXD2FM4DD6GHVAIRVJ35RDDOF5JHB,16572,630526149,CC-NEWS-20170429212901-00005.warc.gz,04,2017
"no,folkebladet)/sport/i/o80boe/vil-sette-tak-paa-antall-treninger-for-barn",20230602195145,https://www.folkebladet.no/sport/i/O80boE/vil-sette-tak-paa-antall-treninger-for-barn,text/html,200,sha1:USTPCDPONITTBMIJMGO3BSGHPVYMVJKQ,25878,296324466,CC-NEWS-20230602193800-03052.warc.gz,06,2023
"com,emissourian)/sports/ft-zumwalt-north-edges-past-golf-jays/article_77e45ae4-c24f-11ec-8419-4341ce5759a6.html",20220424204558,https://www.emissourian.com/sports/ft-zumwalt-north-edges-past-golf-jays/article_77e45ae4-c24f-11ec-8419-4341ce5759a6.html,text/html,200,sha1:4PKDZQ7FYSJOAJ77CKW6TQY76ZFVTUQC,34674,940025883,CC-NEWS-20220424194005-00680.warc.gz,04,2022
"com,elnuevoherald)/noticias/sur-de-la-florida/article147632119.html",20170429235602,http://www.elnuevoherald.com/noticias/sur-de-la-florida/article147632119.html,text/html,200,sha1:AMMJV2FN6ZVPBN6WOCAGBHGLKYUHZQ5V,29594,368817712,CC-NEWS-20170429212901-00005.warc.gz,04,2017
"de,zvw)/lokales/berglen/s%c3%a4ge-am-stiel-wie-die-mistelaktion-in-berglen-den-schmarotzern-zu-leibe-r%c3%bcckt_arid-314261",20210208110547,https://www.zvw.de/lokales/berglen/s%C3%A4ge-am-stiel-wie-die-mistelaktion-in-berglen-den-schmarotzern-zu-leibe-r%C3%BCckt_arid-314261,text/html,200,sha1:2OIGY3AVZHZIOW4TBIQLFDLPVM4ZNLYT,11943,695783959,CC-NEWS-20210208101648-00114.warc.gz,02,2021
"it,zazoom)/2023-06-20/napoli-clochard-picchiato-a-morte-a-pomigliano-al-vaglio-immagini-telecamere-3/13083813",20230620143518,https://www.zazoom.it/2023-06-20/napoli-clochard-picchiato-a-morte-a-pomigliano-al-vaglio-immagini-telecamere-3/13083813/,text/html,200,sha1:2VVHCQRFXFP4RDWGTIPZXYFK5YOP6MPT,22708,4893214,CC-NEWS-20230620143508-03441.warc.gz,06,2023
"kr,co,mk)/news/society/10997071",20240422145101,https://www.mk.co.kr/news/society/10997071,text/html,200,sha1:K7VOZKEGL42WLDG5SKNZLFYSCEWCSMR2,19902,671153428,CC-NEWS-20240422141440-03629.warc.gz,04,2024
"com,fox5dc)/news/korean-war-vet-laid-to-rest-in-maryland-decades-after-war-ended",20220424211502,https://www.fox5dc.com/news/korean-war-vet-laid-to-rest-in-maryland-decades-after-war-ended,text/html,200,sha1:SXAJD3K3UDYVQ6EHXZUF4Q4CD2QLNZJV,31305,199595319,CC-NEWS-20220424205641-00681.warc.gz,04,2022
"com,osijek031)/osijek.php?topic_id=85871",20210228123537,http://www.osijek031.com/osijek.php?topic_id=85871,text/html,200,sha1:LHK3MHBXHIQXRLLEC6DTTGBUN26TWDEN,9702,179602155,CC-NEWS-20210228121919-00471.warc.gz,02,2021
"com,sportskeeda)/cricket/news-ind-v-eng-i-feel-india-leave-kuldeep-yadav-again-brad-hogg",20210208062542,https://www.sportskeeda.com/cricket/news-ind-v-eng-i-feel-india-leave-kuldeep-yadav-again-brad-hogg,text/html,200,sha1:MFWWSGRYGW4YWBAMFSODWWXW47H7SFQB,61515,515686671,CC-NEWS-20210208052713-00111.warc.gz,02,2021
"hu,blikk)/aktualis/kulfold/korona-virus-leghosszabb-fertozottseg/p09g8z5",20240420065055,https://www.blikk.hu/aktualis/kulfold/korona-virus-leghosszabb-fertozottseg/p09g8z5,text/html,200,sha1:EHF6Q4UKXNABA7SPXWK2QLRG24UWHDCD,37579,446945573,CC-NEWS-20240420061440-03592.warc.gz,04,2024
"com,registercitizen)/news/article/lebanon-court-asks-port-blast-lead-investigator-15959654.php",20210218151347,https://www.registercitizen.com/news/article/Lebanon-court-asks-port-blast-lead-investigator-15959654.php,text/html,200,sha1:MWY4CUSOF5V5OAJSTYNMCDVR7JUTUYFF,20639,124364086,CC-NEWS-20210218150836-00302.warc.gz,02,2021
"de,mdr)/nachrichten/sachsen-anhalt/enquete-kommission-manifest-rundfunk-100.html",20240405181958,https://www.mdr.de/nachrichten/sachsen-anhalt/enquete-kommission-manifest-rundfunk-100.html,text/html,200,sha1:JWRCCMXUZC67NULXCEQDR7N557DR53ZE,17247,422467355,CC-NEWS-20240405175649-03322.warc.gz,04,2024
"com,12news)/article/news/local/valley/dps-loop-101-wrong-way-driver-arrested-on-2nd-degree-murder-charge/75-23005140-f61f-4d74-bf45-1700cf12e8b6",20190822180239,https://www.12news.com/article/news/local/valley/dps-loop-101-wrong-way-driver-arrested-on-2nd-degree-murder-charge/75-23005140-f61f-4d74-bf45-1700cf12e8b6,text/html,200,sha1:VLC6M6ALCGMCY5DDSG2ETDL52G3TSQYM,13001,547429754,CC-NEWS-20190822171457-00967.warc.gz,08,2019
"ru,tass)/ekonomika/17910985",20230602080925,https://tass.ru/ekonomika/17910985,text/html,200,sha1:DZWLXIPZVGDDG7QRR44XUXYGMWGMFFAK,16964,790826744,CC-NEWS-20230602071956-03037.warc.gz,06,2023
"com,top40-charts)/news.php?nid=165202",20210311180538,https://top40-charts.com/news.php?nid=165202,text/html,200,sha1:Y2AS6MZ4GDSMWQNDLVK7WCCNJDJCE3U2,19028,539786852,CC-NEWS-20210311173820-00669.warc.gz,03,2021
"ph,com,philips)/healthcare/product/hc989803143691/philips-avalon-ultrasound-transducer/supplies",20201130023112,https://www.philips.com.ph/healthcare/product/HC989803143691/philips-avalon-ultrasound-transducer/supplies,text/html,200,sha1:LLALR6EGRX2A75B3KS3VL2SOG5AST3JT,38009,58160564,CC-NEWS-20201130022903-00918.warc.gz,11,2020
"nl,telegraaf)/sport/1559347276/romee-leuchter-en-alieke-tuin-eerste-afvallers-bij-wk-selectie-leeuwinnen?utm_medium=rss&utm_source=rss",20230621192207,https://www.telegraaf.nl/sport/1559347276/romee-leuchter-en-alieke-tuin-eerste-afvallers-bij-wk-selectie-leeuwinnen?utm_source=RSS&utm_medium=RSS,text/html,200,sha1:SE6R63S5V5AGWOVBY43BLGSGAPD2TL7C,65580,339191279,CC-NEWS-20230621190826-03474.warc.gz,06,2023
"org,quasimezzogiorno)/news/cristina-trivulzio-una-madre-della-patria-tutta-da-riscoprire",20201121082526,https://www.quasimezzogiorno.org/news/cristina-trivulzio-una-madre-della-patria-tutta-da-riscoprire/,text/html,200,sha1:PNYI5CKEMREIOVHCGOMN5M72TPLSIHPZ,15082,785187854,CC-NEWS-20201121070507-00788.warc.gz,11,2020
"com,efe)/efe/espana/deportes-redes-sociales/hinchas-de-gremio-invaden-cancha-tras-caer-al-penultimo-puesto-ante-palmeiras/50001350-4665204?utm_campaign=rss&utm_medium=rss&utm_source=wwwefecom",20211101033623,https://www.efe.com/efe/espana/deportes-redes-sociales/hinchas-de-gremio-invaden-cancha-tras-caer-al-penultimo-puesto-ante-palmeiras/50001350-4665204?utm_source=wwwefecom&utm_medium=rss&utm_campaign=rss,text/html,200,sha1:43L3EBKG2XOOHVIKPGOMAAUJWVAY64RU,14598,253981020,CC-NEWS-20211101030849-00091.warc.gz,11,2021
"it,leggo)/italia/cronache/napoli_inseguimento_auto_rubata_riders_oggi_28_4_2024-8085815.html",20240428191541,https://www.leggo.it/italia/cronache/napoli_inseguimento_auto_rubata_riders_oggi_28_4_2024-8085815.html,text/html,200,sha1:ELHFCGSRFAS5NS4IM2PUFYKOMK3G5H5D,65454,686120649,CC-NEWS-20240428182631-03745.warc.gz,04,2024
"com,gjsentinel)/news/western_colorado/two-arrested-in-horizon-drive-murder-case/article_dc818500-c4d7-11ec-9dba-67c9666f67f4.html",20220426135917,https://www.gjsentinel.com/news/western_colorado/two-arrested-in-horizon-drive-murder-case/article_dc818500-c4d7-11ec-9dba-67c9666f67f4.html,text/html,200,sha1:PXDX74D3VE4YKQ2E4UE4TRAM6CUEWCUL,65336,635561261,CC-NEWS-20220426133200-00715.warc.gz,04,2022
"com,reuters,uk)/article/us-usa-court-obamacare-idukkbn0ni1i920150427",20170406014301,http://uk.reuters.com/article/us-usa-court-obamacare-idUKKBN0NI1I920150427,text/html,200,sha1:2JNBQ5NKOE7AH7IBC76GQGT6DO5OMLJV,15586,271972989,CC-NEWS-20170405235629-00266.warc.gz,04,2017
"com,ktvu)/money/how-to-boost-savings-low-interest-rates",20210226205610,https://www.ktvu.com/money/how-to-boost-savings-low-interest-rates,text/html,200,sha1:NULMGSMLRKX3PGWHNNGO5L3RUBBZDGYX,722098,34529362,CC-NEWS-20210226205417-00451.warc.gz,02,2021
"au,net,fijitimes)/sit-in-the-back-seat-and-wear-a-face-mask",20211129112125,https://fijitimes.net.au/sit-in-the-back-seat-and-wear-a-face-mask/,text/html,200,sha1:4PRTJTYLU5KET2P355OLBWJX33GXPTOG,22876,942687059,CC-NEWS-20211129102326-00671.warc.gz,11,2021
"com,univision)/horoscopos/libra/horoscopo-de-libra-sabado-27-de-marzo-2021",20210327005649,https://www.univision.com/horoscopos/libra/horoscopo-de-libra-sabado-27-de-marzo-2021,text/html,200,sha1:WYI5RSPCNNV6X6VDDF75ACRU6DYJXGLJ,88060,347601624,CC-NEWS-20210327002306-00939.warc.gz,03,2021
"si,sta)/2836282/who-ljudje-morajo-kljub-pandemiji-ostati-aktivni",20201126092741,https://www.sta.si/2836282/who-ljudje-morajo-kljub-pandemiji-ostati-aktivni,text/html,200,sha1:SNW55VMBQXTSUDE47TBAYPZ3U5XM6APP,5358,443963668,CC-NEWS-20201126085420-00865.warc.gz,11,2020
"it,ilriformista)/cottarelli-se-azione-piu-europa-si-fossero-messi-insieme-mi-sarei-candidato-questa-lotta-fratricida-non-voglio-partecipare-416428",20240408100008,https://www.ilriformista.it/cottarelli-se-azione-piu-europa-si-fossero-messi-insieme-mi-sarei-candidato-questa-lotta-fratricida-non-voglio-partecipare-416428/,text/html,200,sha1:R4SVUDGDE5F7F2PQBPVION75YBOS65EF,58012,779952544,CC-NEWS-20240408090813-03360.warc.gz,04,2024
"com,westport-news)/news/world/article/india-suspends-internet-and-phone-services-to-14923620.php",20191221114154,https://www.westport-news.com/news/world/article/India-suspends-internet-and-phone-services-to-14923620.php,text/html,200,sha1:2INNSNJC644OQJZEUNDB6WT4XDK4FLHS,22128,285670679,CC-NEWS-20191221110409-00067.warc.gz,12,2019
"com,yahoo,sports)/led-defense-no-6-maryland-201100621.html",20240407032430,https://sports.yahoo.com/led-defense-no-6-maryland-201100621.html,text/html,200,sha1:ONMCALD3ZLNOTFQYA5KL5FWJUGIKFT43,177374,1061739151,CC-NEWS-20240407011242-03341.warc.gz,04,2024
"com,goal)/en-ug/news/time-man-utd-prove-media-wrong-rangnick/blt61a1675f3e943dd4",20220416094211,https://www.goal.com/en-ug/news/time-man-utd-prove-media-wrong-rangnick/blt61a1675f3e943dd4,text/html,200,sha1:NYWILWPHR6VAFJPYIMWE7LB4V6SXJV4F,25167,143845301,CC-NEWS-20220416092905-00515.warc.gz,04,2022
"com,corsematin)/articles/zero-dechet-retour-aux-sources-en-balagne-avec-leau-des-fontaines-121672",20211117141448,https://www.corsematin.com/articles/zero-dechet-retour-aux-sources-en-balagne-avec-leau-des-fontaines-121672,text/html,200,sha1:7L52CEBYRLBY6GPWTXNLCWE2ZKM52Y3D,14942,650367656,CC-NEWS-20211117135057-00439.warc.gz,11,2021
"de,rp-online)/nrw/staedte/moenchengladbach/moenchengladbach-rettungshubschrauber-einsatz-nach-arbeitsunfall_aid-110174033",20240405182901,https://rp-online.de/nrw/staedte/moenchengladbach/moenchengladbach-rettungshubschrauber-einsatz-nach-arbeitsunfall_aid-110174033,text/html,200,sha1:XYQ63W7IR3UM5LVQQVTAU5TSZHZEXYLL,34558,558769440,CC-NEWS-20240405175649-03322.warc.gz,04,2024
"gt,com,agn)/index.php/2017/04/22/el-sevilla-gana-2-0-al-granada-con-un-doblete-del-brasileno-ganso",20170422192422,http://agn.com.gt/index.php/2017/04/22/el-sevilla-gana-2-0-al-granada-con-un-doblete-del-brasileno-ganso/,text/html,200,sha1:NBPWSMC6IEAMZGXEPLQGKFYXQDOFHZ2E,16928,255865721,CC-NEWS-20170422174917-00337.warc.gz,04,2017
"com,fourstateshomepage)/news/international/n-korea-marks-key-anniversary-but-no-word-on-army-parade",20220416020810,https://www.fourstateshomepage.com/news/international/n-korea-marks-key-anniversary-but-no-word-on-army-parade/,text/html,200,sha1:DYX3FM2WELZ6ST2VE4CS6Z4XZTRBX6KB,70849,777387627,CC-NEWS-20220416003843-00510.warc.gz,04,2022
"com,straitstimes)/singapore/trying-to-break-the-cycle-of-family-violence",20210207215934,https://www.straitstimes.com/singapore/trying-to-break-the-cycle-of-family-violence,text/html,200,sha1:6XRXQCWIJE7FHRFA4BUNB546DACRBQ57,32895,898487426,CC-NEWS-20210207202655-00107.warc.gz,02,2021
"com,thedailyreporteronline)/subscribe?redirect_to=/news/2020/11/05/two-mall-operators-file-for-bankruptcy-protection/",20210212222109,http://www.thedailyreporteronline.com/subscribe/?redirect_to=/news/2020/11/05/two-mall-operators-file-for-bankruptcy-protection/,text/html,200,sha1:YEPJ7IJGK3LTCG3OYOTTSZ2W7Z5GK36Y,123562,229360075,CC-NEWS-20210212220237-00206.warc.gz,02,2021
"info,marchenotizie)/56771/raccolta-tartufi-le-norme-nelle-marche",20201117183553,https://www.marchenotizie.info/56771/raccolta-tartufi-le-norme-nelle-marche,text/html,200,sha1:Z262QKFRNNVNCXDJTBXLSKFGTKAJY3U3,15740,754178569,CC-NEWS-20201117175043-00725.warc.gz,11,2020
"net,marseillenews)/news/sante/coronavirus-le-miracle-de-madrid-la-communaute-depasse-tous-les-criteres-imposes-par-sanchez-pour-le-confiner-38511.html",20201117082755,https://www.marseillenews.net/news/sante/coronavirus-le-miracle-de-madrid-la-communaute-depasse-tous-les-criteres-imposes-par-sanchez-pour-le-confiner-38511.html,text/html,200,sha1:PTDOZ4JDLDYIXVPUYNPOMNFVTQIMB67Y,26496,521284760,CC-NEWS-20201117074333-00716.warc.gz,11,2020
"vn,danviet,thegioitiepthi)/ra-mat-le-hoi-wonderfest-diem-nhan-moi-cho-du-lich-viet-nam-20230601153904314.htm",20230601093125,https://thegioitiepthi.danviet.vn/ra-mat-le-hoi-wonderfest-diem-nhan-moi-cho-du-lich-viet-nam-20230601153904314.htm,text/html,200,sha1:HMCFDG423HXGL2J35B46JMSBNRVQQEBX,18991,423111026,CC-NEWS-20230601090852-03013.warc.gz,06,2023
"org,familio)/persons/c8fceb65-9bb9-475f-9df5-46e991686ad1",20240426101748,https://familio.org/persons/c8fceb65-9bb9-475f-9df5-46e991686ad1,text/html,200,sha1:GJQHNCPBFQUOIZUTROK4AQ4EMSMDD727,13986,585889094,CC-NEWS-20240426094654-03705.warc.gz,04,2024
"com,westport-news)/business/article/gop-pushes-bills-to-allow-social-media-16007229.php",20210307191047,https://www.westport-news.com/business/article/GOP-pushes-bills-to-allow-social-media-16007229.php,text/html,200,sha1:GW5LA6YFNY6FTFPERDZN5LINHZZLFKHY,23732,49210185,CC-NEWS-20210307190521-00595.warc.gz,03,2021
"com,milforddailynews)/story/news/2021/02/05/metrowest-environmental-enthusiasts-say-biden-presidency-breath-fresh-air/4343287001",20210206012123,https://www.milforddailynews.com/story/news/2021/02/05/metrowest-environmental-enthusiasts-say-biden-presidency-breath-fresh-air/4343287001/,text/html,200,sha1:443DYD7VBJLSBMOXMBBK5LH6DQKI5A2U,41959,356876074,CC-NEWS-20210206004954-00084.warc.gz,02,2021
"br,com,uol,tnonline)/noticias/esportes/ponte-preta-espera-anunciar-reforcos-ate-o-fechamento-da-janela-de-transferencias-633120",20220422013841,https://tnonline.uol.com.br/noticias/esportes/ponte-preta-espera-anunciar-reforcos-ate-o-fechamento-da-janela-de-transferencias-633120,text/html,200,sha1:5BYQKG2FE5O5WIVSBZFTHS6RD6VICM3Z,13719,403596449,CC-NEWS-20220422010700-00629.warc.gz,04,2022
"com,tt)/artikel/17919312/schweizer-stimmten-fuer-verhuellungsverbot",20210308002454,https://www.tt.com/artikel/17919312/schweizer-stimmten-fuer-verhuellungsverbot,text/html,200,sha1:S2WHN7BGEUVKEZ7OHTWLIIZ6ORBGCHL6,36342,854350959,CC-NEWS-20210307223155-00597.warc.gz,03,2021
"de,wolfsburger-nachrichten)/gifhorn/article231031548/gifhorner-kirche-gestaltet-lobgesang-zum-advent.html",20201129222556,https://www.wolfsburger-nachrichten.de/gifhorn/article231031548/Gifhorner-Kirche-gestaltet-Lobgesang-zum-Advent.html,text/html,200,sha1:GPFNBVO4HFAK4ZIIFL3CRC6FWXA2XEVF,97097,876781602,CC-NEWS-20201129205620-00914.warc.gz,11,2020
"com,antena2)/futbol/liga-betplay/america-de-cali-ya-piensa-en-2022-los-5-primeros-refuerzos-que-quiere-tulio",20211124223154,https://www.antena2.com/futbol/liga-betplay/america-de-cali-ya-piensa-en-2022-los-5-primeros-refuerzos-que-quiere-tulio,text/html,200,sha1:M3IQX5XJZAUSXUEZWA3RY4BOB4ZBIE2B,23734,1016860247,CC-NEWS-20211124213818-00594.warc.gz,11,2021
"gr,stoxos)/2023/06/blog-post_394.html",20230611152301,https://www.stoxos.gr/2023/06/blog-post_394.html,text/html,200,sha1:UIVTNFLI4NIAKCRLPZJWTOOYHJSPUZZY,109881,1028369283,CC-NEWS-20230611140900-03240.warc.gz,06,2023
"com,whatsonstage)/shows/lowestoft-theatre/menopause-the-musical-2-cruising-through-menopause_219090",20191220125940,https://www.whatsonstage.com/shows/lowestoft-theatre/menopause-the-musical-2-cruising-through-menopause_219090,text/html,200,sha1:DXI764BV7ODYDWHDIK4TLRQDDQRZPMGT,30955,1071718791,CC-NEWS-20191220120922-00051.warc.gz,12,2019
"ph,net,tribune)/2024/04/11/mmda-edsa-busway-violators-fewer",20240411031432,https://tribune.net.ph/2024/04/11/mmda-edsa-busway-violators-fewer,text/html,200,sha1:XD4DQ6XJZT37BWPS7VPLHDS5DNN7E6EK,72923,807178450,CC-NEWS-20240411015536-03417.warc.gz,04,2024
"ua,focus)/opinions/476167-ne-povtorit-sudbu-sarkozi-pochemu-prigovor-eks-prezidentu-francii-urok-dlya-zelenskogo",20210302134256,https://focus.ua/opinions/476167-ne-povtorit-sudbu-sarkozi-pochemu-prigovor-eks-prezidentu-francii-urok-dlya-zelenskogo,text/html,200,sha1:IPYP2JYI22B3LZKURS4MGUSXNSRHVP5I,20436,593972600,CC-NEWS-20210302131105-00504.warc.gz,03,2021
"uk,co,dailymail)/news/article-9315731/fury-thug-choked-girlfriend-seziure-sydney-hotel-released-jail.html",20210302104657,https://www.dailymail.co.uk/news/article-9315731/Fury-thug-choked-girlfriend-seziure-Sydney-hotel-released-jail.html,text/html,200,sha1:M6PBYNJ4LUUZS7D6YIZ4Z5T67C2J2ZQW,92397,709103877,CC-NEWS-20210302095303-00501.warc.gz,03,2021
"org,familio)/persons/ae4012b7-af4c-480b-a4d8-dab52cfb5898",20240418011253,https://familio.org/persons/ae4012b7-af4c-480b-a4d8-dab52cfb5898,text/html,200,sha1:6D7RJ4DFI4BISLWVSPUU3OMFRW3SQLGZ,14580,433831836,CC-NEWS-20240418003054-03546.warc.gz,04,2024
"it,aostasports)/2023/06/21/leggi-notizia/argomenti/facebook-11/articolo/pioggia-di-novita-per-la-vapelenentse-del-12-luglio-1.html",20230623192333,https://www.aostasports.it/2023/06/21/leggi-notizia/argomenti/facebook-11/articolo/pioggia-di-novita-per-la-vapelenentse-del-12-luglio-1.html,text/html,200,sha1:I7ZUEZWE2FSHVV6YKXZUXYJEMG3HSZM4,11173,592847232,CC-NEWS-20230623185429-03526.warc.gz,06,2023
"com,tvazteca)/aztecauno/exatlon/mejores-momentos/videos/los-heroes-festejan-el-auto-que-gano-christian-en-la-batalla-colosal-lo-mejor-es-que-se-quedo-con-los-azules",20210219081053,https://www.tvazteca.com/aztecauno/exatlon/mejores-momentos/videos/los-heroes-festejan-el-auto-que-gano-christian-en-la-batalla-colosal-lo-mejor-es-que-se-quedo-con-los-azules,text/html,200,sha1:FPI7AOPFUKCFI5BWULEFMSU32U37L7CU,20349,987586133,CC-NEWS-20210219065242-00315.warc.gz,02,2021
"com,okezone,celebrity)/read/2021/02/16/598/2363066/ngakak-banget-abah-uya-takut-kesetrum-henpon",20210216094013,https://celebrity.okezone.com/read/2021/02/16/598/2363066/ngakak-banget-abah-uya-takut-kesetrum-henpon,text/html,200,sha1:KYF3Z7CA54OVWJLGDEE2HPPKYGSC4BNU,16415,709547793,CC-NEWS-20210216085042-00256.warc.gz,02,2021
"com,reuters)/article/us-usa-china-crime-iduskcn11c27q?feedname=domesticnews&feedtype=rss",20160906190338,http://www.reuters.com/article/us-usa-china-crime-idUSKCN11C27Q?feedType=RSS&feedName=domesticNews,text/html,200,sha1:T4JRZ66E2KUQ37IZ7MYP2ZXERH6D6KDR,16099,256432278,CC-NEWS-20160906145201-00013.warc.gz,09,2016
"com,efe)/efe/espana/deportes-redes-sociales/la-academia-del-barcelona-abrira-sucursal-en-puebla-centro-de-mexico/50001350-4052223?utm_campaign=rss&utm_medium=rss&utm_source=wwwefecom",20190829042938,https://www.efe.com/efe/espana/deportes-redes-sociales/la-academia-del-barcelona-abrira-sucursal-en-puebla-centro-de-mexico/50001350-4052223?utm_source=wwwefecom&utm_medium=rss&utm_campaign=rss,text/html,200,sha1:OAPIZHDW2RAHJH4YTZNZF4SUKME4UQJR,11881,714477119,CC-NEWS-20190829023457-01033.warc.gz,08,2019
"com,theintelligencer)/news/article/3rd-degree-murder-count-could-be-reinstated-in-16003568.php",20210305180203,https://www.theintelligencer.com/news/article/3rd-degree-murder-count-could-be-reinstated-in-16003568.php,text/html,200,sha1:FSPVZMZA7TFH2LWZPK4SIVQNELGHVHHR,24044,933045014,CC-NEWS-20210305170649-00567.warc.gz,03,2021
"com,zvuk)/release/9842445",20240423064026,https://zvuk.com/release/9842445,text/html,200,sha1:XN7BYEL3UUEZ64QVAWC3X4YK4RGNQX6H,42681,179616635,CC-NEWS-20240423062524-03641.warc.gz,04,2024
"com,zvuk)/track/16644300",20240413003823,https://zvuk.com/track/16644300,text/html,200,sha1:6IHJUEBGUV7H5D6BYK2BFKKTSWGKT5OW,37992,818684185,CC-NEWS-20240412231310-03457.warc.gz,04,2024
"com,3yonnews)/130205",20170403030122,http://www.3yonnews.com/130205,text/html,200,sha1:ET7SMFO7MYC7JXOSKVYD7N3SYYWCVFHE,9498,77958895,CC-NEWS-20170403022506-00253.warc.gz,04,2017
"com,ccenterdispatch)/news/state/kansas/article_77f8c3a4-c7df-11ec-81c1-37d3ec29840b.html",20220430002443,http://www.ccenterdispatch.com/news/state/kansas/article_77f8c3a4-c7df-11ec-81c1-37d3ec29840b.html,text/html,200,sha1:LDTI57JCMWIYVSRFHQABZUU7VCLN3WVR,48205,378919948,CC-NEWS-20220429235634-00800.warc.gz,04,2022
"ru,mirtesen)/people/30990779",20230625122442,https://mirtesen.ru/people/30990779,text/html,200,sha1:DE4YVVOXZUU4NAGSSBD7TBO2SHIY4HND,53928,217278201,CC-NEWS-20230625120407-03555.warc.gz,06,2023
"nl,alarmeringen)/gelderland/gelderland-zuid/nederasselt/45659859/p2000-politie-naar-rijksweg-in-nederasselt-voor-ongeval-met-letsel.html",20230613173411,https://alarmeringen.nl/gelderland/gelderland-zuid/nederasselt/45659859/p2000-politie-naar-rijksweg-in-nederasselt-voor-ongeval-met-letsel.html,text/html,200,sha1:J7SSI7I3NEFD5ZGJB4XWKPSTBX2ZNQ6I,11905,876171995,CC-NEWS-20230613165921-03287.warc.gz,06,2023
"com,ctpost)/lottery/article/winning-numbers-drawn-in-badger-5-game-16630515.php",20211118042657,https://www.ctpost.com/lottery/article/Winning-numbers-drawn-in-Badger-5-game-16630515.php,text/html,200,sha1:QUP2BBQ6UWZABVLFHJBMXI4ZFIV5VFGG,22698,313012925,CC-NEWS-20211118035848-00455.warc.gz,11,2021
"com,rafu)/2017/04/%e3%82%ab%e3%83%aa%e3%83%95%e3%82%a9%e3%83%ab%e3%83%8b%e3%82%a2%e5%b7%9e%e7%9f%a5%e4%ba%8b-%ef%bc%9a%e5%b9%b2%e3%81%b0%e3%81%a4%e7%b5%82%e4%ba%86%e3%82%92%e5%ae%a3%e8%a8%80",20170412004857,http://www.rafu.com/2017/04/%E3%82%AB%E3%83%AA%E3%83%95%E3%82%A9%E3%83%AB%E3%83%8B%E3%82%A2%E5%B7%9E%E7%9F%A5%E4%BA%8B-%EF%BC%9A%E5%B9%B2%E3%81%B0%E3%81%A4%E7%B5%82%E4%BA%86%E3%82%92%E5%AE%A3%E8%A8%80/,text/html,200,sha1:QL4MGWCVYGCHZK7TZ7QOB2F3FYFP7FT7,17007,352322798,CC-NEWS-20170411230255-00292.warc.gz,04,2017
"gr,in)/2020/11/23/life/stars/astrologikes-provlepseis-gia-ti-deytera-23-noemvriou",20201123140904,https://www.in.gr/2020/11/23/life/stars/astrologikes-provlepseis-gia-ti-deytera-23-noemvriou/,text/html,200,sha1:D4M4UW3IQCZ5XXAWXNSD7IH2QLMAY4RT,32880,344497958,CC-NEWS-20201123134529-00816.warc.gz,11,2020
"de,zvw)/staumelder/weinsberg-kaputter-lkw-auf-a-81-zwischen-heilbronn-untergruppenbach-und-weinsberg-in-richtung-w%c3%bcrzb_staumelderid-210152",20210225123611,https://www.zvw.de/staumelder/weinsberg-kaputter-lkw-auf-a-81-zwischen-heilbronn-untergruppenbach-und-weinsberg-in-richtung-w%C3%BCrzb_staumelderid-210152,text/html,200,sha1:2SS6XUIGX5GFGLINSMDN2YSRL34UM2GX,10305,497318647,CC-NEWS-20210225120919-00422.warc.gz,02,2021
"jp,mynavi,news)/article/20230603-2695333",20230603102823,https://news.mynavi.jp/article/20230603-2695333/,text/html,200,sha1:H7ULEK6VV2ZSJ5R5OYQGPPADAQQG3YLM,36035,122419208,CC-NEWS-20230603101911-03063.warc.gz,06,2023
"com,haberler)/turk-yildizdan-kiskandiracak-gol-9459627-haberi",20170404222018,http://www.haberler.com/turk-yildizdan-kiskandiracak-gol-9459627-haberi/,text/html,200,sha1:CTC4KPDQ73ASBDVFXE53ESSIMEMOVON7,17870,994927037,CC-NEWS-20170404174402-00260.warc.gz,04,2017
"it,musicletter)/home/2020/11/09/elio-e-le-storie-tese-il-trio-medusa-e-cesvi-insieme-per-la-musica?utm_campaign=feed:+mlindienews+(musicletter.it+%e2%98%85+notizie,+recensioni,+interviste,+concerti+e+streaming+(dal+2005))&utm_medium=feed&utm_source=feedburner",20201109220654,https://www.musicletter.it/home/2020/11/09/elio-e-le-storie-tese-il-trio-medusa-e-cesvi-insieme-per-la-musica/?utm_source=feedburner&utm_medium=feed&utm_campaign=Feed%3A+mlindienews+%28MUSICLETTER.IT+%E2%98%85+Notizie%2C+recensioni%2C+interviste%2C+concerti+e+streaming+%28dal+2005%29%29,text/html,200,sha1:7MGYKNIDTX4ZGJWZV27NTLBVEL75BWQ3,25595,709897788,CC-NEWS-20201109211322-00599.warc.gz,11,2020
"ca,tsn)/braydon-coburn-retirement-tampa-bay-lightning-philadelphia-flyers-ottawa-senators-new-york-islanders-1.1720041",20211112174453,https://www.tsn.ca/braydon-coburn-retirement-tampa-bay-lightning-philadelphia-flyers-ottawa-senators-new-york-islanders-1.1720041,text/html,200,sha1:X42VLRPP5ENTFJMWOAEGEMPR2YGASZWR,46500,267758875,CC-NEWS-20211112173327-00343.warc.gz,11,2021
"com,pinkbike)/news/video-15-year-old-shredder-hits-big-freeride-lines-in-farwell-canyon.html?trk=rss",20210313103640,https://www.pinkbike.com/news/video-15-year-old-shredder-hits-big-freeride-lines-in-farwell-canyon.html?trk=rss,text/html,200,sha1:KEKYGDFBSE4OTUEGNKQLZZVMVU57NDRL,10084,626429578,CC-NEWS-20210313093317-00699.warc.gz,03,2021
"com,forextv)/chf-swissfranc/usd-chf-plunges-below-0-9250-amid-risk-aversion-in-the-financial-markets",20211126173543,https://forextv.com/chf-swissfranc/usd-chf-plunges-below-0-9250-amid-risk-aversion-in-the-financial-markets/,text/html,200,sha1:6EP3C7725ZHKHMOGLW6H5C4MZT6UP5SJ,20681,564463454,CC-NEWS-20211126170746-00631.warc.gz,11,2021
"ru,kotofoto)/tolyatti/shop/uid_51356_teploventilyator_timberk_tch_a5_800_ik.html",20201103102631,https://kotofoto.ru/tolyatti/shop/uid_51356_teploventilyator_timberk_tch_a5_800_ik.html,text/html,200,sha1:I6HNMATOHO3J7UJW2ZLTBAMIX57N3H5R,95421,453590332,CC-NEWS-20201103095319-00488.warc.gz,11,2020
"na,com,newera)/2016/09/30/remembering-jorge-risquet-a-real-friend-of-the-namibia",20160930142433,https://www.newera.com.na/2016/09/30/remembering-jorge-risquet-a-real-friend-of-the-namibia/,text/html,200,sha1:LADEB5T7KOBEPFGWZQ3LRT7JKPW27YMG,18742,107954295,CC-NEWS-20160930122238-00006.warc.gz,09,2016
"com,tribunnews,jabar)/2021/03/25/hasil-lengkap-kualifikasi-piala-dunia-2022-timnas-portugal-dan-timnas-belgia-menang-belanda-kalah",20210325041625,https://jabar.tribunnews.com/2021/03/25/hasil-lengkap-kualifikasi-piala-dunia-2022-timnas-portugal-dan-timnas-belgia-menang-belanda-kalah,text/html,200,sha1:G6AK52CSZT4WMTNW6IC3BK52QKSB5W6B,25481,65967755,CC-NEWS-20210325041040-00900.warc.gz,03,2021
"com,nbc)/saturday-night-live/video/update-ann-coulter/n12410",20190824113831,https://www.nbc.com/saturday-night-live/video/update-ann-coulter/n12410,text/html,200,sha1:ATE6IHB23IU7E67JWRU7LZN6Z2SF2GCX,78460,229879576,CC-NEWS-20190824110653-00986.warc.gz,08,2019
"cn,people,en)/n3/2022/0418/c90000-10085146.html",20220418152552,http://en.people.cn/n3/2022/0418/c90000-10085146.html,text/html,200,sha1:L3GAFOA6N4UXG6P3UTNRDCLBJPCSVW6E,5854,603998525,CC-NEWS-20220418145548-00548.warc.gz,04,2022
"de,rp-online)/nrw/staedte/solingen/gebuehren-bei-geschenken-wenn-der-paketbote-zoll-kassiert_aid-47911013",20191220064640,https://rp-online.de/nrw/staedte/solingen/gebuehren-bei-geschenken-wenn-der-paketbote-zoll-kassiert_aid-47911013,text/html,200,sha1:TKJKTUNLZ35ZFWARIVCFDWU4RHL2HL7R,36711,152818451,CC-NEWS-20191220063333-00046.warc.gz,12,2019
"vn,vtc)/nguoi-cu-hagl-vo-dich-thai-league-som-6-vong-dau-ar599310.html",20210305003558,https://vtc.vn/nguoi-cu-hagl-vo-dich-thai-league-som-6-vong-dau-ar599310.html,text/html,200,sha1:J3UUKNLOLHMDVTVRYDIS22M5AUGBW3UW,29338,387431488,CC-NEWS-20210304235903-00554.warc.gz,03,2021
"ru,sia)/?action=show_news&id=411799&section=484",20210319064348,https://sia.ru/?section=484&action=show_news&id=411799,text/html,200,sha1:5V5ZI5NYOMMKXNRPLG5NYXLTNPEX24YF,15256,614168756,CC-NEWS-20210319054551-00798.warc.gz,03,2021
"za,co,homify)/projects/1197495/single-chalk-white-roll-up-garage-doors",20230623165850,https://www.homify.co.za/projects/1197495/single-chalk-white-roll-up-garage-doors,text/html,200,sha1:QNCANYDIJR4NMNVGUV3DIJN72KSP4BI7,18229,673655033,CC-NEWS-20230623163250-03523.warc.gz,06,2023
"de,finanznachrichten)/nachrichten-2021-02/51999124-hhla-erzielt-2020-positives-ergebnis-trotz-rueckstellung-fuer-effizienzprogramm-573.htm",20210212020626,https://www.finanznachrichten.de/nachrichten-2021-02/51999124-hhla-erzielt-2020-positives-ergebnis-trotz-rueckstellung-fuer-effizienzprogramm-573.htm,text/html,200,sha1:XDQIAGYQVJBSUGCTCRKOEL56DRWZXICQ,13704,247671708,CC-NEWS-20210212014215-00189.warc.gz,02,2021
"org,cubanet)/noticias/estrenan-en-eeuu-nuevo-documental-sobre-elian",20170421175455,https://www.cubanet.org/noticias/estrenan-en-eeuu-nuevo-documental-sobre-elian/,text/html,200,sha1:WKMT4DFPFMW74NYF2KIOHZ3KY6BI6BIH,16390,339533331,CC-NEWS-20170421163444-00333.warc.gz,04,2017
"ua,24tv)/ru/zelenskij-provel-srochnuju-stavku-osnovnoe-vnimanie-tragedii-s-ukrytiem_n2326615",20230602112118,https://24tv.ua/ru/zelenskij-provel-srochnuju-stavku-osnovnoe-vnimanie-tragedii-s-ukrytiem_n2326615,text/html,200,sha1:W5E72ZPAZSYHIDGOAASDHJL6YGRC3CBN,39139,276979525,CC-NEWS-20230602110907-03041.warc.gz,06,2023
"com,manisteenews)/weather/article/us-forecast-16058187.php",20210327211058,https://www.manisteenews.com/weather/article/US-Forecast-16058187.php,text/html,200,sha1:DWGVTBQC2KANF3JLWIM36QVS646CNFAH,24926,842260512,CC-NEWS-20210327194328-00952.warc.gz,03,2021
"com,marketscreener)/news/latest/kbra-assigns-preliminary-ratings-to-gcat-2021-nqm1-trust-gcat-2021-nqm1--32555430?utm_content=20210226&utm_medium=rss",20210226192614,https://www.marketscreener.com/news/latest/KBRA-Assigns-Preliminary-Ratings-to-GCAT-2021-NQM1-Trust-GCAT-2021-NQM1--32555430/?utm_medium=RSS&utm_content=20210226,text/html,200,sha1:VUNYRFGCNAGYZSIOMI2S7UMOUQUFJ7FN,27827,871181804,CC-NEWS-20210226183745-00449.warc.gz,02,2021
"com,patrika)/jabalpur-news/mayor-s-election-through-councilors-in-mp-again-challenged-high-court-5559673",20191226164352,https://www.patrika.com/jabalpur-news/mayor-s-election-through-councilors-in-mp-again-challenged-high-court-5559673/,text/html,200,sha1:TPGGAAO73VWTLEN627P45YOAW6IUN23G,16530,589925514,CC-NEWS-20191226154824-00122.warc.gz,12,2019
"it,cataniaoggi)/catania/festivita-pasquali-in-sicurezza-i-risultati-dellazione-della-polizia-02-04-2024?utm_campaign=festivita-pasquali-in-sicurezza-i-risultati-dellazione-della-polizia&utm_medium=rss&utm_source=rss",20240403041809,https://cataniaoggi.it/catania/festivita-pasquali-in-sicurezza-i-risultati-dellazione-della-polizia-02-04-2024?utm_source=rss&utm_medium=rss&utm_campaign=festivita-pasquali-in-sicurezza-i-risultati-dellazione-della-polizia,text/html,200,sha1:L73OJC7IUAGUIMXKXEQC36CSYZRSHFUC,67619,378415788,CC-NEWS-20240403035123-03266.warc.gz,04,2024
"com,haberturk,m)/ece-vahapoglu-ndan-26-hafta-pozu-instagram-magazin-haberleri-2515052-magazin",20190821123507,https://m.haberturk.com/ece-vahapoglu-ndan-26-hafta-pozu-instagram-magazin-haberleri-2515052-magazin,text/html,200,sha1:755UPHFQ4I32CSQ4K3T46GESAECWYDRN,21010,832800220,CC-NEWS-20190821111832-00951.warc.gz,08,2019
"mx,com,tvnotas)/noticias-espectaculos-mexico/poncho-de-nigris-toma-con-humor-el-embrujo-de-su-mujer",20201104085515,https://www.tvnotas.com.mx/noticias-espectaculos-mexico/poncho-de-nigris-toma-con-humor-el-embrujo-de-su-mujer,text/html,200,sha1:LID45BXBR667W76KA7S3RWDCH7LYYNO2,21173,426847030,CC-NEWS-20201104082851-00507.warc.gz,11,2020
"com,guampdn)/sports/team-guam-defends-motocross-title-at-37th-dubya-world-vet-championships/article_b1b5a1b8-41d7-11ec-8e49-23aa3ff2bd36.html",20211110102211,https://www.guampdn.com/sports/team-guam-defends-motocross-title-at-37th-dubya-world-vet-championships/article_b1b5a1b8-41d7-11ec-8e49-23aa3ff2bd36.html,text/html,200,sha1:T4J2LU7V7FNSJLA47TCBDJYWMHRZCE5K,44930,57775980,CC-NEWS-20211110101925-00286.warc.gz,11,2021
"de,finanznachrichten)/nachrichten-2024-04/61917368-amundi-msci-world-information-technology-ucits-etf-usd-acc-net-asset-value-s-015.htm",20240411091509,https://www.finanznachrichten.de/nachrichten-2024-04/61917368-amundi-msci-world-information-technology-ucits-etf-usd-acc-net-asset-value-s-015.htm,text/html,200,sha1:67TXDJWX47DO5OPWEZ2MMPSJ2BBUN7UG,11107,530579101,CC-NEWS-20240411084015-03422.warc.gz,04,2024
"hr,vecernji)/vijesti/strane-radnike-nitko-ne-prati-samo-se-ne-pojave-na-poslu-i-odu-u-njemacku-1689774",20230623052030,https://www.vecernji.hr/vijesti/strane-radnike-nitko-ne-prati-samo-se-ne-pojave-na-poslu-i-odu-u-njemacku-1689774,text/html,200,sha1:GOEP66MXXTAKCZWZ3XQ7MW5C6WCULC5K,35984,646765704,CC-NEWS-20230623043802-03509.warc.gz,06,2023
"it,kontrokultura)/312801/franco-oppini-contro-suo-figlio-francesco-al-gf-vip-sono-indignato/amp",20201107112208,https://www.kontrokultura.it/312801/franco-oppini-contro-suo-figlio-francesco-al-gf-vip-sono-indignato/amp/,text/html,200,sha1:LJYHSOLHZAGXUW3D462CPSZZKSMDU4RE,18448,749147076,CC-NEWS-20201107100119-00564.warc.gz,11,2020
"com,macon)/news/article250155135.html",20210324064741,https://www.macon.com/news/article250155135.html,text/html,200,sha1:SONACBBCCS6OUV5I2RKHS2PTD7BUQHJG,27432,158052126,CC-NEWS-20210324063306-00881.warc.gz,03,2021
"com,mlive,expo)/life-and-culture/g66l-2019/08/13b079cd9a2969/inside-the-home-of-a-queen-aretha-franklins-mansion-hits-market-for-12-million.html",20190814151905,https://expo.mlive.com/life-and-culture/g66l-2019/08/13b079cd9a2969/inside-the-home-of-a-queen-aretha-franklins-mansion-hits-market-for-12-million.html,text/html,200,sha1:67HCWH3AZHXU3FLERL5EGQDWRVSWJS6I,15379,113033058,CC-NEWS-20190814150933-00882.warc.gz,08,2019
"net,diariohoy)/politica/el-consejo-del-salario-buscara-una-suba-del-minimo-254803",20240430163156,https://diariohoy.net/politica/el-consejo-del-salario-buscara-una-suba-del-minimo-254803,text/html,200,sha1:P3H47BBRMC53NK62UJOWXJAECVC24B67,9875,1056166247,CC-NEWS-20240430154119-03782.warc.gz,04,2024
"se,gd)/2023-06-14/polismorden-som-skakade-sverige?utm_campaign=rss&utm_medium=rss&utm_source=site-feed",20230614111049,https://www.gd.se/2023-06-14/polismorden-som-skakade-sverige?utm_medium=rss&utm_source=site-feed&utm_campaign=rss,text/html,200,sha1:X6VJXB7XUYAEGCPJWIMA2SYWMUJNH6EO,25959,548384541,CC-NEWS-20230614104413-03304.warc.gz,06,2023
"com,joins,news)/article/23563786",20190827152054,https://news.joins.com/article/23563786,text/html,200,sha1:HK63MC3CXCXZHYZBOFNR2NKH7MHM7CFL,18159,243775387,CC-NEWS-20190827145917-01015.warc.gz,08,2019
"com,sbwire)/press-releases/long-beach-divorce-attorney-brett-thorsteinson-offers-compassion-commitment-to-all-clients-151831.htm",20191219055642,http://www.sbwire.com/press-releases/long-beach-divorce-attorney-brett-thorsteinson-offers-compassion-commitment-to-all-clients-151831.htm,text/html,200,sha1:RNFWBZ7SF4PWYSDP4EMJTHU4J3M723DG,14990,14732750,CC-NEWS-20191219055541-00022.warc.gz,12,2019
"com,eremnews)/sports/football/arab/egypt-sport/2378569",20220423010907,https://www.eremnews.com/sports/football/arab/egypt-sport/2378569,text/html,200,sha1:AVPEPXRF3LVQ2SPEPK42DVJMTYL4UKQM,13090,1002654099,CC-NEWS-20220422234205-00651.warc.gz,04,2022
"com,cnn)/2019/08/16/us/jeffrey-epstein-autopsy/index.html?utm_campaign=feed:+rss/cnn_topstories+(rss:+cnn+-+top+stories)&utm_medium=feed&utm_source=feedburner",20190816214627,https://www.cnn.com/2019/08/16/us/jeffrey-epstein-autopsy/index.html?utm_source=feedburner&utm_medium=feed&utm_campaign=Feed%3A+rss%2Fcnn_topstories+%28RSS%3A+CNN+-+Top+Stories%29,text/html,200,sha1:RDCQWCMX7IUC346OSLQHHMKNYYN7YHW7,123336,991681522,CC-NEWS-20190816193815-00906.warc.gz,08,2019
"com,kyma)/play/entertainment/2021/02/01/dustin-diamond-saved-by-the-bell-star-dead-at-44",20210201192716,https://kyma.com/play/entertainment/2021/02/01/dustin-diamond-saved-by-the-bell-star-dead-at-44/,text/html,200,sha1:WLXLTKVV5XVJ7JIL2HATAJEK6VFZ7WZT,25547,864065357,CC-NEWS-20210201183744-00002.warc.gz,02,2021
"es,diariodecadiz)/cadiz/autoridad-portuaria-invertira-millones-dragados_0_1125488107.html",20170410113245,http://www.diariodecadiz.es/cadiz/Autoridad-Portuaria-invertira-millones-dragados_0_1125488107.html,text/html,200,sha1:QDQWCC2R3ZT3ABVNZZYMHNMDVAUPJTST,20714,303570154,CC-NEWS-20170410101123-00284.warc.gz,04,2017
"it,lagazzettadelmezzogiorno)/news/foggia/1194977/foggia-bomba-distrugge-auto-ex-calciatore-pompilio-indaga-la-polizia.html",20191221123548,https://www.lagazzettadelmezzogiorno.it/news/foggia/1194977/foggia-bomba-distrugge-auto-ex-calciatore-pompilio-indaga-la-polizia.html,text/html,200,sha1:KBFIWKOMKQZYCJCBE3UC4VCZF7BOXQL5,49007,837228640,CC-NEWS-20191221110409-00067.warc.gz,12,2019
"sg,com,zaobao)/lifestyle/health/story20230602-1400316",20230603063736,https://www.zaobao.com.sg/lifestyle/health/story20230602-1400316,text/html,200,sha1:YKITR3LTEGQZPT3C4UNEHNDNS3Y5IZ6I,28025,399229674,CC-NEWS-20230603060419-03060.warc.gz,06,2023
"it,repubblica,espresso)/plus/articoli/2016/09/05/news/pensioni-avremo-una-massa-di-anziani-poveri-1.282031",20160906104847,http://espresso.repubblica.it/plus/articoli/2016/09/05/news/pensioni-avremo-una-massa-di-anziani-poveri-1.282031,text/html,200,sha1:LSBXKKOVYAOIHAEALB7Y7E3GWDKHP3TH,16941,648293392,CC-NEWS-20160905145200-00012.warc.gz,09,2016
"com,indiatimes)/entertainment/celebs/anurag-kashyap-shiv-subrahmanyam-566642.html",20220411151257,https://www.indiatimes.com/entertainment/celebs/anurag-kashyap-shiv-subrahmanyam-566642.html,text/html,200,sha1:4ZQAF75G6IZLKI44J44HHTA4IUDDBPBL,95261,811684006,CC-NEWS-20220411143549-00409.warc.gz,04,2022
"ie,thesun)/sport/football/10920459/dara-oshea-burnley-medical-premier-league",20230622102144,https://www.thesun.ie/sport/football/10920459/dara-oshea-burnley-medical-premier-league/,text/html,200,sha1:ADOOFAJ2IX7JIBOQQIZDDGMPRL6AEUJ3,124037,794745025,CC-NEWS-20230622094909-03487.warc.gz,06,2023
"com,krtv)/news/national/colorado-grocery-store-shooting-affidavit-for-suspect-says-he-bought-weapon-6-days-before-shooting",20210327060402,https://www.krtv.com/news/national/colorado-grocery-store-shooting-affidavit-for-suspect-says-he-bought-weapon-6-days-before-shooting,text/html,200,sha1:YWBGRFCUIZ4QMPJBZTJLDBMZVMIV7X26,67177,803084775,CC-NEWS-20210327050828-00942.warc.gz,03,2021
"com,supersport)/football/premier-league/news/210201_reds_back_in_the_groove_as_tuchel_celebrates_first_blues_win",20210201005238,https://supersport.com/football/premier-league/news/210201_Reds_back_in_the_groove_as_Tuchel_celebrates_first_Blues_win,text/html,200,sha1:GYBZUEOS4QJXAPZ6CCYMW5RKG5ZQM7AK,14007,199294347,CC-NEWS-20210201002607-00002.warc.gz,02,2021
"ar,com,lanacion)/sociedad/coronavirus-en-argentina-casos-en-sarmiento-san-juan-al-16-de-abril-nid16042022",20220416161845,https://www.lanacion.com.ar/sociedad/coronavirus-en-argentina-casos-en-sarmiento-san-juan-al-16-de-abril-nid16042022/,text/html,200,sha1:UQGVOHZK3XOME4WHG2MKYWT3CNVBNOAB,45056,995553708,CC-NEWS-20220416150742-00519.warc.gz,04,2022
"com,gq)/story/whos-da-baby-youre-da-baby",20190809181954,https://www.gq.com/story/whos-da-baby-youre-da-baby,text/html,200,sha1:QMKQH2A762LFXWQUCRCCLLBVG5L6QOBM,69830,741377843,CC-NEWS-20190809170305-00835.warc.gz,08,2019
"com,ajc)/news/obituaries/zephir-stephana/u7bvavdrmbecnksjwcxhyh2wri",20211119070540,https://www.ajc.com/news/obituaries/zephir-stephana/U7BVAVDRMBECNKSJWCXHYH2WRI/,text/html,200,sha1:L3BDIRJRP52CIZGVUWGSS2THYGBQ37MW,52812,704243870,CC-NEWS-20211119061211-00481.warc.gz,11,2021
"org,condesan-ecoandes,keski)/superfeet-size-chart",20240429194143,https://keski.condesan-ecoandes.org/superfeet-size-chart/,text/html,200,sha1:CU6GMXOOUCCQD42FTPM6PWJ7DHED6SI2,10307,1027283179,CC-NEWS-20240429184219-03764.warc.gz,04,2024
"com,reuters,in)/article/poland-bourse-idinl5n0cj2dm20130327",20170403060324,http://in.reuters.com/article/poland-bourse-idINL5N0CJ2DM20130327,text/html,200,sha1:CHSMMKQDKF5GSOUUT76CSRZLGSI4SZBC,14422,477785400,CC-NEWS-20170403022506-00253.warc.gz,04,2017
"uk,co,thelincolnite)/2021/03/keeping-food-on-the-table-covid-infections-spiking-in-north-and-south-lincolnshire",20210316213618,https://thelincolnite.co.uk/2021/03/keeping-food-on-the-table-covid-infections-spiking-in-north-and-south-lincolnshire/,text/html,200,sha1:25LYDX3TDX6TSL7LC4FRNOBAKITC7U72,42201,464439233,CC-NEWS-20210316210608-00754.warc.gz,03,2021
"nl,waarmaarraar)/pages/re/101702/rapper_vlucht_zwemmend_voor_hoge_rekening.html",20170412155228,http://www.waarmaarraar.nl/pages/re/101702/Rapper_vlucht_zwemmend_voor_hoge_rekening.html,text/html,200,sha1:7TLTJAUXH3KWQZZJSGM2K5XCWZBGPPYA,5672,488984562,CC-NEWS-20170412141347-00295.warc.gz,04,2017
"net,realitateadeconstanta)/greva-de-avertisment-de-o-ora-declansata-de-sindicatele-afiliate-federatiei-solidaritatea-sanitara",20240403075221,https://realitateadeconstanta.net/greva-de-avertisment-de-o-ora-declansata-de-sindicatele-afiliate-federatiei-solidaritatea-sanitara/,text/html,200,sha1:U6SCJ6MAEGX3LIRJLGZMPTPAGOIPIDBR,32209,460188392,CC-NEWS-20240403072638-03269.warc.gz,04,2024
"com,wiltonbulletin)/weather/article/tx-corpus-christi-tx-zone-forecast-16054813.php",20210326091832,https://www.wiltonbulletin.com/weather/article/TX-Corpus-Christi-TX-Zone-Forecast-16054813.php,text/html,200,sha1:WSE2FWVLZCATXWDRCPTIFNSF5J7XUTUD,23974,1060923095,CC-NEWS-20210326080413-00923.warc.gz,03,2021
"ru,regnum)/news/economy/3108817.html",20201107080445,https://regnum.ru/news/economy/3108817.html,text/html,200,sha1:A4ZQTMHLZ42SOE45ESOMWTFGLBAIIH2N,14486,28648827,CC-NEWS-20201107080206-00563.warc.gz,11,2020
"pl,naszemiasto,goldap)/pogoda-tygodniowa-dla-goldapi-sprawdz-jaka-pogoda-bedzie-od-jutra-7-04-do-piatku/ar/c1p1-19944745",20240406045913,https://goldap.naszemiasto.pl/pogoda-tygodniowa-dla-goldapi-sprawdz-jaka-pogoda-bedzie-od-jutra-7-04-do-piatku/ar/c1p1-19944745,text/html,200,sha1:6XCPZFIAFUSW7U5WFDX5F32LE2EI65CJ,67032,89555056,CC-NEWS-20240406044950-03329.warc.gz,04,2024
"kz,inform)/kz/elorda-auezhayynda-zholaushylarga-bauyrsak-taratylyp-kymyz-kuyyldy_a3913911/amp",20230604110208,https://www.inform.kz/kz/elorda-auezhayynda-zholaushylarga-bauyrsak-taratylyp-kymyz-kuyyldy_a3913911/amp,text/html,200,sha1:3IQJYVGKEJ5EPGSYFKEI7YBSDHLU5IOG,21044,567997627,CC-NEWS-20230604101531-03079.warc.gz,06,2023
"com,wdrb)/sports/louisvilles-ncaa-infractions-case-will-move-to-new-resolution-process/article_849cdca8-72d6-11eb-9f48-6700fba78911.html",20210219183045,https://www.wdrb.com/sports/louisvilles-ncaa-infractions-case-will-move-to-new-resolution-process/article_849cdca8-72d6-11eb-9f48-6700fba78911.html,text/html,200,sha1:ESAQARGWP55VMYVVO4RPK2DCUS4PDESA,49689,990120878,CC-NEWS-20210219174017-00325.warc.gz,02,2021
"fr,foot-sur7)/440415-om-mercato-revelation-arrivee-villas-boas",20191222212008,https://www.foot-sur7.fr/440415-om-mercato-revelation-arrivee-villas-boas,text/html,200,sha1:MLR7HLXZ3EFSOVLC44X77AVD3M54F2QV,11457,746734341,CC-NEWS-20191222195112-00082.warc.gz,12,2019
"com,joins,news)/article/24018874",20210323153402,https://news.joins.com/article/24018874,text/html,200,sha1:UNHYUPOHMBWN4KMA3VA6RJRJCE3JNI46,23534,222122306,CC-NEWS-20210323152301-00869.warc.gz,03,2021
"com,samanyoluhaber)/diyanet-de-devrede-hutbede-genclere-nasihat-haberi/1363002",20210205084440,http://www.samanyoluhaber.com/diyanet-de-devrede-hutbede-genclere-nasihat-haberi/1363002/,text/html,200,sha1:BVOT3E23VQPZPAZ7UIGSDBSJ2O4JWKYQ,15837,881359691,CC-NEWS-20210205072954-00069.warc.gz,02,2021
"com,nbonews)/reviewing-rosehill-resources-inc-roses-and-suncor-energy-inc-nysesus-results",20190813152334,https://nbonews.com/reviewing-rosehill-resources-inc-roses-and-suncor-energy-inc-nysesus-results/,text/html,200,sha1:6GONU3U5H3V7FHWHPCZTFZK6JAYIQR44,9160,48560078,CC-NEWS-20190813151909-00871.warc.gz,08,2019
"com,reuters,in)/article/ukraine-us-idindeea0r00u20140128",20170422032305,http://in.reuters.com/article/ukraine-us-idINDEEA0R00U20140128,text/html,200,sha1:YP2ZIOP3OIYPLAWCFKPFXEZAXFP2NKTM,13945,1042598359,CC-NEWS-20170421210623-00334.warc.gz,04,2017
"com,benzinga)/news/earnings/22/04/26895444/honeywell-international-gains-on-q1-estimates-beat-raises-fy22-profit-guidance",20220429142013,https://www.benzinga.com/news/earnings/22/04/26895444/honeywell-international-gains-on-q1-estimates-beat-raises-fy22-profit-guidance,text/html,200,sha1:H35XCTF3VKYF77D3FZMTVMWZVLUTXEF4,32487,716364075,CC-NEWS-20220429134810-00789.warc.gz,04,2022
"ua,delo)/ru/politics/vsu-proveli-kontrnastupatelnye-deistviya-po-mensei-mere-na-trex-ucastkax-fronta-isw-418952",20230609065748,https://delo.ua/ru/politics/vsu-proveli-kontrnastupatelnye-deistviya-po-mensei-mere-na-trex-ucastkax-fronta-isw-418952/,text/html,200,sha1:L4TZLI4KN6ZN73PCAANJKYUHVAUBTWR7,31157,718406483,CC-NEWS-20230609060736-03194.warc.gz,06,2023
"com,neptunepine)/worldwide-coastal-surveillance-market-research-report-2021-after-lockdown",20210201160040,https://neptunepine.com/worldwide-coastal-surveillance-market-research-report-2021-after-lockdown/,text/html,200,sha1:WP7BSLRUDFRGF4WJEF764Y3T7FF2HT7U,70956,212476978,CC-NEWS-20210201154911-00004.warc.gz,02,2021
"se,nyheter24)/nyheter/kronikor/955272-gastkronika-rubbe",20210321203315,https://nyheter24.se/nyheter/kronikor/955272-gastkronika-rubbe,text/html,200,sha1:YQAKKT4QVUEZHO3O3TNQJB4LFG4QOX6Y,17021,1022633547,CC-NEWS-20210321185807-00836.warc.gz,03,2021
"mx,com,palcoquintanarroense)/espectaculos/maico-kemper-no-quiero-extorsionarlo-solo-quiero-justicia",20201129215604,https://www.palcoquintanarroense.com.mx/espectaculos/maico-kemper-no-quiero-extorsionarlo-solo-quiero-justicia/,text/html,200,sha1:BW5R46FPV73P5YTWULIUOUBFH5B3TP6F,24031,661421525,CC-NEWS-20201129205620-00914.warc.gz,11,2020
"es,lagacetadesalamanca)/salamanca/la-plaza-mayor-convertida-en-gimnasio-varios-centenares-de-personas-entrenan-al-aire-libre-para-pedir-la-reapertura-de-los-centros-jl5397784",20201122090600,https://www.lagacetadesalamanca.es/salamanca/la-plaza-mayor-convertida-en-gimnasio-varios-centenares-de-personas-entrenan-al-aire-libre-para-pedir-la-reapertura-de-los-centros-JL5397784,text/html,200,sha1:YZDBK6W44RV6ASFMTWHT7CNWTHQJ5BRH,20011,498857614,CC-NEWS-20201122080653-00800.warc.gz,11,2020
"com,salemnews)/sports/net-gains-column-masco-ipswich-squads-thriving-under-new-leadership/article_18b1b71e-66b5-5308-bb72-f428b8925f80.html",20210331122548,https://www.salemnews.com/sports/net-gains-column-masco-ipswich-squads-thriving-under-new-leadership/article_18b1b71e-66b5-5308-bb72-f428b8925f80.html,text/html,200,sha1:WIGYWD2SCT34QANYOGZGXB6MQM5ZKTI5,50849,756665858,CC-NEWS-20210331114333-01010.warc.gz,03,2021
"com,dan)/buy-domain/ellisdonco.com",20220428131401,https://dan.com/buy-domain/ellisdonco.com,text/html,200,sha1:XY6CQFPHOQTWUAGA5IE4PEDVZI7X5XCY,13106,401387873,CC-NEWS-20220428125649-00763.warc.gz,04,2022
"ru,news)/society/kartapolov-rasskazal-o-dalnejshej-sudbe-bojcov-chvk-vagner",20230630091927,https://news.ru/society/kartapolov-rasskazal-o-dalnejshej-sudbe-bojcov-chvk-vagner/,text/html,200,sha1:R6ZVWNNAK6TKN5OTQ57KMTEYNGLVYQ2T,15887,71684082,CC-NEWS-20230630091530-03673.warc.gz,06,2023
"com,usatoday,ftw)/2017/04/london-marathon-free-pizza-video",20170424154628,http://ftw.usatoday.com/2017/04/london-marathon-free-pizza-video,text/html,200,sha1:P3HUTNWRDEV2TSRJYJHJLHVFGNU3U2XP,21626,425824060,CC-NEWS-20170424141109-00343.warc.gz,04,2017
"com,inskn)/prime-minister-harris-lays-audited-financial-reports-before-the-national-assembly",20210305194314,https://inskn.com/prime-minister-harris-lays-audited-financial-reports-before-the-national-assembly/,text/html,200,sha1:ZKBAVH65JAOBOHLF7S6TRVR2S4QD5LVK,8212,501839297,CC-NEWS-20210305191410-00569.warc.gz,03,2021
"ro,oradesibiu)/2021/03/12/accident-la-iesire-din-sibiu-spre-cristian-sofer-mort-dupa-ce-a-lovit-un-stalp",20210312110521,https://www.oradesibiu.ro/2021/03/12/accident-la-iesire-din-sibiu-spre-cristian-sofer-mort-dupa-ce-a-lovit-un-stalp/,text/html,200,sha1:PCIM4BQCWXMOEJHKPCEHFVAH3Q6JA354,45080,138369998,CC-NEWS-20210312105711-00682.warc.gz,03,2021
"de,kreiszeitung)/welt/foto-selfie-hund-frau-reddit-wahnsinn-timing-internet-zr-13237467.html?cmp=defrss",20191212070016,https://www.kreiszeitung.de/welt/foto-selfie-hund-frau-reddit-wahnsinn-timing-internet-zr-13237467.html?cmp=defrss,text/html,200,sha1:WG7XCSFIAAAACZIELOQONCBKFM3WPY57,27993,315294766,CC-NEWS-20191212062813-02239.warc.gz,12,2019
"com,newslanes)/pewdiepie-quits-youtube-star-taking-break-in-2020-will-he-be-back",20191217100627,https://newslanes.com/pewdiepie-quits-youtube-star-taking-break-in-2020-will-he-be-back/,text/html,200,sha1:XYWMWCGY3BOTYG3Y7W3JE26G2DT7M4I2,17923,604024653,CC-NEWS-20191217091013-02297.warc.gz,12,2019
"com,cw33)/news/national/trial-set-to-start-on-charges-smollett-faked-racist-attack",20211128150254,https://cw33.com/news/national/trial-set-to-start-on-charges-smollett-faked-racist-attack/,text/html,200,sha1:GOXE4IR43Q25P2QBYTXR6CY2CKWSSXNK,58614,109170856,CC-NEWS-20211128145508-00659.warc.gz,11,2021
"com,timesunion)/sports/article/italian-standings-16007083.php",20210307141924,https://www.timesunion.com/sports/article/Italian-Standings-16007083.php,text/html,200,sha1:2B755B6R6DB7J4FB7QVEEXQHRGO2NR7I,22781,146179528,CC-NEWS-20210307140331-00592.warc.gz,03,2021
"com,zvuk)/track/17394281",20240429022929,https://zvuk.com/track/17394281,text/html,200,sha1:ALJZQIHWA6Y6R4TIOAKRXZCADJ5BU7BZ,37433,974705632,CC-NEWS-20240429004046-03749.warc.gz,04,2024
"com,haberturk,htkulup)/guncel/haber/3019026-balikcida-ogle-bulusmasi",20210327062511,https://htkulup.haberturk.com/guncel/haber/3019026-balikcida-ogle-bulusmasi,text/html,200,sha1:IXIIYFV5BWKPZK7ASORRMA2N4AVZIJI4,15207,5116694,CC-NEWS-20210327062451-00943.warc.gz,03,2021
"com,cbssports)/fantasy/baseball/news/mariners-mitch-haniger-rips-third-homer-of-season",20220414230831,https://www.cbssports.com/fantasy/baseball/news/mariners-mitch-haniger-rips-third-homer-of-season/,text/html,200,sha1:R2X2FM4LQAYEAD23FZU3JYN35EPGB6VT,21301,560399913,CC-NEWS-20220414222931-00488.warc.gz,04,2022
"com,thehindu)/news/international/russian-spacecraft-carrying-robot-docks-with-space-station-tass/article29267361.ece",20191202073915,https://www.thehindu.com/news/international/russian-spacecraft-carrying-robot-docks-with-space-station-tass/article29267361.ece,text/html,200,sha1:5AIKT2K2IJDYVW4K67R7QQGWOADA2KAJ,52802,803246188,CC-NEWS-20191202054604-02118.warc.gz,12,2019
"ch,solothurnerzeitung)/solothurn/gemeinden/matzendorf-entscheidet-sich-knapp-fur-das-covid-gesetz-ld.2220887",20211128160420,https://www.solothurnerzeitung.ch/solothurn/gemeinden/matzendorf-entscheidet-sich-knapp-fur-das-covid-gesetz-ld.2220887,text/html,200,sha1:45CKHSVDNSTALN3V47JIXT3GJIORY6QJ,76088,949598788,CC-NEWS-20211128145508-00659.warc.gz,11,2021
"ir,yjc)/fa/news/7558174/%d8%b4%da%a9%d8%a7%db%8c%d8%aa-%d8%a7%d8%b2-%d8%b4%d8%b1%da%a9%d8%aa-%d9%87%d8%a7%db%8c-%d8%a8%d9%88%d8%b1%d8%b3%db%8c-%da%a9%d9%87-%d8%aa%d8%a7-%db%8c%da%a9%d8%b4%d9%86%d8%a8%d9%87-%d8%a8%d8%a7%d8%b2%d8%a7%d8%b1%da%af%d8%b1%d8%af%d8%a7%d9%86-%d9%85%d8%b9%d8%b1%d9%81%db%8c-%d9%86%da%a9%d9%86%d9%86%d8%af",20201114010024,https://www.yjc.ir/fa/news/7558174/%D8%B4%DA%A9%D8%A7%DB%8C%D8%AA-%D8%A7%D8%B2-%D8%B4%D8%B1%DA%A9%D8%AA-%D9%87%D8%A7%DB%8C-%D8%A8%D9%88%D8%B1%D8%B3%DB%8C-%DA%A9%D9%87-%D8%AA%D8%A7-%DB%8C%DA%A9%D8%B4%D9%86%D8%A8%D9%87-%D8%A8%D8%A7%D8%B2%D8%A7%D8%B1%DA%AF%D8%B1%D8%AF%D8%A7%D9%86-%D9%85%D8%B9%D8%B1%D9%81%DB%8C-%D9%86%DA%A9%D9%86%D9%86%D8%AF,text/html,200,sha1:P5DY4DZ3DBL5ICVSVGRHU4XP7ZWFVSWX,45056,574971715,CC-NEWS-20201114000207-00674.warc.gz,11,2020
"ro,ziarelive)/stiri/golden-buzz-superb-la-romanii-au-talent-coroana-merge-la-corul-regal.html",20240419220552,https://www.ziarelive.ro/stiri/golden-buzz-superb-la-romanii-au-talent-coroana-merge-la-corul-regal.html,text/html,200,sha1:6ZSBJGANDRPLSUAAZ32QA6MICBYSSZDT,25502,900768856,CC-NEWS-20240419205555-03586.warc.gz,04,2024
"com,detaykibris)/turkiyede-enflasyon-tahmini-yukseldi-147793h.htm",20170428121024,http://www.detaykibris.com/turkiyede-enflasyon-tahmini-yukseldi-147793h.htm,text/html,200,sha1:RLHUVFVBWF5SXHYAIPQQAN3QLE2NPGQP,14522,1023683667,CC-NEWS-20170428075813-00361.warc.gz,04,2017
"com,mspoweruser)/report-microsoft-may-acquire-discord-for-more-than-10-billion",20210323071109,https://mspoweruser.com/report-microsoft-may-acquire-discord-for-more-than-10-billion/,text/html,200,sha1:OFCZY45IZGUYNPW24JWZHIZWGBT7NBJH,11818,284336666,CC-NEWS-20210323064342-00861.warc.gz,03,2021
"ru,gol)/football/match/ska-habarovsk-vs-angust-nazran-2013-09-16",20210325170953,https://gol.ru/football/match/ska-habarovsk-vs-angust-nazran-2013-09-16,text/html,200,sha1:YBDXTT6C7XSNSYQGHR75I3CCIHRKLJWD,15399,585328762,CC-NEWS-20210325164209-00911.warc.gz,03,2021
"mx,com,elsoldetlaxcala)/mundo/que-pasa-en-las-universidades-de-eu-protestas-contra-guerra-en-gaza-escalan-a-antisemitismo-11803816.html",20240423131904,https://www.elsoldetlaxcala.com.mx/mundo/que-pasa-en-las-universidades-de-eu-protestas-contra-guerra-en-gaza-escalan-a-antisemitismo-11803816.html,text/html,200,sha1:266PZ67UW4WONKTNPYA6Z53G4PAQAJ23,12910,276611212,CC-NEWS-20240423130352-03647.warc.gz,04,2024
"com,ekovitrin)/guncel/ramazan-bayrami-tatili-kac-gun-h503035.html",20220414100133,https://www.ekovitrin.com/guncel/ramazan-bayrami-tatili-kac-gun-h503035.html,text/html,200,sha1:ALY3KTNHJFX77TWH66N32SLOZQKJTDX5,20382,938390673,CC-NEWS-20220414091145-00473.warc.gz,04,2022
"com,nhregister)/weather/article/tx-san-angelo-tx-zone-forecast-16041788.php",20210321103144,https://www.nhregister.com/weather/article/TX-San-Angelo-TX-Zone-Forecast-16041788.php,text/html,200,sha1:EKSWCNSNAZ7GUG4CIS35BSWVFQ2AAJFM,28638,835759413,CC-NEWS-20210321085803-00830.warc.gz,03,2021
"com,thestar)/sports/hockey/2021/02/24/cp-newsalert-montreal-canadiens-fire-head-coach-claude-julien.html",20210224151944,https://www.thestar.com/sports/hockey/2021/02/24/cp-newsalert-montreal-canadiens-fire-head-coach-claude-julien.html,text/html,200,sha1:ABPTN64A4LQI42OWJRDUQISHVI4BR4AE,29756,356781417,CC-NEWS-20210224150211-00405.warc.gz,02,2021
"hu,magyarnemzet)/english/2023/06/eu-no-solutions-to-migration",20230625180230,https://magyarnemzet.hu/english/2023/06/eu-no-solutions-to-migration,text/html,200,sha1:6CID6EA6M5POCCK3ORJQ3VW7TB76RU2F,133938,523556885,CC-NEWS-20230625172218-03559.warc.gz,06,2023
"it,ivg)/2019/12/serie-c-normac-e-lunezia-in-testa-iglina-al-quarto-posto",20191220130055,https://www.ivg.it/2019/12/serie-c-normac-e-lunezia-in-testa-iglina-al-quarto-posto/,text/html,200,sha1:XCKYVYI4IH2ZLLSKU6SXG3MTUYGEIA4R,28679,65865177,CC-NEWS-20191220125942-00052.warc.gz,12,2019
"com,actualno)/health/bilkata-kojato-ne-samo-diabeticite-trjabva-da-priemat-news_1733532.html",20220402070217,https://www.actualno.com/health/bilkata-kojato-ne-samo-diabeticite-trjabva-da-priemat-news_1733532.html,text/html,200,sha1:YHO2ZHYOMOAB42NUCG4XKUP6OXQFGBBA,47231,129438860,CC-NEWS-20220402065259-00219.warc.gz,04,2022
"pt,jornaldenegocios)/dow-jones/market-talk/detalhe/dj-market-talk-bmw-deve-registar-ebit-no-segmento-automovel-entre-6-9-no-4t",20201106165243,https://www.jornaldenegocios.pt/dow-jones/market-talk/detalhe/dj-market-talk-bmw-deve-registar-ebit-no-segmento-automovel-entre-6-9-no-4t,text/html,200,sha1:YUKBTOP45ZFTERH2ERNRMY63HN6VOROK,23543,768356294,CC-NEWS-20201106160907-00553.warc.gz,11,2020
"ir,yjc)/fa/news/7551187/%da%a9%d8%b4%d9%81-%db%b1%db%b6-%d9%81%d9%82%d8%b1%d9%87-%d8%b3%d8%b1%d9%82%d8%aa-%d8%af%d8%b1-%da%af%d9%84%d9%88%da%af%d8%a7%d9%87-%da%a9%d8%b4%d9%81-%db%b2-%d8%af%d8%b3%d8%aa%da%af%d8%a7%d9%87-%d8%ae%d9%88%d8%af%d8%b1%d9%88%db%8c-%d8%b3%d8%b1%d9%82%d8%aa%db%8c-%d8%af%d8%b1-%d8%b3%d9%88%d8%a7%d8%af%da%a9%d9%88%d9%87",20201108021040,https://www.yjc.ir/fa/news/7551187/%DA%A9%D8%B4%D9%81-%DB%B1%DB%B6-%D9%81%D9%82%D8%B1%D9%87-%D8%B3%D8%B1%D9%82%D8%AA-%D8%AF%D8%B1-%DA%AF%D9%84%D9%88%DA%AF%D8%A7%D9%87-%DA%A9%D8%B4%D9%81-%DB%B2-%D8%AF%D8%B3%D8%AA%DA%AF%D8%A7%D9%87-%D8%AE%D9%88%D8%AF%D8%B1%D9%88%DB%8C-%D8%B3%D8%B1%D9%82%D8%AA%DB%8C-%D8%AF%D8%B1-%D8%B3%D9%88%D8%A7%D8%AF%DA%A9%D9%88%D9%87,text/html,200,sha1:VJIVBD7RHENEM7EDC6OQXBH7LMV2OPW3,45164,277460909,CC-NEWS-20201108012545-00573.warc.gz,11,2020
"com,ledevoir)/culture/ecrans/560701/j-ai-2-amours-une-chance-que-j-vous-ai?utm_campaign=feed:+fluxdudevoir+(le+fil+de+presse+du+devoir)&utm_medium=feed&utm_source=feedburner",20190817043810,https://www.ledevoir.com/culture/ecrans/560701/j-ai-2-amours-une-chance-que-j-vous-ai?utm_source=feedburner&utm_medium=feed&utm_campaign=Feed%3A+fluxdudevoir+%28Le+fil+de+presse+du+Devoir%29,text/html,200,sha1:OQMYHSW4FVRSI74QZYOKCTZO6WK5JX2A,28202,33820335,CC-NEWS-20190817043237-00909.warc.gz,08,2019
"com,livehindustan)/uttarakhand/kashipur/story-brother-beaten-for-opposing-molestation-2695799.html",20190818182556,https://www.livehindustan.com/uttarakhand/kashipur/story-brother-beaten-for-opposing-molestation-2695799.html,text/html,200,sha1:OJFEWD7OVRZHROT6SUGY4QIJ7CRU3YSE,40843,347078970,CC-NEWS-20190818173250-00921.warc.gz,08,2019
"com,kshb)/news/coronavirus/balls-food-pharmacies-offering-vaccine-appointments",20210326185959,https://www.kshb.com/news/coronavirus/balls-food-pharmacies-offering-vaccine-appointments,text/html,200,sha1:7BVPJRWTHAKB3APOWDMV5JUCPYAUPWB4,65736,259066806,CC-NEWS-20210326184647-00934.warc.gz,03,2021
"si,rtvslo)/sport/novice/kline-sedmi-v-smukaskem-sestevku-se-vedno-sesti/415904",20170225150603,http://www.rtvslo.si/sport/novice/kline-sedmi-v-smukaskem-sestevku-se-vedno-sesti/415904,text/html,200,sha1:QMLKIJAI46MAXTRBAEYOYWMQSFOMSM6J,19869,1023077017,CC-NEWS-20170225082034-00113.warc.gz,02,2017
"de,rtv)/sendungsdetails/11299556/dharma-a-greg.html",20160930222912,http://www.rtv.de/sendungsdetails/11299556/dharma-a-greg.html,text/html,200,sha1:BAAI2LWPBGN7HXJXHMGR3XFYQZAEP2JM,8721,444017883,CC-NEWS-20160930122238-00006.warc.gz,09,2016
"com,etvbharat)/tamil/tamil-nadu/videos/state/hospital-staffs-screamed-and-ran-away-while-the-bear-entered-into-hospital/tamil-nadu20211123204418336",20211123154041,https://www.etvbharat.com/tamil/tamil-nadu/videos/state/hospital-staffs-screamed-and-ran-away-while-the-bear-entered-into-hospital/tamil-nadu20211123204418336,text/html,200,sha1:KSTLZHT76TV7KTJLCMAFPISX6LRSCEAA,10552,548475655,CC-NEWS-20211123151901-00563.warc.gz,11,2021
"com,youtube)/watch?v=poqjhrhsido",20191216184742,https://www.youtube.com/watch?v=poQjhRhsido,text/html,200,sha1:55ETVS2BAE3ZTGMOEPUXGZIBQFDEJ2OA,81365,306231064,CC-NEWS-20191216182031-02290.warc.gz,12,2019
"ru,news)/society/koroleva-marafonov-blinovskaya-ne-smogla-ubedit-sud-otpustit-ee",20240424134531,https://news.ru/society/koroleva-marafonov-blinovskaya-ne-smogla-ubedit-sud-otpustit-ee/,text/html,200,sha1:F4GPSGJ2GKLZEXNPFVLV6Q77BFQIFCUC,17321,53611035,CC-NEWS-20240424134320-03668.warc.gz,04,2024
"com,wotv4women)/2017/04/26/hope-network-hosts-3rd-annual-bridge-walk-for-autism-and-sensory-friendly-activities-at-grpm",20170426184648,http://wotv4women.com/2017/04/26/hope-network-hosts-3rd-annual-bridge-walk-for-autism-and-sensory-friendly-activities-at-grpm/,text/html,200,sha1:G2S3N3JCT2XPVN6SANVLHRPBRKCKUDLN,31467,788743905,CC-NEWS-20170426154432-00353.warc.gz,04,2017
"ug,co,ntv)/ug/news/sparktv-news/embalirira-y-e-ggwanga-bannayuganda-balina-byebaagala-bissimbweko-essira-4270676",20230615163229,https://www.ntv.co.ug/ug/news/sparktv-news/embalirira-y-e-ggwanga-bannayuganda-balina-byebaagala-bissimbweko-essira-4270676,text/html,200,sha1:3F73V7ZBVLDBXWRVCKXO2DYGGRF6JYM6,11787,869417361,CC-NEWS-20230615160240-03338.warc.gz,06,2023
"mx,com,entrelineas)/mundo/joe-biden-al-acabar-el-conteo-seremos-los-ganadores",20201105042755,https://entrelineas.com.mx/mundo/joe-biden-al-acabar-el-conteo-seremos-los-ganadores/,text/html,200,sha1:YWMPLJ3O5I23OJK3RAGDX67YJO6IDZ3O,13011,26027712,CC-NEWS-20201105042456-00524.warc.gz,11,2020
"tr,com,diken)/erdoganin-mal-varligi-aciklandi-borcu-da-var",20230601135300,https://www.diken.com.tr/erdoganin-mal-varligi-aciklandi-borcu-da-var/,text/html,200,sha1:SO635MOFMMGX7UMC47T6OIPNUPZYFM34,22886,30637867,CC-NEWS-20230601135215-03019.warc.gz,06,2023
"com,bhaskar)/news/raj-oth-mat-latest-ringus-news-065003-2388937-nor.html",20170413221832,http://www.bhaskar.com/news/RAJ-OTH-MAT-latest-ringus-news-065003-2388937-NOR.html,text/html,200,sha1:SRNVEQSV3TN2L7BCB3EKPC3RXGJ7DJM5,39682,465699930,CC-NEWS-20170413200544-00301.warc.gz,04,2017
"com,mingpao,news)/pns/%e7%a4%be%e8%a9%95/article/20210327/s00003/1616782959171/%e7%a4%be%e8%a9%95-%e7%be%8e%e5%9c%8b%e5%87%ba%e6%8b%b3%e6%89%93%e6%a3%89%e8%8a%b1-%e4%b8%ad%e5%9c%8b%e9%82%84%e6%8b%9b%e6%ac%a0%e7%b6%a2%e7%b9%86",20210328010607,https://news.mingpao.com/pns/%E7%A4%BE%E8%A9%95/article/20210327/s00003/1616782959171/%E7%A4%BE%E8%A9%95-%E7%BE%8E%E5%9C%8B%E5%87%BA%E6%8B%B3%E6%89%93%E6%A3%89%E8%8A%B1-%E4%B8%AD%E5%9C%8B%E9%82%84%E6%8B%9B%E6%AC%A0%E7%B6%A2%E7%B9%86,text/html,200,sha1:BKECZDGXYFZC54LORI6WKTKC6WA5SZUH,21288,584791139,CC-NEWS-20210327234116-00954.warc.gz,03,2021
"uk,co,dailymail)/wires/reuters/article-9406753/canada-stocks-energy-stocks-lift-tsx-crude-oil-jumps-supply-concerns.html?ito=1490&ns_campaign=1490&ns_mchannel=rss",20210326150159,https://www.dailymail.co.uk/wires/reuters/article-9406753/CANADA-STOCKS-Energy-stocks-lift-TSX-crude-oil-jumps-supply-concerns.html?ns_mchannel=rss&ns_campaign=1490&ito=1490,text/html,200,sha1:YRPKJ7RC5XWGW3ZAN7JZCVJH2QILK6KE,59214,648405898,CC-NEWS-20210326143203-00929.warc.gz,03,2021
"es,europasur)/deportes/deportivo-resiste-salvacion_0_1131786942.html",20170501044346,http://www.europasur.es/deportes/Deportivo-resiste-salvacion_0_1131786942.html,text/html,200,sha1:JWUE3NYDXOTRXDGGG7H7G3D7QQ6PUPPP,20767,837562290,CC-NEWS-20170430212911-00008.warc.gz,04,2017
"com,branchez-vous)/2017/04/25/bande-annonce-du-mode-histoire-de-marvel-vs-capcom-infinite",20170425230124,http://branchez-vous.com/2017/04/25/bande-annonce-du-mode-histoire-de-marvel-vs-capcom-infinite/,text/html,200,sha1:4LPY5AFQG37BUZZJ5VYJNFQPZJZSUDR6,9972,735577358,CC-NEWS-20170425193224-00349.warc.gz,04,2017
"ru,regnum)/news/society/3125598.html",20201126071459,https://regnum.ru/news/society/3125598.html,text/html,200,sha1:ZDXTCE35M7PLWWDPUY26JNBKTEC76NT4,14925,917942360,CC-NEWS-20201126054432-00863.warc.gz,11,2020
"au,com,thewest)/sport/motorsport/frank-williams-a-motor-racing-mastermind-c-4736876",20211128170303,https://thewest.com.au/sport/motorsport/frank-williams-a-motor-racing-mastermind-c-4736876,text/html,200,sha1:NLVH3NUYJOVHXQFHIMPKKFBGZSFQG6BV,61859,695415402,CC-NEWS-20211128161321-00660.warc.gz,11,2021
"fr,francebleu)/infos/faits-divers-justice/vereaux-le-chauffeur-du-poids-lourd-mis-en-examen-pour-homicide-involontaire-1491412445",20170405181112,https://www.francebleu.fr/infos/faits-divers-justice/vereaux-le-chauffeur-du-poids-lourd-mis-en-examen-pour-homicide-involontaire-1491412445,text/html,200,sha1:LOMXQDM4CSB745AFUWIU64UI6UHU42KL,31719,842779833,CC-NEWS-20170405150547-00264.warc.gz,04,2017
"com,weheartit)/entry/352970726?utm_campaign=feed:+weheartit+(we+heart+it)&utm_medium=feed&utm_source=feedburner",20210207130245,https://weheartit.com/entry/352970726?utm_source=feedburner&utm_medium=feed&utm_campaign=Feed%3A+weheartit+%28We+Heart+It%29,text/html,200,sha1:VFTBT4HXYTND7F7XOSAM55AG3AL732N5,17715,746538691,CC-NEWS-20210207115008-00102.warc.gz,02,2021
"zw,co,chronicle)/outcry-over-basic-goods-price-hikes",20170206235049,http://www.chronicle.co.zw/outcry-over-basic-goods-price-hikes/,text/html,200,sha1:XDJP3GJISEWJON47LMXOJCEKISLI5JMX,15089,431060022,CC-NEWS-20170206220733-00023.warc.gz,02,2017
"es,cope)/emisoras/navarra/navarra-provincia/pamplona/noticias/satse-denuncia-que-todos-los-profesionales-enfermeria-navarra-van-protegidos-con-mascarillas-ffp2-20210205_1125975",20210205151241,https://www.cope.es/emisoras/navarra/navarra-provincia/pamplona/noticias/satse-denuncia-que-todos-los-profesionales-enfermeria-navarra-van-protegidos-con-mascarillas-ffp2-20210205_1125975,text/html,200,sha1:CG3NGQASCW52LUGSQNL7K4PEECMWCNNK,30319,772299689,CC-NEWS-20210205143101-00075.warc.gz,02,2021
"com,packagingnews24)/double-winding-transformers-market-2020-by-business-competitors-growing-demand-development-and-forecast-2027",20210213213528,https://www.packagingnews24.com/double-winding-transformers-market-2020-by-business-competitors-growing-demand-development-and-forecast-2027/,text/html,200,sha1:OAJ4Y7X3H6DLGXLM6Q3NUF455EAZHIKV,12938,940223671,CC-NEWS-20210213195754-00219.warc.gz,02,2021
"com,globenewswire)/news-release/2021/11/08/2329132/0/en/antibody-drugs-technologies-and-global-markets.html",20211108131306,https://www.globenewswire.com/news-release/2021/11/08/2329132/0/en/Antibody-Drugs-Technologies-and-Global-Markets.html,text/html,200,sha1:WMZZSAJL5KAIKER2EJLY6NYIV46OLP2H,9003,258918430,CC-NEWS-20211108130142-00241.warc.gz,11,2021
"com,telemundopr)/programas/jay-y-sus-rayos-x/caso-de-sixto-george-jrx-analiza-la-libertad-de-prensa-y-el-derecho-a-la-informacion/2177237",20210203034204,https://www.telemundopr.com/programas/jay-y-sus-rayos-x/caso-de-sixto-george-jrx-analiza-la-libertad-de-prensa-y-el-derecho-a-la-informacion/2177237/,text/html,200,sha1:T2Q7KGLDBOG2LMMEEIDIR7I2TRKFVOPY,92147,606040063,CC-NEWS-20210203024306-00027.warc.gz,02,2021
"it,vanityfair)/fashion/news-fashion/2019/12/04/sarah-jessica-parker-intimissimi-spot-natale-2019",20191204154003,https://www.vanityfair.it/fashion/news-fashion/2019/12/04/sarah-jessica-parker-intimissimi-spot-natale-2019,text/html,200,sha1:MLMEKNMTI7BQGJTRWOCXZLQMGHIGF5LR,28165,849758378,CC-NEWS-20191204143429-02148.warc.gz,12,2019
"com,theenterpriseleader)/2021/02/07/mg-investment-management-ltd-sells-20820-shares-of-lam-research-co-nasdaqlrcx.html",20210207143948,https://theenterpriseleader.com/2021/02/07/mg-investment-management-ltd-sells-20820-shares-of-lam-research-co-nasdaqlrcx.html,text/html,200,sha1:E4BXASUSNF75U2NQWBYYKHLOQGELFW3H,12717,660316527,CC-NEWS-20210207133703-00103.warc.gz,02,2021
"com,androidcentral)/google-confirms-pixel-6-and-6-pro-phones-do-not-charge-30w",20211118154522,https://www.androidcentral.com/google-confirms-pixel-6-and-6-pro-phones-do-not-charge-30w,text/html,200,sha1:XKQKWWXSDZPMNC3REY5NFHIUFCJ3VH5J,32969,806978467,CC-NEWS-20211118150921-00466.warc.gz,11,2021
"com,haberler)/samsun-da-garaj-insaati-coktu-3-olu-9511537-haberi",20170417141630,http://www.haberler.com/samsun-da-garaj-insaati-coktu-3-olu-9511537-haberi/,text/html,200,sha1:D6VRY2QGVGS6NYBG3D6KO3MQGFH4DJPP,19565,644281982,CC-NEWS-20170417105854-00313.warc.gz,04,2017
"tv,piter)/event/vuzi_i_kolledzhi_podmoskovya_perejdut_na_distancionku_s_16_noyabrya",20201109121806,https://piter.tv/event/Vuzi_i_kolledzhi_Podmoskovya_perejdut_na_distancionku_s_16_noyabrya/,text/html,200,sha1:7LTJB2IAMK7H534EVVX2RFYPF2SWRCWJ,13610,43148480,CC-NEWS-20201109121627-00591.warc.gz,11,2020
"com,lies)/wp/2017/04/12/czechthecount-clouds-and-waves-of-rhossili-bay-by",20170413032810,http://www.lies.com/wp/2017/04/12/czechthecount-clouds-and-waves-of-rhossili-bay-by/,text/html,200,sha1:GILKBTQ2P63AHBYUCZ7UN534CZGS4OBF,8432,823657692,CC-NEWS-20170412224437-00297.warc.gz,04,2017
"pl,interia,sport)/klub-legia-warszawa/news-legia-warszawa-marko-veszovic-wrocil-do-treningow,nid,5131675",20210326173152,"https://sport.interia.pl/klub-legia-warszawa/news-legia-warszawa-marko-veszovic-wrocil-do-treningow,nId,5131675",text/html,200,sha1:D64BLA6OXEI6OZCDKKV7JA44GH3ARWQV,50978,782160918,CC-NEWS-20210326165223-00932.warc.gz,03,2021
"do,com,hoy)/papa-elimina-secreto-pontificio-en-casos-de-abusos-sexuales",20191218072809,https://hoy.com.do/papa-elimina-secreto-pontificio-en-casos-de-abusos-sexuales/,text/html,200,sha1:35L7B5TBJOPGRKPPVPWBQN3XHVZ4TBSJ,22301,591386086,CC-NEWS-20191218062111-02309.warc.gz,12,2019
"com,chiangraitimes)/news/nursing-staff-flee-for-their-lives",20220409235017,https://www.chiangraitimes.com/news/nursing-staff-flee-for-their-lives/,text/html,200,sha1:7CNS5AYFST6QNG5I472GYMVGWXIRQLF2,111321,756255735,CC-NEWS-20220409223035-00381.warc.gz,04,2022
"fi,hevosurheilu)/pelit/ulkomaan-ravit/toto75-ennakko-%c3%a5by-jackpot-%c3%b6nas-prince-suursuosikki-kierroksen-yksi-varmaehdokas",20240405092148,https://www.hevosurheilu.fi/pelit/ulkomaan-ravit/toto75-ennakko-%C3%A5by-jackpot-%C3%B6nas-prince-suursuosikki-kierroksen-yksi-varmaehdokas,text/html,200,sha1:T32OOSHFVEWHCOIE66CZ4UWAVNAOZ73I,111975,1036666758,CC-NEWS-20240405081722-03312.warc.gz,04,2024
"com,asahi)/articles/aspcd3h4qpcdulfa006.html",20211112054410,https://www.asahi.com/articles/ASPCD3H4QPCDULFA006.html,text/html,200,sha1:XBF3C3JCNQ264EQPVYIGDHWZ3CSJZYVQ,27339,534619901,CC-NEWS-20211112045612-00330.warc.gz,11,2021
"com,myhighplains)/sports/all12-courtside-baylor-forced-to-cancel-additional-games-kus-streak-ends",20210212020423,https://www.myhighplains.com/sports/all12-courtside-baylor-forced-to-cancel-additional-games-kus-streak-ends/,text/html,200,sha1:W6IHFDHAYAFR6J22W74OVYAIRWHPR2PR,50416,227133044,CC-NEWS-20210212014215-00189.warc.gz,02,2021
"fr,cnews)/monde/video/marche-pour-le-climat-pour-les-100-jours-de-trump-a-la-maison-blanche-175054?utm_campaign=feed:+itele/laune+(i>tele+-+une)&utm_medium=feed&utm_source=feedburner",20170430132312,http://www.cnews.fr/monde/video/marche-pour-le-climat-pour-les-100-jours-de-trump-a-la-maison-blanche-175054?utm_source=feedburner&utm_medium=feed&utm_campaign=Feed%3A+itele%2Flaune+%28i%3ETELE+-+Une%29,text/html,200,sha1:YOVVFQGRDMGQ3DDJAJE2LWRU6UCYWNUQ,8437,971892338,CC-NEWS-20170430062517-00006.warc.gz,04,2017
"com,knowtechie)/can-xbox-series-x-and-xbox-one-players-be-in-a-party-together",20210226172957,https://knowtechie.com/can-xbox-series-x-and-xbox-one-players-be-in-a-party-together/,text/html,200,sha1:QYZ3625FKSVZHK2ZVMYPVRDU4LDX6LCM,18333,938241200,CC-NEWS-20210226164055-00447.warc.gz,02,2021
"com,watermarkonline)/2017/04/06/barry-manilow-breaks-silence-coming-secret-marriage",20170407061557,http://www.watermarkonline.com/2017/04/06/barry-manilow-breaks-silence-coming-secret-marriage/,text/html,200,sha1:6ZN24OQAOJVM77OP7QBXPFXJ3PNVYOTL,21530,751065492,CC-NEWS-20170407014827-00271.warc.gz,04,2017
"com,chaffeybreeze)/2019/08/07/antares-pharma-nasdaqatrs-trading-up-10-1.html",20190807045126,https://www.chaffeybreeze.com/2019/08/07/antares-pharma-nasdaqatrs-trading-up-10-1.html,text/html,200,sha1:ULAO3D5FEENXII3RDP4WPO2B5TWO7IAB,11293,309383592,CC-NEWS-20190807035851-00804.warc.gz,08,2019
"com,koimoi)/television/kapil-sharma-to-begin-filming-his-netflix-comedy-special-from-april-in-dubai-deets-inside",20210309181957,https://www.koimoi.com/television/kapil-sharma-to-begin-filming-his-netflix-comedy-special-from-april-in-dubai-deets-inside/,text/html,200,sha1:LFRYWBXB3IHL7OR5XBIFI5Q645NMKOOT,37125,104032568,CC-NEWS-20210309181416-00629.warc.gz,03,2021
"tr,org,sol)/haber/fernando-e-solanasin-ardindan-devrimci-ofkeye-guzelleme-18767",20201108113134,https://sol.org.tr/haber/fernando-e-solanasin-ardindan-devrimci-ofkeye-guzelleme-18767,text/html,200,sha1:M4XSPBA4GMNPKJD22LTDA2OMQXLX3S6V,19871,289041121,CC-NEWS-20201108110001-00577.warc.gz,11,2020
"com,etvbharat)/urdu/jammu-and-kashmir/international/top-news/sri-lanka-crisis-president-will-not-resign-says-chief-govt-whip-johnston/na20220406202943488",20220406163715,https://www.etvbharat.com/urdu/jammu-and-kashmir/international/top-news/sri-lanka-crisis-president-will-not-resign-says-chief-govt-whip-johnston/na20220406202943488,text/html,200,sha1:KTYIC6VZOIYHKAQG4IQXL2GSUFVEJKHZ,18538,510354404,CC-NEWS-20220406161543-00309.warc.gz,04,2022
"org,familio)/persons/90766d58-dee6-45e4-a0d2-fd15e50352bb",20240409131211,https://familio.org/persons/90766d58-dee6-45e4-a0d2-fd15e50352bb,text/html,200,sha1:62HJGSETZHNSYMMGNCTJRFFVK6TQDQYW,14087,915095675,CC-NEWS-20240409122523-03382.warc.gz,04,2024
"com,westport-news)/lottery/article/winning-numbers-drawn-in-daily-4-day-game-16058009.php",20210327183746,https://www.westport-news.com/lottery/article/Winning-numbers-drawn-in-Daily-4-Day-game-16058009.php,text/html,200,sha1:YGF3ZQPJDKDCVDPEZZQXJCBBAHAYBGBK,16906,357827469,CC-NEWS-20210327180439-00951.warc.gz,03,2021
"media,cheshire)/uncategorised/193450/smart-medical-devices-market-to-perceive-substantial-growth-during-2026",20201125164431,https://cheshire.media/uncategorised/193450/smart-medical-devices-market-to-perceive-substantial-growth-during-2026/,text/html,200,sha1:SEK6LZWQ3MJ3XJPHYAGTESVXBKUPV3Y2,11641,303656432,CC-NEWS-20201125162537-00854.warc.gz,11,2020
"be,dhnet)/sports/football/diablesrouges/mangala-et-bongonda-dragues-par-le-congo-61a4f067d8ad587c1be33bf4",20211130065148,https://www.dhnet.be/sports/football/diablesrouges/mangala-et-bongonda-dragues-par-le-congo-61a4f067d8ad587c1be33bf4,text/html,200,sha1:3PEOG2UMFGCAJJL4QLXP3NF6CLYW4Y6G,38067,524618082,CC-NEWS-20211130060836-00690.warc.gz,11,2021
"se,hd)/2020-11-11/jordan-larsson-hoppade-in-nar-sverige-foll",20201111212419,https://www.hd.se/2020-11-11/jordan-larsson-hoppade-in-nar-sverige-foll,text/html,200,sha1:ID4JIF2GPVIZBWUSIWJSIYO24UPLGQTA,20772,766009156,CC-NEWS-20201111202746-00635.warc.gz,11,2020
"com,radiotimes)/tv/comedy/back-series-2-delay-explained",20210206045743,https://www.radiotimes.com/tv/comedy/back-series-2-delay-explained/,text/html,200,sha1:CC5OOSZ437ACQTWODD5M2C37ML47OHDO,28847,253504806,CC-NEWS-20210206043134-00086.warc.gz,02,2021
"com,foot01)/equipe/marseille/vente-om-il-demande-a-longoria-de-repondre-sans-mentir-402373",20220423111022,https://www.foot01.com/equipe/marseille/vente-om-il-demande-a-longoria-de-repondre-sans-mentir-402373,text/html,200,sha1:JDSGU6FIUYMXKKGIL226DX26UDB2SAOO,18620,639643781,CC-NEWS-20220423102202-00658.warc.gz,04,2022
"com,topix)/city/longview-wa/2017/04/how-a-single-gene-could-become-a-volume-knob-for-pain?fromrss=1",20170425225607,http://www.topix.com/city/longview-wa/2017/04/how-a-single-gene-could-become-a-volume-knob-for-pain?fromrss=1,text/html,200,sha1:2Q3SLSGGVRHXYHY3VHXOO4MX6HUDFI5Z,28522,722085561,CC-NEWS-20170425193224-00349.warc.gz,04,2017
"ca,huffingtonpost,quebec)/entry/etats-unis-pompiers-mettent-fin-cauchemar-raton-laveur_qc_5d45cfaee4b0aca3411ea14b",20190803204625,https://quebec.huffingtonpost.ca/entry/etats-unis-pompiers-mettent-fin-cauchemar-raton-laveur_qc_5d45cfaee4b0aca3411ea14b,text/html,200,sha1:J7JBIUHVRI4R3GR6PMSKIXPEAGZR7ZMJ,28350,364106859,CC-NEWS-20190803194435-00772.warc.gz,08,2019
"br,com,clicrbs,gauchazh)/mundo/noticia/2022/04/viktor-orban-busca-quarto-mandato-apos-fechamento-das-urnas-na-hungria-cl1j85yxv000d01e9no93fjol.html",20220403202208,https://gauchazh.clicrbs.com.br/mundo/noticia/2022/04/viktor-orban-busca-quarto-mandato-apos-fechamento-das-urnas-na-hungria-cl1j85yxv000d01e9no93fjol.html,text/html,200,sha1:UCFB7JVIAG6EXQB2DBSTXUEOLZX4JOWK,31567,949876552,CC-NEWS-20220403190830-00243.warc.gz,04,2022
"com,chinookobserver)/news/local/school-bond-homework-part-1/article_8128ff7c-4bf5-11ec-b40c-4f43f319c92d.html",20211123191649,https://www.chinookobserver.com/news/local/school-bond-homework-part-1/article_8128ff7c-4bf5-11ec-b40c-4f43f319c92d.html,text/html,200,sha1:T6OTAVC7BJKTYRENDAWHRPTBH32VNY72,70703,113630772,CC-NEWS-20211123191024-00568.warc.gz,11,2021
"com,daytondailynews)/nation-world/asian-stocks-follow-wall-st-down-amid-us-interest-rate-fears/jq235wzqbrhw3p6vozmagw24yu",20220411052200,https://www.daytondailynews.com/nation-world/asian-stocks-follow-wall-st-down-amid-us-interest-rate-fears/JQ235WZQBRHW3P6VOZMAGW24YU/,text/html,200,sha1:UWCBE7JKZOX7VMRVQNDQVCKJ3H7IWBTV,96464,62173376,CC-NEWS-20220411051739-00400.warc.gz,04,2022
"net,prajavani)/business/commerce-news/will-strive-to-get-cpi-down-to-4-pc-el-nino-a-challenge-for-food-inflation-das-2354042",20230625190515,https://www.prajavani.net/business/commerce-news/will-strive-to-get-cpi-down-to-4-pc-el-nino-a-challenge-for-food-inflation-das-2354042,text/html,200,sha1:WSFOCF7VLGJLTPQDBEZHMHPT27VFMXSY,151844,320098922,CC-NEWS-20230625184212-03560.warc.gz,06,2023
"fr,lafranceagricole)/actualites/cultures/campagne-de-2020-2021-le-deficit-mondial-de-sucre-revu-ala-hausse-1,16,1074641043.html",20201124084220,"https://www.lafranceagricole.fr/actualites/cultures/campagne-de-2020-2021-le-deficit-mondial-de-sucre-revu-ala-hausse-1,16,1074641043.html",text/html,200,sha1:WIMDBPQUFCILPBRZRST5JUD6HRA4P5H5,20110,137972870,CC-NEWS-20201124083129-00829.warc.gz,11,2020
"com,tri-cityherald)/sports/article249228910.html",20210213034250,https://www.tri-cityherald.com/sports/article249228910.html,text/html,200,sha1:PLKVFHC4MQTZWV4ZX65VLST5PTKJS5IX,26440,363056752,CC-NEWS-20210213025912-00209.warc.gz,02,2021
"uk,co,express)/sport/football/1413446/chelsea-transfer-news-paul-pogba-dybala-erling-haaland-thiago-silva-gossip",20210323060601,https://www.express.co.uk/sport/football/1413446/Chelsea-transfer-news-Paul-Pogba-Dybala-Erling-Haaland-Thiago-Silva-gossip,text/html,200,sha1:V52XEQLG3EUMF2HJRANP4N3ESFUM665Z,38299,635833498,CC-NEWS-20210323050644-00860.warc.gz,03,2021
"org,wvia)/shows/samantha-browns-places-love/episodes/colorado-springs-colorado",20240417032853,https://www.wvia.org/shows/samantha-browns-places-love/episodes/colorado-springs-colorado,text/html,200,sha1:3F647QEVCFYRRGIN4VIOF5MV4NWIJS6Q,36358,758294430,CC-NEWS-20240417022742-03525.warc.gz,04,2024
"com,elfagr)/3681103",20190806213428,https://www.elfagr.com/3681103,text/html,200,sha1:RHAW5BJPIDSGV6WY2ZZ2OUQHNS3MKI7D,14016,725893185,CC-NEWS-20190806201036-00801.warc.gz,08,2019
"mx,com,publimetro)/mx/noticias/2020/11/10/eeuu-el-70-por-ciento-de-los-votantes-republicanos-rechaza-que-las-presidenciales-fueran-libres-y-justas.html",20201110233012,https://www.publimetro.com.mx/mx/noticias/2020/11/10/eeuu-el-70-por-ciento-de-los-votantes-republicanos-rechaza-que-las-presidenciales-fueran-libres-y-justas.html,text/html,200,sha1:XOIYAP3SSWPFDGHOD3HK5KWCWHPNGHQP,13970,192346599,CC-NEWS-20201110231547-00619.warc.gz,11,2020
"com,reuters,in)/article/usa-fiscal-obama-remarks-idinl1n0i701z20131017",20170409122158,http://in.reuters.com/article/usa-fiscal-obama-remarks-idINL1N0I701Z20131017,text/html,200,sha1:3OGS5OKEI5JYTZXWVV62GIQLFZDRQPWW,15684,699879050,CC-NEWS-20170409075050-00280.warc.gz,04,2017
"tr,com,yenicaggazetesi)/talisca-sov-yapti-al-nassr-el-fetihe-fark-atti-671722h.htm",20230601022327,https://www.yenicaggazetesi.com.tr/talisca-sov-yapti-al-nassr-el-fetihe-fark-atti-671722h.htm,text/html,200,sha1:ZVJ736RKBLEKMFKV5F4HDJXJHJA2LHDB,9966,493437515,CC-NEWS-20230601013954-03007.warc.gz,06,2023
"com,khou)/article/news/nation-world/lady-gaga-to-fund-162-classrooms-in-el-paso-dayton-and-gilroy-after-mass-shootings/285-0292aa11-4ff9-42aa-9dda-5ac2e8e4f9a4",20190810225946,https://www.khou.com/article/news/nation-world/lady-gaga-to-fund-162-classrooms-in-el-paso-dayton-and-gilroy-after-mass-shootings/285-0292aa11-4ff9-42aa-9dda-5ac2e8e4f9a4,text/html,200,sha1:LVRGMUYNVB6EHYCK77DYSD5APR6NRUOM,14453,928345325,CC-NEWS-20190810201729-00845.warc.gz,08,2019
"com,nicematin)/meteo/sallagriffon-la-meteo-du-samedi-20-mars-2021-659121",20210320082904,https://www.nicematin.com/meteo/sallagriffon-la-meteo-du-samedi-20-mars-2021-659121,text/html,200,sha1:DL62XUL5NNXLDD2242XZICMEEIHFAMFV,22805,232531484,CC-NEWS-20210320080255-00817.warc.gz,03,2021
"de,svz)/deutschland-welt/newsticker/klimagipfel-bringt-kaum-fortschritte-id26706347.html",20191215134340,https://www.svz.de/deutschland-welt/newsticker/klimagipfel-bringt-kaum-fortschritte-id26706347.html,text/html,200,sha1:AAND4HBQAN7WZYE76UNZAL4CHK6MX4VO,48068,392986371,CC-NEWS-20191215124750-02276.warc.gz,12,2019
"com,naanoo)/news/positivrate-bei-corona-tests-weiter-gesunken",20210216122611,https://www.naanoo.com/news/positivrate-bei-corona-tests-weiter-gesunken,text/html,200,sha1:OOCUZJKAOKQEDXURVL6QUGIYG66T3FT7,29387,146325978,CC-NEWS-20210216121643-00259.warc.gz,02,2021
"fr,lefigaro,immobilier)/annonces/annonce-67407744.html",20240424215536,https://immobilier.lefigaro.fr/annonces/annonce-67407744.html,text/html,200,sha1:5RMPBEK5FUHIM756UVQ5D24OGC4ZASWF,146977,835818600,CC-NEWS-20240424205417-03675.warc.gz,04,2024
"ru,ferra)/news/techlife/v-prodazhe-poyavilis-kastomnye-iphone-v-stile-kriminalnykh-filmov-16-04-2024.htm",20240416201030,https://www.ferra.ru/news/techlife/v-prodazhe-poyavilis-kastomnye-iphone-v-stile-kriminalnykh-filmov-16-04-2024.htm,text/html,200,sha1:A5UIB65PZO5WCFPI3OHR4ITFYHGVCXFV,22728,565568224,CC-NEWS-20240416193432-03520.warc.gz,04,2024
"pl,interia,sport)/zuzel/news-zuzel-pge-ekstraliga-wlokniarz-czestochowa-szuka-drugiego-go,nid,5110138",20210316093130,"https://sport.interia.pl/zuzel/news-zuzel-pge-ekstraliga-wlokniarz-czestochowa-szuka-drugiego-go,nId,5110138",text/html,200,sha1:SL4Y5L5OAMEYKTR37GIOAW36UGW22XEO,46645,707476877,CC-NEWS-20210316083909-00742.warc.gz,03,2021
"de,suedkurier)/region/linzgau-zollern-alb/pfullendorf/fruehlingslaune-und-einkaufsvergnuegen-in-pfullendorf;art372570,9227000",20170424101329,"http://www.suedkurier.de/region/linzgau-zollern-alb/pfullendorf/Fruehlingslaune-und-Einkaufsvergnuegen-in-Pfullendorf;art372570,9227000",text/html,200,sha1:HAECAW2KWCH7KEYANTTDVE5SJAQNSEPC,28573,166805744,CC-NEWS-20170424092459-00342.warc.gz,04,2017
"ca,radio-canada,ici)/nouvelle/1842027/discours-trone-2021-mary-simon-langues-officielles-francophonie",20211123231806,https://ici.radio-canada.ca/nouvelle/1842027/discours-trone-2021-mary-simon-langues-officielles-francophonie,text/html,200,sha1:4APIFENQLQSQPLCTWN4BXLZUI77PMXRF,82150,699764768,CC-NEWS-20211123223712-00572.warc.gz,11,2021
"com,mccourier)/fast-food-market-2021-strategic-analysis-growth-drivers-industry-trends-demand-and-future-opportunities-till-2027",20210209184304,https://www.mccourier.com/fast-food-market-2021-strategic-analysis-growth-drivers-industry-trends-demand-and-future-opportunities-till-2027/,text/html,200,sha1:BPXEWKUFGP7HFFVDB7BO3NY6ZYGMRYC7,17694,193835431,CC-NEWS-20210209183333-00142.warc.gz,02,2021
"com,haberler)/haberler/bursa-sabah-ezani-saat-kacta-namaz-saatleri-14870868-haberi",20220414234056,https://www.haberler.com/haberler/bursa-sabah-ezani-saat-kacta-namaz-saatleri-14870868-haberi/,text/html,200,sha1:4ZXC3NKTC4EMHRJM2DZHHYYI7REBC56K,26534,1015556344,CC-NEWS-20220414222931-00488.warc.gz,04,2022
"de,presseportal)/blaulicht/pm/134196/4835967",20210211105338,https://www.presseportal.de/blaulicht/pm/134196/4835967,text/html,200,sha1:REV3QIE2OCPTGZPL7X7M4KN3U3P2HTEO,13643,730652800,CC-NEWS-20210211101126-00174.warc.gz,02,2021
"bg,nova)/news/view/2019/08/31/261343/5-%d0%ba%d0%b8%d0%bb%d0%be%d0%bc%d0%b5%d1%82%d1%80%d0%be%d0%b2%d0%b0-%d0%be%d0%bf%d0%b0%d1%88%d0%ba%d0%b0-%d0%bd%d0%b0-%d0%b3%d1%80%d0%b0%d0%bd%d0%b8%d1%86%d0%b0%d1%82%d0%b0-%d1%81-%d0%b3%d1%8a%d1%80%d1%86%d0%b8%d1%8f",20190831143116,https://nova.bg/news/view/2019/08/31/261343/5-%D0%BA%D0%B8%D0%BB%D0%BE%D0%BC%D0%B5%D1%82%D1%80%D0%BE%D0%B2%D0%B0-%D0%BE%D0%BF%D0%B0%D1%88%D0%BA%D0%B0-%D0%BD%D0%B0-%D0%B3%D1%80%D0%B0%D0%BD%D0%B8%D1%86%D0%B0%D1%82%D0%B0-%D1%81-%D0%B3%D1%8A%D1%80%D1%86%D0%B8%D1%8F/,text/html,200,sha1:BVGH3KZLNADXABSR7HFRS5RYGDTPX7UZ,19168,884233466,CC-NEWS-20190831123253-01061.warc.gz,08,2019
"fi,kaleva)/uutiset/pohjois-suomi/kissa-jai-rumpuputkeen-kiipeliin-nivalassa-palokunnan-ongelmanratkaisukyky-tuotti-jalleen-tulosta/832716",20191227140929,https://www.kaleva.fi/uutiset/pohjois-suomi/kissa-jai-rumpuputkeen-kiipeliin-nivalassa-palokunnan-ongelmanratkaisukyky-tuotti-jalleen-tulosta/832716/,text/html,200,sha1:B3Y7T67R5GX7GBOI2X6R6U4SPAWALXJD,42056,921269632,CC-NEWS-20191227124553-00132.warc.gz,12,2019
"br,com,clicportela)/noticia/45276/tupi-de-crissiumal-segue-sem-vencer-na-divisao-de-acesso-2022",20220422174015,https://www.clicportela.com.br/noticia/45276/tupi-de-crissiumal-segue-sem-vencer-na-divisao-de-acesso-2022,text/html,200,sha1:PEB22VB7LJ5BSRMVN2UHDJSTAGT7NJ55,16169,1042965709,CC-NEWS-20220422165015-00644.warc.gz,04,2022
"com,bfmtv,rmcsport)/rugby/tests-matchs/france-all-blacks-les-bleus-signent-un-exploit-exceptionnel-contre-la-nouvelle-zelande_av-202111200317.html",20211120225201,https://rmcsport.bfmtv.com/rugby/tests-matchs/france-all-blacks-les-bleus-signent-un-exploit-exceptionnel-contre-la-nouvelle-zelande_AV-202111200317.html,text/html,200,sha1:TUACDAO4YIMIGZBS3565EP7L2J4IUJFW,16059,117937688,CC-NEWS-20211120224150-00514.warc.gz,11,2021
"org,turkrom2023,minga)/diaper-sizes-chart-by-age-huggies",20240419183745,https://minga.turkrom2023.org/diaper-sizes-chart-by-age-huggies/,text/html,200,sha1:7VFST3ZB2EWEX6KEOPMLZX2SB2UYTREG,8424,65813551,CC-NEWS-20240419183347-03584.warc.gz,04,2024
"org,flathub)/eo/apps/com.chatterino.chatterino",20230622170525,https://flathub.org/eo/apps/com.chatterino.chatterino,text/html,200,sha1:FGDXQ734EIYDQGY6XGLHEMRZFZYE644W,25255,804296408,CC-NEWS-20230622163223-03497.warc.gz,06,2023
"com,theadvertiser)/story/news/american-south/2021/02/13/building-house-float-during-surreal-mardi-gras-season/6726733002",20210213164150,https://www.theadvertiser.com/story/news/american-south/2021/02/13/building-house-float-during-surreal-mardi-gras-season/6726733002/,text/html,200,sha1:TTG3D7JDH5TJ74U7FVOKVI6GYBPXY2PL,45929,1020746153,CC-NEWS-20210213152433-00216.warc.gz,02,2021
"int,reliefweb)/report/world/2020-pandemic-has-challenged-press-freedom-africa",20201128162945,https://reliefweb.int/report/world/2020-pandemic-has-challenged-press-freedom-africa,text/html,200,sha1:HGA72NR7OCGIHU4VXZRQHFVLKSLEHYTC,12388,170458189,CC-NEWS-20201128161658-00900.warc.gz,11,2020
"com,nexttv)/features/maine-a-la-carte-law-isnt-dead-yet",20210308173335,https://www.nexttv.com/features/maine-a-la-carte-law-isnt-dead-yet,text/html,200,sha1:TAYBRM446ENUYTO3JWWNI6QLG2N23OYS,55642,441894984,CC-NEWS-20210308170910-00609.warc.gz,03,2021
"com,etfdailynews)/2022/04/02/home-bistro-otcmktshbis-stock-price-up-18-1",20220402153903,https://www.etfdailynews.com/2022/04/02/home-bistro-otcmktshbis-stock-price-up-18-1/,text/html,200,sha1:UNGCOPSEF36MOFOQFPE22JGXMMHFQKR3,11112,1013956758,CC-NEWS-20220402142558-00225.warc.gz,04,2022
"es,elcorreoweb)/opinion/columnas/la-bajada-a-los-infiernos-de-isabel-pantoja-es-la-de-todos-id6948921",20201127232357,https://elcorreoweb.es/opinion/columnas/la-bajada-a-los-infiernos-de-isabel-pantoja-es-la-de-todos-ID6948921,text/html,200,sha1:FQMORUHXFPQYTAVYHUD72ZWNXKIXSTFB,19906,808578495,CC-NEWS-20201127220007-00891.warc.gz,11,2020
"se,sydostran)/nyheter/ett-ar-med-covid-patienter-det-har-varit-otroligt-jobbigt-edff03e2",20210311163025,https://www.sydostran.se/nyheter/ett-ar-med-covid-patienter-det-har-varit-otroligt-jobbigt-edff03e2/,text/html,200,sha1:WFWENDGCAMBEGT5YOL2HQTJX2ZJWPBJU,29509,746591246,CC-NEWS-20210311155613-00667.warc.gz,03,2021
"com,13newsnow)/article/news/local/mycity/norfolk/norfolk-woman-wins-virginia-lottery-pick-4/291-e77e544b-2fec-4f57-b7d2-31d2ebdea357",20211109220214,https://www.13newsnow.com/article/news/local/mycity/norfolk/norfolk-woman-wins-virginia-lottery-pick-4/291-e77e544b-2fec-4f57-b7d2-31d2ebdea357,text/html,200,sha1:CBVO3S5S4EM4GHUECEK73QQUL4XF23UN,37921,779686761,CC-NEWS-20211109212350-00275.warc.gz,11,2021
"tr,com,ajanshaber)/ozhaseki-gece-gunduz-demeden-ugrasacagiz-yaralarimizi-saracagiz-haber-508521",20230608143757,https://www.ajanshaber.com.tr/ozhaseki-gece-gunduz-demeden-ugrasacagiz-yaralarimizi-saracagiz-haber-508521,text/html,200,sha1:23VYPBFBJB2JNU75UWZPJGEYDSEHKNWI,11266,367406961,CC-NEWS-20230608142349-03178.warc.gz,06,2023
"md,yam,news)/ro/story/11106451",20201103131632,https://news.yam.md/ro/story/11106451,text/html,200,sha1:BN46MWHKA3TOFUTCSZGXQQNYKBGALVWL,12712,1014424276,CC-NEWS-20201103121548-00490.warc.gz,11,2020
"it,ilsecoloxix)/p/economia/2016/09/03/as9dxc9d-miliardi_governo_prepara.shtml",20160903065047,http://www.ilsecoloxix.it/p/economia/2016/09/03/AS9DXC9D-miliardi_governo_prepara.shtml,text/html,200,sha1:3IRQGTWSVEEQ27DKKFP2ICYVVDXESSMY,19045,530312640,CC-NEWS-20160902145200-00009.warc.gz,09,2016
"uk,co,birminghammail)/sport/football/transfer-news/birmingham-city-transfers-gianfranco-zola-12540898",20170201162505,http://www.birminghammail.co.uk/sport/football/transfer-news/birmingham-city-transfers-gianfranco-zola-12540898,text/html,200,sha1:XESQ3A3VFX5EFQHCQM4K7BHPV6G2LR4N,22955,1067088521,CC-NEWS-20170201124635-00040.warc.gz,02,2017
"tr,com,korkusuz)/evlenecek-ciftlere-suriye-altini-uyarisi.html",20210319213140,https://www.korkusuz.com.tr/evlenecek-ciftlere-suriye-altini-uyarisi.html,text/html,200,sha1:OJPGZTIJRA73DNETYF7YMXOUVMVO23AR,64296,851699881,CC-NEWS-20210319203244-00811.warc.gz,03,2021
"ru,udmpravda)/articles/udmurtskaya-pravda-protiv-korruptsii",20170428193519,http://udmpravda.ru/articles/udmurtskaya-pravda-protiv-korruptsii,text/html,200,sha1:TNTLOZV7ENNV6M7ULYJ6T2NYKPQIM2BZ,8240,773699516,CC-NEWS-20170428161819-00363.warc.gz,04,2017
"de,aktiencheck)/news/artikel-sichuan_goldstone_orient_new_material_equipment_haben_sie_darauf_geachtet-10710537",20191217025216,http://www.aktiencheck.de/news/Artikel-Sichuan_Goldstone_Orient_New_Material_Equipment_Haben_Sie_darauf_geachtet-10710537,text/html,200,sha1:HPRZ4LO2UXLFTK2257AJTTCKBJ6SI6BB,14162,178874687,CC-NEWS-20191217022355-02294.warc.gz,12,2019
"com,globenewswire)/news-release/2021/03/30/2201436/0/en/global-online-event-ticketing-market-to-reach-61-7-billion-by-2027.html",20210330112547,https://www.globenewswire.com/news-release/2021/03/30/2201436/0/en/Global-Online-Event-Ticketing-Market-to-Reach-61-7-Billion-by-2027.html,text/html,200,sha1:PDA3SYZ2ELFFYJEKJ7OMUR7WVL4B62B3,13451,1133107,CC-NEWS-20210330112542-00990.warc.gz,03,2021
"com,milfordmirror)/news/article/nebraska-directs-90-of-vaccines-to-people-65-and-15946423.php",20210212200059,https://www.milfordmirror.com/news/article/Nebraska-directs-90-of-vaccines-to-people-65-and-15946423.php,text/html,200,sha1:G2BLSYT2G4OYLFOHSF3O7WRQDQY4K4VS,20138,381953407,CC-NEWS-20210212194011-00204.warc.gz,02,2021
"com,tesco)/groceries/en-gb/products/255249782",20191219003909,https://www.tesco.com/groceries/en-GB/products/255249782,text/html,200,sha1:5CHWDTAJQ6RK6Q3NKCKWQ2SSBOHUQB7N,94508,560815970,CC-NEWS-20191219002609-00017.warc.gz,12,2019
"com,chuvashia,sovch)/?p=243929",20211129213339,http://sovch.chuvashia.com/?p=243929,text/html,200,sha1:BJKH4CXQCT4CXIZ2VDBI7GPQQOS55B7C,21331,977919644,CC-NEWS-20211129203737-00683.warc.gz,11,2021
"com,reuters)/article/us-retail-trading-silver-china/buying-into-poor-mans-gold-chinese-investors-jump-on-silver-iduskbn2a122y",20210201113727,https://www.reuters.com/article/us-retail-trading-silver-china/buying-into-poor-mans-gold-chinese-investors-jump-on-silver-idUSKBN2A122Y,text/html,200,sha1:Z2Q3RC3WKZYMHWX7RMY2YYXZX22XPKUZ,60166,50397426,CC-NEWS-20210201113625-00000.warc.gz,02,2021
"de,augsburger-allgemeine)/augsburg-land/dieb-hat-es-in-neusaess-auf-wertvolle-lebensmittel-abgesehen-id59210156.html",20210228113327,https://www.augsburger-allgemeine.de/augsburg-land/Dieb-hat-es-in-Neusaess-auf-wertvolle-Lebensmittel-abgesehen-id59210156.html,text/html,200,sha1:DQLIL5WUQXJBQ2N7QQR5RMCWSUHU65FF,23130,618500990,CC-NEWS-20210228103319-00470.warc.gz,02,2021
"de,hna)/welt/lawine-schweiz-vater-deutscher-tod-sohn-opfer-klinik-lauchernalp-drama-zr-13373006.html?cmp=defrss",20191229183511,https://www.hna.de/welt/lawine-schweiz-vater-deutscher-tod-sohn-opfer-klinik-lauchernalp-drama-zr-13373006.html?cmp=defrss,text/html,200,sha1:ECH5X45N3I2CWSZE7YVLCWERZAUWYJUM,23340,807930903,CC-NEWS-20191229164505-00155.warc.gz,12,2019
"com,zeffy)/ticketing/448ccdf6-91b9-414c-8fa0-f9a8b2252252",20240425072840,https://www.zeffy.com/ticketing/448ccdf6-91b9-414c-8fa0-f9a8b2252252,text/html,200,sha1:RSBX4HC4RJKI66OC4I4HV7X35MGGSMDN,61816,410682474,CC-NEWS-20240425070208-03682.warc.gz,04,2024
"pt,sapo,sol)/artigo/802083/lar-doce-lar",20230629232202,https://sol.sapo.pt/artigo/802083/lar-doce-lar,text/html,200,sha1:NXPPLSJ62MMGTX3IVLDVC3TUCKWDMSW7,19205,268876273,CC-NEWS-20230629230845-03665.warc.gz,06,2023
"it,laconceria)/depurazione/solofra-carabinieri-sequestrano-depuratore-lo-lasciano-funzione-ora-tocca-alla-societa-gestione-metterlo-norma",20170429001113,http://www.laconceria.it/depurazione/solofra-carabinieri-sequestrano-depuratore-lo-lasciano-funzione-ora-tocca-alla-societa-gestione-metterlo-norma/,text/html,200,sha1:UEK6RQHGINVDDCMBRG3G7VPIVQXFKGV6,17629,892685436,CC-NEWS-20170428194156-00001.warc.gz,04,2017
"pl,kresy)/wydarzenia/regiony/ukraina/rzad-ukrainy-wprowadza-weekendowa-kwarantanne",20201111184756,https://kresy.pl/wydarzenia/regiony/ukraina/rzad-ukrainy-wprowadza-weekendowa-kwarantanne/,text/html,200,sha1:ZRGAWRVFO4QA6J5E3KQ2GSL3PGV6WIZA,39801,679283301,CC-NEWS-20201111180655-00633.warc.gz,11,2020
"com,elwatannews)/news/details/6027310",20220404162204,https://www.elwatannews.com/news/details/6027310,text/html,200,sha1:V264RMWYDXOGMJ2DN7DV4JGXRYVMGNBS,65233,38868968,CC-NEWS-20220404162020-00260.warc.gz,04,2022
"ee,delfi)/artikkel/120286305/oigusekspert-valimissedelite-margistamisest-haaletamise-salajasus-pole-lihtsalt-kabiinis-valimine-vaid-ka-surve-puudumine",20240417174934,https://www.delfi.ee/artikkel/120286305/oigusekspert-valimissedelite-margistamisest-haaletamise-salajasus-pole-lihtsalt-kabiinis-valimine-vaid-ka-surve-puudumine,text/html,200,sha1:RB7JQ6MMUGPXY3KAZGBIN5C2ZBETXKY3,28271,330106415,CC-NEWS-20240417173319-03540.warc.gz,04,2024
"com,scotsman)/news/google-to-open-training-centre-in-glasgow-1-4236099",20160921085708,http://www.scotsman.com/news/google-to-open-training-centre-in-glasgow-1-4236099,text/html,200,sha1:33EZCYIRZAGLIBGKQCG755K7Q2B34VHD,91722,680939852,CC-NEWS-20160920205428-00029.warc.gz,09,2016
"it,teleborsa)/news/2023/06/01/madrid-risultato-positivo-per-caixabank-117_tlb-auto.html",20230601093839,https://www.teleborsa.it/News/2023/06/01/madrid-risultato-positivo-per-caixabank-117_TLB-AUTO.html,text/html,200,sha1:DMN4OMQDJGUW3UX5VRFNUDDJWJD24S4W,16933,551990649,CC-NEWS-20230601090852-03013.warc.gz,06,2023
"de,peiner-nachrichten)/sport/loewen/article227850089/loewen-braunschweig-verlieren-gegen-hamburg.html",20191206220113,https://www.peiner-nachrichten.de/sport/loewen/article227850089/Loewen-Braunschweig-verlieren-gegen-Hamburg.html,text/html,200,sha1:X7LIPKC4ZXVNKUKFVI7LDEUSRQPIYAU4,36303,935363338,CC-NEWS-20191206202639-02178.warc.gz,12,2019
"com,greenwichtime)/sports/article/butler-wins-1st-pioneer-football-league-game-this-16637810.php",20211120205244,https://www.greenwichtime.com/sports/article/Butler-wins-1st-Pioneer-Football-League-game-this-16637810.php,text/html,200,sha1:CNNTUFRP5ODNXAIABVB72XXRFQO3IFJW,23076,992665233,CC-NEWS-20211120193405-00512.warc.gz,11,2021
"fr,slate,korii)/biz/vatican-charite-chretienne-45-millions-euros-finances-budget-frais-fonctionnement",20191213110119,https://korii.slate.fr/biz/vatican-charite-chretienne-45-millions-euros-finances-budget-frais-fonctionnement,text/html,200,sha1:43HFZH762TWQIHHHLKYCV74ZWQKOCPOX,11865,170623619,CC-NEWS-20191213104716-02255.warc.gz,12,2019
"se,res)/har-far-du-mest-sol-och-strand-pengarna",20170423050715,http://res.se/har-far-du-mest-sol-och-strand-pengarna,text/html,200,sha1:HMU7TUAKWFEY3UFEXFPAGTXJNRJJO3RF,15759,302842648,CC-NEWS-20170423020408-00338.warc.gz,04,2017
"it,melablog)/il-cinema-a-casa-tua-con-la-samsung-tv-da-65-oggi-a-quasi-700-euro-in-meno",20230613195615,https://www.melablog.it/il-cinema-a-casa-tua-con-la-samsung-tv-da-65-oggi-a-quasi-700-euro-in-meno/,text/html,200,sha1:MRPONQ2BXYQFNNS27XLDI6JEAGSQEDZA,24754,887772070,CC-NEWS-20230613191355-03290.warc.gz,06,2023
"com,lmtonline)/sports/article/gondrezick-leads-no-17-west-virginia-women-into-16042839.php",20210322035413,https://www.lmtonline.com/sports/article/Gondrezick-leads-No-17-West-Virginia-women-into-16042839.php,text/html,200,sha1:BCQJQ3TQD6B7ELQXNJZNLE57X7G5P564,25287,324633904,CC-NEWS-20210322030829-00840.warc.gz,03,2021
"net,ilovekent)/meet-river-raskcs-very-motivated-treat-loving-pet-of-the-week",20240412161558,https://ilovekent.net/meet-river-raskcs-very-motivated-treat-loving-pet-of-the-week/,text/html,200,sha1:3C76Q75N7NISXDLXEVOCUW6XXYYCPZHW,39759,315651654,CC-NEWS-20240412155959-03451.warc.gz,04,2024
"ru,regnum)/news/2284694",20240404214454,https://regnum.ru/news/2284694,text/html,200,sha1:RDFWVNENG4SPRZUNXZKGOMJJ6W4NLW4W,81263,188126053,CC-NEWS-20240404213000-03304.warc.gz,04,2024
"it,gazzettadiparma)/video/italia-mondo/425594/ansatg-delle-ore-12.html",20170409200539,http://www.gazzettadiparma.it/video/italia-mondo/425594/ansatg-delle-ore-12.html,text/html,200,sha1:AKUFAPVMIAUW6FTWQH4YBYKS24PAT6LH,34500,901721490,CC-NEWS-20170409143412-00281.warc.gz,04,2017
"it,zazoom)/2024-04-27/lultimo-outfit-di-jeremy-allen-white-puo-essere-riprodotto-da-tutti-gli-uomini-del-pianeta/14661990",20240427080521,https://www.zazoom.it/2024-04-27/lultimo-outfit-di-jeremy-allen-white-puo-essere-riprodotto-da-tutti-gli-uomini-del-pianeta/14661990/,text/html,200,sha1:5DOALJNXCK5FU7UMLSKVP75JE4U2AHQY,19954,934205859,CC-NEWS-20240427065607-03722.warc.gz,04,2024
"com,mainetoday)/maine_art/art-exhibits/lens-highlights-turn-century-women-photographers-midcoast-maine",20170404223916,http://mainetoday.com/maine_art/art-exhibits/lens-highlights-turn-century-women-photographers-midcoast-maine/,text/html,200,sha1:GGU7MPPGIMUPPZWKPOUA2JIGZFYKAFL4,15945,10105889,CC-NEWS-20170404223703-00261.warc.gz,04,2017
"com,mvsnoticias)/noticias/nacionales/instalaran-modulos-de-deteccion-de-covid-en-fronteras",20210310000400,https://mvsnoticias.com/noticias/nacionales/instalaran-modulos-de-deteccion-de-covid-en-fronteras/,text/html,200,sha1:BVEGSVXKNLU6EODX7S5QNXKU2N54HKTX,16060,325839877,CC-NEWS-20210309234007-00634.warc.gz,03,2021
"com,premiumtimesng)/news/more-news/445278-buhari-meets-new-efcc-chair-at-aso-villa.html",20210225172416,https://www.premiumtimesng.com/news/more-news/445278-buhari-meets-new-efcc-chair-at-aso-villa.html,text/html,200,sha1:VAPW5FEDOTIOFW57LXZI4FBV7H7CE76Z,39360,800231415,CC-NEWS-20210225164346-00427.warc.gz,02,2021
"com,diepresse)/6131217/credit-suisse-baut-nach-erneutem-verlust-management-um",20220427065000,https://www.diepresse.com/6131217/credit-suisse-baut-nach-erneutem-verlust-management-um,text/html,200,sha1:YAR2SOWC5STIDI6ZQ547LU7PJXYT2TJN,20343,699184595,CC-NEWS-20220427060245-00731.warc.gz,04,2022
"ua,segodnya,economics)/ua/economics/enews/izvinite-zadralo-glava-ukrpochty-gnevno-potreboval-izvineniy-ot-ministra-1515710.html",20210330102017,https://economics.segodnya.ua/ua/economics/enews/izvinite-zadralo-glava-ukrpochty-gnevno-potreboval-izvineniy-ot-ministra-1515710.html,text/html,200,sha1:CTOJ3ENN5DMPM5J64ENMMILDPLKJ2ICK,58401,11998544,CC-NEWS-20210330101909-00989.warc.gz,03,2021
"net,realitateademaramures)/video-marti-ora-1800-culisele-statului-paralel-cine-este-alin-niculaie-miliardarul-fara-chip",20201102195759,https://realitateademaramures.net/video-marti-ora-1800-culisele-statului-paralel-cine-este-alin-niculaie-miliardarul-fara-chip/,text/html,200,sha1:F2K4ANVBWGKLSCVOG6ML3WLBWGCK7GVJ,30605,45912731,CC-NEWS-20201102195451-00479.warc.gz,11,2020
"no,altaposten)/nyheter/i/bg9rqa/raseriet-over-nedbygging-av-klinikk-alta-overskygger-alle-andre-saker",20240411162155,https://www.altaposten.no/nyheter/i/bg9RQA/raseriet-over-nedbygging-av-klinikk-alta-overskygger-alle-andre-saker,text/html,200,sha1:E5KLWCWADHELOTOMXFRVEWMNENF5JFCM,18399,420397446,CC-NEWS-20240411160107-03430.warc.gz,04,2024
"com,hindustantimes,auto)/new-cars/hyundai/creta/on-road-price-nilambur",20210309134848,https://auto.hindustantimes.com/new-cars/hyundai/creta/on-road-price-nilambur,text/html,200,sha1:RF72IURODRHUC3IX5RJNGFUWY6IWIZUD,71066,291794142,CC-NEWS-20210309133236-00624.warc.gz,03,2021
"com,republicworld)/world-news/rest-of-the-world-news/russian-leader-thanks-trump-for-tip-that-prevented-terrorist-attack.html",20191230072317,https://www.republicworld.com/world-news/rest-of-the-world-news/russian-leader-thanks-trump-for-tip-that-prevented-terrorist-attack.html,text/html,200,sha1:CYQOB544XYNJ4LY4EBXXHNCQTOZ3UYYM,25943,897605929,CC-NEWS-20191230060242-00160.warc.gz,12,2019
"com,theintelligencer)/weather/article/ny-current-conditions-15949976.php",20210214081248,https://www.theintelligencer.com/weather/article/NY-Current-Conditions-15949976.php,text/html,200,sha1:SYUXNPHZGBKQV2M6SU4OELELDBD4WIBM,20376,473120425,CC-NEWS-20210214071016-00224.warc.gz,02,2021
"com,hankyung)/finance/article/2022042930631",20220430090741,https://www.hankyung.com/finance/article/2022042930631,text/html,200,sha1:PACA5FKGQCGANLMQGYOW3H6MPYI5KFVS,20729,51135361,CC-NEWS-20220430090420-00806.warc.gz,04,2022
"is,visir)/g/20202038215d/af-neitarar-settir-yfir-lofts-lags-skyrslu-a-loka-metrum-trump-stjornarinnar",20201117113712,https://www.visir.is/g/20202038215d/af-neitarar-settir-yfir-lofts-lags-skyrslu-a-loka-metrum-trump-stjornarinnar,text/html,200,sha1:EGOIW5PKXIQ2EU7XQ5V2LCJZDFYDFVRE,29672,1062432964,CC-NEWS-20201117103237-00718.warc.gz,11,2020
"org,safetylit)/citations/index.php?citationids[]=citjournalarticle_758839_20&fuseaction=citations.viewdetails",20230612134500,https://www.safetylit.org/citations/index.php?fuseaction=citations.viewdetails&citationIds%5B%5D=citjournalarticle_758839_20,text/html,200,sha1:WEQISWGJ7Y7NVLN2EAU56GFGBWV7WWRV,6374,588410284,CC-NEWS-20230612132029-03257.warc.gz,06,2023
"vn,baoquangngai)/channel/2033/202011/bai-thuoc-chua-chung-ngua-ve-dem-3031226",20201118104037,http://baoquangngai.vn/channel/2033/202011/bai-thuoc-chua-chung-ngua-ve-dem-3031226/,text/html,200,sha1:H4WLAUXO6IXX5UAY5T75BX6NL74ZG5XU,5077,335098183,CC-NEWS-20201118101541-00736.warc.gz,11,2020
"com,joins,news)/article/23549010",20190810103345,https://news.joins.com/article/23549010,text/html,200,sha1:MICZNBTHHGNEVWU3SPQFD6MDXAYR5MMZ,13470,491721097,CC-NEWS-20190810091646-00841.warc.gz,08,2019
"net,ilsussidiario)/news/cinema-televisione-e-media/2017/4/5/isola-dei-famosi-2017-finalisti-eliminati-e-pagelle-della-semifinale/757969",20170405013836,http://www.ilsussidiario.net/News/Cinema-Televisione-e-Media/2017/4/5/Isola-dei-Famosi-2017-Finalisti-eliminati-e-pagelle-della-semifinale/757969/,text/html,200,sha1:Z5D6SZH3LKXM6PVNCERQGTMCARCR6QUI,11080,513431281,CC-NEWS-20170404223703-00261.warc.gz,04,2017
"co,com,elpais)/deportes/cinco-departamentos-instalaron-deportistas-en-semifinales-del-nacional-de-billar-en-cali.html",20220420134403,https://www.elpais.com.co/deportes/cinco-departamentos-instalaron-deportistas-en-semifinales-del-nacional-de-billar-en-cali.html,text/html,200,sha1:XK77DNECBVWA2OODW3QO5SGSDLJW6IIS,26783,450983903,CC-NEWS-20220420132341-00591.warc.gz,04,2022
"org,tayyar)/news/lebanon/543545",20230604173602,https://www.tayyar.org/News/Lebanon/543545/,text/html,200,sha1:Y73PWNM5CE65REWITNQQ6KPIK2ROMZQR,18992,628667964,CC-NEWS-20230604165017-03084.warc.gz,06,2023
"com,miamiherald)/miami-com/miami-com-news/article234425177.html",20190827180318,https://www.miamiherald.com/miami-com/miami-com-news/article234425177.html,text/html,200,sha1:FRFNDHRTGFWDLVLYI354CY7MLJPTQJLZ,29658,958540132,CC-NEWS-20190827163417-01016.warc.gz,08,2019
"com,alwaght)/en/news/159716/us-taliban-latest-round-of-talks-inconclusive",20190813071731,http://alwaght.com/en/news/159716/US-Taliban-Latest-Round-of-Talks-Inconclusive,text/html,200,sha1:AB5SYDOVJYJDHLIJS3APUHLJPRRWFXY5,19437,631714246,CC-NEWS-20190813054839-00866.warc.gz,08,2019
"ro,euractiv)/eu-elections-2019/consumatorii-din-ue-vor-putea-in-curand-sa-isi-apere-drepturile-in-mod-colectiv-21897",20201124135608,https://www.euractiv.ro/eu-elections-2019/consumatorii-din-ue-vor-putea-in-curand-sa-isi-apere-drepturile-in-mod-colectiv-21897,text/html,200,sha1:24K4W5WLIEN7WZ4HZM42TEQMNCLB3II5,18402,520788230,CC-NEWS-20201124132610-00833.warc.gz,11,2020
"de,zvw)/sport/kiel-gewinnt-spitzenspiel-herber-r%c3%bcckschlag-f%c3%bcr-fortuna_arid-314795",20210208215957,https://www.zvw.de/sport/kiel-gewinnt-spitzenspiel-herber-r%C3%BCckschlag-f%C3%BCr-fortuna_arid-314795,text/html,200,sha1:CQK4XMDYYAGZZ3QNUIVYFLQCXC7H2VM7,12667,317746315,CC-NEWS-20210208213845-00125.warc.gz,02,2021
"nl,112groningen)/381810/ambulance/auto-en-fietser-botsen-1-gewonde-3",20240424175649,https://112groningen.nl/381810/ambulance/auto-en-fietser-botsen-1-gewonde-3/,text/html,200,sha1:72TSLKIST5FSCRS32JNSWXAVXINRTSEE,22169,460850662,CC-NEWS-20240424173100-03672.warc.gz,04,2024
"ar,com,laopinionsemanario)/noticia/chocaron-a-un-nino-en-la-zona-de-bajada-al-puerto-y-fue-trasladado-al-hospital",20220409210851,https://www.laopinionsemanario.com.ar/noticia/chocaron-a-un-nino-en-la-zona-de-bajada-al-puerto-y-fue-trasladado-al-hospital/,text/html,200,sha1:F3RVS4CJ53VMRLBMEHRREKEALMB2F373,56135,174831137,CC-NEWS-20220409205542-00380.warc.gz,04,2022
"de,thueringer-allgemeine)/leben/vermischtes/koenig-peter-i-peter-fitzek-traf-querdenken-vertreter-michael-ballweg-in-saalfeld-id230927214.html",20201116171314,https://www.thueringer-allgemeine.de/leben/vermischtes/koenig-peter-i-peter-fitzek-traf-querdenken-vertreter-michael-ballweg-in-saalfeld-id230927214.html,text/html,200,sha1:25TRJMTD5BB2KW73RNPDJML5IFZDB6LE,84099,19474276,CC-NEWS-20201116171219-00707.warc.gz,11,2020
"br,com,correiobraziliense)/cidades-df/2021/11/4961169-piloto-sera-cremado-em-brasilia.html",20211107102516,https://www.correiobraziliense.com.br/cidades-df/2021/11/4961169-piloto-sera-cremado-em-brasilia.html,text/html,200,sha1:JH2XX6VXP423A4GQDDJ7NZMUOW2TOGQA,16988,193352066,CC-NEWS-20211107100629-00223.warc.gz,11,2021
"com,yahoo,news,ca)/us-russia-set-showdown-un-221254377.html",20240423223305,https://ca.news.yahoo.com/us-russia-set-showdown-un-221254377.html,text/html,200,sha1:ZZFBLJV6GNVOY3WHCZJNPKFSGUL7MBDK,158542,79981973,CC-NEWS-20240423222716-03656.warc.gz,04,2024
"fr,lepoint)/medias/le-journaliste-jean-louis-servan-schreiber-est-mort-a-l-age-de-83-ans-29-11-2020-2403142_260.php",20201129111354,https://www.lepoint.fr/medias/le-journaliste-jean-louis-servan-schreiber-est-mort-a-l-age-de-83-ans-29-11-2020-2403142_260.php,text/html,200,sha1:VB7XG6B3RBVJBL57XMDTDJJMRSFI2GDN,32438,215342968,CC-NEWS-20201129104858-00908.warc.gz,11,2020
"uk,co,examinerlive)/sport/football/news/danny-cowley-singles-out-huddersfield-20150688",20210314170036,https://www.examinerlive.co.uk/sport/football/news/danny-cowley-singles-out-huddersfield-20150688,text/html,200,sha1:4QNOHTLSATZWNVSAJG32OHE4RMDKP3WN,44523,164958922,CC-NEWS-20210314164429-00715.warc.gz,03,2021
"com,thehindu)/news/cities/tiruchirapalli/low-turnout-in-manapparai-vedasandur-pulls-down-overall-poll-percentage-of-karur-ls-constituency/article68091155.ece/amp",20240421150604,https://www.thehindu.com/news/cities/Tiruchirapalli/low-turnout-in-manapparai-vedasandur-pulls-down-overall-poll-percentage-of-karur-ls-constituency/article68091155.ece/amp/,text/html,200,sha1:QFY3KIUJ6SBKOUJRR42MSANCWDWZUJQO,21680,985587359,CC-NEWS-20240421134017-03612.warc.gz,04,2024
"com,kotatv)/2021/02/02/study-russias-sputnik-v-vaccine-appears-safe-effective",20210202144959,https://www.kotatv.com/2021/02/02/study-russias-sputnik-v-vaccine-appears-safe-effective/,text/html,200,sha1:VSQI3J5GBUBHW6K5JXD6D5KSEHRTA7JZ,58950,752526825,CC-NEWS-20210202141006-00016.warc.gz,02,2021
"uk,co,dailyrecord)/entertainment/coronation-street-star-confirms-exit-30192183",20230609110106,https://www.dailyrecord.co.uk/entertainment/coronation-street-star-confirms-exit-30192183,text/html,200,sha1:QWURDRJIOFUSPO342ZNHSKR23TJVXS4L,100780,749463421,CC-NEWS-20230609102509-03198.warc.gz,06,2023
"org,turkrom2023,minga)/large-sticker-chart",20240421064905,https://minga.turkrom2023.org/large-sticker-chart/,text/html,200,sha1:CC7QTTDUICISBN2EKEAMQZU3INOCBWXH,9246,536855146,CC-NEWS-20240421055911-03607.warc.gz,04,2024
"com,theenterpriseleader)/2021/03/12/aemetis-nasdaqamtx-releases-earnings-results-misses-expectations-by-0-14-eps-2.html",20210313021216,https://theenterpriseleader.com/2021/03/12/aemetis-nasdaqamtx-releases-earnings-results-misses-expectations-by-0-14-eps-2.html,text/html,200,sha1:2QMEO32SLYGHTF3YXH6OMRK4POJ3LPLP,11317,569195929,CC-NEWS-20210313010918-00695.warc.gz,03,2021
"com,newmilfordspectrum)/sports/article/bulls-vencen-a-rockets-que-suman-ocho-derrotas-15971279.php",20210223045842,https://www.newmilfordspectrum.com/sports/article/Bulls-vencen-a-Rockets-que-suman-ocho-derrotas-15971279.php,text/html,200,sha1:5GN57F4P2J6HIYBPEHXLDOW3HQIMMOY5,18326,304759304,CC-NEWS-20210223042837-00377.warc.gz,02,2021
"net,ilsussidiario)/news/attivita-elettrica-disturbativa-continuativa-cose-la-malattia-gian-amedeo-goria/2099848",20201130225049,https://www.ilsussidiario.net/news/attivita-elettrica-disturbativa-continuativa-cose-la-malattia-gian-amedeo-goria/2099848/,text/html,200,sha1:VAGPJLLZLFWWNVLG3PXL63JLXXE5UYPA,21670,215592593,CC-NEWS-20201130223156-00943.warc.gz,11,2020
"nl,nd)/nieuws/varia/1000989/trump-wint-aan-momentum-in-slotfase-verkiezingen",20201104070750,https://www.nd.nl/nieuws/varia/1000989/trump-wint-aan-momentum-in-slotfase-verkiezingen,text/html,200,sha1:QCLQEPJDE6OQOM4VEI3FDZRJ7DR7VDMV,84571,941474369,CC-NEWS-20201104060143-00505.warc.gz,11,2020
"it,ansa)/lombardia/notizie/2023/06/16/due-persone-soccorse-dopo-una-caduta-in-una-forra-a-tremosine_7501d846-6e22-4c8f-8cfd-0aee69c81fa4.html",20230616121833,https://www.ansa.it/lombardia/notizie/2023/06/16/due-persone-soccorse-dopo-una-caduta-in-una-forra-a-tremosine_7501d846-6e22-4c8f-8cfd-0aee69c81fa4.html,text/html,200,sha1:LM5H2PSSDGMXNGVUNZF7QS4GLIX4M5J3,35032,33434838,CC-NEWS-20230616121658-03359.warc.gz,06,2023
"de,mittelbayerische)/bayern-nachrichten/fc-bayern-strebt-rekord-an-selbstvertrauen-holen-21705-art1858345.html",20191211095316,https://www.mittelbayerische.de/bayern-nachrichten/fc-bayern-strebt-rekord-an-selbstvertrauen-holen-21705-art1858345.html,text/html,200,sha1:XWZV2QGX3FK7OKT5FDALZ44GDAUQ2WJH,19227,289818081,CC-NEWS-20191211092919-02226.warc.gz,12,2019
"tr,org,sol,haber)/haber/kulis-gelecek-partili-vekiller-transfer-olacak-saadet-partisi-grup-kuracak-378458",20230623145247,https://haber.sol.org.tr/haber/kulis-gelecek-partili-vekiller-transfer-olacak-saadet-partisi-grup-kuracak-378458,text/html,200,sha1:MX75WTCGV656DD266HFFX3W32IWDNBCF,19368,804038670,CC-NEWS-20230623141839-03520.warc.gz,06,2023
"com,themarketsdaily)/2019/12/20/rio-tinto-lonrio-given-new-gbx-4100-price-target-at-societe-generale.html",20191220122151,https://www.themarketsdaily.com/2019/12/20/rio-tinto-lonrio-given-new-gbx-4100-price-target-at-societe-generale.html,text/html,200,sha1:57ORCJVHMGMIAILPODNKFBJV2KEHIIF3,12065,262860269,CC-NEWS-20191220120922-00051.warc.gz,12,2019
"com,peru)/futbol/internacional/keylor-navas-dio-detalles-su-futuro-real-madrid-igualar-atletico-madrid-noticia-507544",20170409003305,http://peru.com/futbol/internacional/keylor-navas-dio-detalles-su-futuro-real-madrid-igualar-atletico-madrid-noticia-507544,text/html,200,sha1:KH6VYLVZMOQ6ULGDX37IHDCKOCIRIGYS,26797,118661386,CC-NEWS-20170408233518-00279.warc.gz,04,2017
"de,ndr)/fernsehen/sendungen/schleswig-holstein_magazin/traditionssegler-demonstrieren-gegen-auflagen,shmag45432.html",20170405103220,"http://www.ndr.de/fernsehen/sendungen/schleswig-holstein_magazin/Traditionssegler-demonstrieren-gegen-Auflagen,shmag45432.html",text/html,200,sha1:G2LBGS5CC6RS3J55UUAWQZV6CHA4EG37,9596,57529247,CC-NEWS-20170405101615-00263.warc.gz,04,2017
"com,go,abcnews)/us/wirestory/police-officer-kills-9th-nypd-suicide-year-64983474",20190815034918,https://abcnews.go.com/US/wireStory/police-officer-kills-9th-nypd-suicide-year-64983474,text/html,200,sha1:6QVNQWC4CWO3G5LVATX67YKJE3ZYWS4K,36894,589650863,CC-NEWS-20190815015745-00887.warc.gz,08,2019
"pl,naszemiasto,leszno)/kolejki-na-nfz-do-ginekologa-w-lesznie-stan-na-19-06-2023/ar/c14p1-20617539",20230619012821,https://leszno.naszemiasto.pl/kolejki-na-nfz-do-ginekologa-w-lesznie-stan-na-19-06-2023/ar/c14p1-20617539,text/html,200,sha1:PFC4Z7PSBX6DSL7GHTXFGGJQODCN2G4R,66839,108417432,CC-NEWS-20230619011050-03407.warc.gz,06,2023
"com,nbcdfw)/news/video/woman-dies-in-northeast-dallas-condo-fire/2275490",20191217175249,https://www.nbcdfw.com/news/video/woman-dies-in-northeast-dallas-condo-fire/2275490/,text/html,200,sha1:PCRZBYHYG5N6ZQGBJBRVTZACHJSRP43N,73413,837551643,CC-NEWS-20191217164548-02302.warc.gz,12,2019
"com,ourmidland)/news/article/ntsb-plane-began-a-turn-descent-before-fatal-15998312.php",20210303234403,https://www.ourmidland.com/news/article/NTSB-Plane-began-a-turn-descent-before-fatal-15998312.php,text/html,200,sha1:DO6OXPEDFDYWMQT2PORCTXAG4BAEY2EO,23551,124743956,CC-NEWS-20210303233430-00534.warc.gz,03,2021
"in,ianslive)/ipl-2024-rashid-khan-stars-as-gujarat-beat-rajasthan-in-a-thriller--20240411000945",20240411025641,https://ianslive.in/ipl-2024-rashid-khan-stars-as-gujarat-beat-rajasthan-in-a-thriller--20240411000945,text/html,200,sha1:F2OLU3CLNGTJWZPPFT4VYQV33BJIEQXN,1211,593958082,CC-NEWS-20240411015536-03417.warc.gz,04,2024
"com,cbsnews)/losangeles/video/snoop-dogg-hypes-up-chargers-fans-ahead-of-the-nfl-draft",20220429012909,https://www.cbsnews.com/losangeles/video/snoop-dogg-hypes-up-chargers-fans-ahead-of-the-nfl-draft/,text/html,200,sha1:ENIC3R7EY2AXMHXSGKHCNPHHDAPGOYTE,52509,379418954,CC-NEWS-20220429005806-00777.warc.gz,04,2022
"bg,vesti)/sviat/sharl-mishel-blagodaria-na-turskite-vlasti-6133780",20211112125515,https://www.vesti.bg/sviat/sharl-mishel-blagodaria-na-turskite-vlasti-6133780,text/html,200,sha1:LAVZOHFDV6D5RQMKBFHHEZ335S7ZPRDW,39555,1000316366,CC-NEWS-20211112120814-00336.warc.gz,11,2021
"com,insideworld)/r?rid=8022124",20190824175323,http://www.insideworld.com/r/?rid=8022124,text/html,200,sha1:MSHPNDGX357SIEZ6WM6BM7HNXZDCADCF,2293,859608315,CC-NEWS-20190824155332-00988.warc.gz,08,2019
"com,greencarcongress)/2021/11/20211114-toray.html",20211114125313,https://www.greencarcongress.com/2021/11/20211114-toray.html,text/html,200,sha1:7OEPHQQSGPG24ADFM4B7LZXRCOETJBXO,17359,269236791,CC-NEWS-20211114122915-00371.warc.gz,11,2021
"com,electronicpaymentsinternational)/analysis/how-bad-is-bitcoin-really-for-the-environment",20220426025429,https://www.electronicpaymentsinternational.com/analysis/how-bad-is-bitcoin-really-for-the-environment/,text/html,200,sha1:QXHIRYIVCEXNHFAQUXBPJYEOOQ7LATBP,37517,461236426,CC-NEWS-20220426021033-00705.warc.gz,04,2022
"com,udn)/news/story/7001/5292053",20210303095940,https://udn.com/news/story/7001/5292053,text/html,200,sha1:LELPA2M6PTISQNPDNNOSFGGSYLIX754X,28910,675766691,CC-NEWS-20210303091210-00520.warc.gz,03,2021
"hu,pecsiujsag)/pecs/hir/helyi-hireink/veszelyes-gaz-szivargott-egy-baranyai-husuzemben",20201124063023,https://www.pecsiujsag.hu/pecs/hir/helyi-hireink/veszelyes-gaz-szivargott-egy-baranyai-husuzemben,text/html,200,sha1:SUWWZNPAB4E3Z4NGYU77N5LJFDLDDFE6,8642,781067489,CC-NEWS-20201124050850-00827.warc.gz,11,2020
"com,dan)/buy-domain/guoruixuan.com",20220406004936,https://dan.com/buy-domain/guoruixuan.com,text/html,200,sha1:L22BVTWEW4ITV4GSPVSFY6VGBEO5ATYK,11640,161225241,CC-NEWS-20220406003614-00293.warc.gz,04,2022
"com,courierpostonline)/story/sports/2019/08/27/fire-and-kinetics-highlight-wells-fargo-centers-new-scoreboard/2128545001",20190828054058,https://www.courierpostonline.com/story/sports/2019/08/27/fire-and-kinetics-highlight-wells-fargo-centers-new-scoreboard/2128545001/,text/html,200,sha1:O6ZFX5KCOZCCSNOL2LT5OCKR2BEOI6HV,40275,720240145,CC-NEWS-20190828035825-01021.warc.gz,08,2019
"it,pisatoday)/cronaca/multe-bandiera-rossocrociata-pisa-striscia-la-notizia.html",20191211115949,http://www.pisatoday.it/cronaca/multe-bandiera-rossocrociata-pisa-striscia-la-notizia.html,text/html,200,sha1:VIBQXNO6ATM7GGKFPXBBMZGQ2NLAXXKY,91500,782324850,CC-NEWS-20191211110005-02227.warc.gz,12,2019
"com,haberler)/seramik-mini-saksi-9557552-haberi",20170429090923,http://www.haberler.com/seramik-mini-saksi-9557552-haberi/,text/html,200,sha1:RU7SJUH3DO5FMJ2AAQHSXSN7PYGN3AVQ,24410,111307049,CC-NEWS-20170429083054-00003.warc.gz,04,2017
"com,bsozd)/falsches-spiel-mit-der-liebe/192497",20211119090544,https://www.bsozd.com/falsches-spiel-mit-der-liebe/192497/,text/html,200,sha1:HPQ6BNBZPBQEU7RSKZH2IGLD3VFCXTSG,34316,133708106,CC-NEWS-20211119085630-00483.warc.gz,11,2021
"ch,zuonline)/buelach/drei-spieler-des-fc-buelach-bei-frontalkollission-verletzt/story/18769588",20170402182258,http://www.zuonline.ch/buelach/Drei-Spieler-des-FC-Buelach-bei-Frontalkollission-verletzt/story/18769588,text/html,200,sha1:B7GG5SNS466WDRTP5HEI4HP7W6RW6IXV,14491,72562683,CC-NEWS-20170402175050-00252.warc.gz,04,2017
"com,reviewindependent)/uncategorized/1184394/combi-boiler-market-qualitative-analysis-of-the-leading-players-and-competitive-industry-scenario-2030",20210207162314,https://reviewindependent.com/uncategorized/1184394/combi-boiler-market-qualitative-analysis-of-the-leading-players-and-competitive-industry-scenario-2030/,text/html,200,sha1:MZSPONVD74GEOFAMJZYT7KX4RHFK3NAQ,14390,662527869,CC-NEWS-20210207151839-00104.warc.gz,02,2021
"com,mysanantonio)/news/article/patton-museum-at-fort-knox-to-reopen-in-april-16037744.php",20210319100009,https://www.mysanantonio.com/news/article/Patton-Museum-at-Fort-Knox-to-reopen-in-April-16037744.php,text/html,200,sha1:EGHQIQHALLBKZTJ3YEZ5HUM6D64HUVRK,22075,1047158177,CC-NEWS-20210319084637-00800.warc.gz,03,2021
"de,derwesten)/panorama/vermischtes/aldi-kundin-kauft-salat-dann-macht-sie-eine-eklige-entdeckung-rucola-facebook-schnecken-italien-id231565529.html",20210214210202,https://www.derwesten.de/panorama/vermischtes/aldi-kundin-kauft-salat-dann-macht-sie-eine-eklige-entdeckung-rucola-facebook-schnecken-italien-id231565529.html,text/html,200,sha1:KYKKB5VXR7DRN4S5WEZF4AMQ4FDPEOVZ,109223,89668321,CC-NEWS-20210214205322-00232.warc.gz,02,2021
"uk,co,bridlingtonfreepress)/lifestyle/property-the-old-mill-kilham-339-950-1-8379636",20170210180622,http://www.bridlingtonfreepress.co.uk/lifestyle/property-the-old-mill-kilham-339-950-1-8379636,text/html,200,sha1:E7EDE7PRBEKANLRX3IJC3B5LF4SUISR3,29175,1015860158,CC-NEWS-20170210150401-00045.warc.gz,02,2017
"kz,inform)/kz/karagandy-oblysynda-respublikalyk-zhas-akyndar-aytysy-otti_a3859628/amp",20230605073836,https://www.inform.kz/kz/karagandy-oblysynda-respublikalyk-zhas-akyndar-aytysy-otti_a3859628/amp,text/html,200,sha1:HYXCUTPAFQVH27YD7D6EEURTA2U66BYU,27686,25234981,CC-NEWS-20230605073634-03093.warc.gz,06,2023
"com,digitalmarketnews)/stimulus-check-for-residents-of-maine",20220424163949,https://www.digitalmarketnews.com/stimulus-check-for-residents-of-maine/,text/html,200,sha1:3II2LDUWMSEOUGLSVYZF2KD2UUPDWOAY,69543,753365400,CC-NEWS-20220424155123-00677.warc.gz,04,2022
"ru,penzainform)/news/culture/2017/04/11/v_penze_viyavlyayut_luchshego_yunogo_ekskursovoda.html",20170411161030,http://www.penzainform.ru/news/culture/2017/04/11/v_penze_viyavlyayut_luchshego_yunogo_ekskursovoda.html,text/html,200,sha1:RFXMGB7323WXWBYFRHRWLXV4RJHUTIRA,14650,442738532,CC-NEWS-20170411143216-00290.warc.gz,04,2017
"com,deshdoot)/local-news/sarvamat/festival-dispute-taluka-ban-karjat-police-action",20220420200106,https://www.deshdoot.com/local-news/sarvamat/festival-dispute-taluka-ban-karjat-police-action,text/html,200,sha1:AUWANATD644UIAMIDUKO2DGIQCJDD3H5,166634,512245395,CC-NEWS-20220420193554-00599.warc.gz,04,2022
"com,goal)/en-us/news/sergio-gomez-the-new-iniesta-who-turned-his-back-on/51wp0jia0csh1umf35fynfzbo",20190816095051,https://www.goal.com/en-us/news/sergio-gomez-the-new-iniesta-who-turned-his-back-on/51wp0jia0csh1umf35fynfzbo,text/html,200,sha1:OU6XTOILWP3EICUNVMRK6STI5XVSHFSK,36970,663238488,CC-NEWS-20190816083101-00900.warc.gz,08,2019
"com,india)/business/hdfc-slashes-home-loan-interest-rates-changes-to-be-applicable-from-today-check-details-here-4466716",20210304074103,https://www.india.com/business/hdfc-slashes-home-loan-interest-rates-changes-to-be-applicable-from-today-check-details-here-4466716/,text/html,200,sha1:N2NP37WWEAN2QUPG6WIDURW5CKOPT7JI,26766,804976923,CC-NEWS-20210304063408-00538.warc.gz,03,2021
"it,analisidifesa)/2023/06/esercitazione-caex-2023-per-laviazione-dellesercito",20230602184320,https://www.analisidifesa.it/2023/06/esercitazione-caex-2023-per-laviazione-dellesercito/,text/html,200,sha1:KFB6LAUJU3H7BWGMPYZUVDBB2A74YOSB,31973,920258913,CC-NEWS-20230602180303-03050.warc.gz,06,2023
"com,nhregister)/weather/article/ca-san-joaquin-valley-hanford-ca-zone-forecast-14874734.php",20191202081838,https://www.nhregister.com/weather/article/CA-San-Joaquin-Valley-Hanford-CA-Zone-Forecast-14874734.php,text/html,200,sha1:SXS7WHJY2GQ2VXQ3MHKYEYFRIF7TYV6K,27017,60096103,CC-NEWS-20191202081144-02119.warc.gz,12,2019
"com,india)/hindi-news/auto/maruti-suzuki-aims-to-sell-6-lakh-cng-units-in-current-fiscal-year-5318479",20220404060509,https://www.india.com/hindi-news/auto/maruti-suzuki-aims-to-sell-6-lakh-cng-units-in-current-fiscal-year-5318479/,text/html,200,sha1:OCWVGA3SYGS4PXNMAP7TD64627EGXIBK,30252,177533257,CC-NEWS-20220404055129-00249.warc.gz,04,2022
"com,chaffeybreeze)/2019/08/05/vanguard-large-cap-etf-nysearcavv-shares-purchased-by-hanson-mcclain-inc.html",20190805151045,https://www.chaffeybreeze.com/2019/08/05/vanguard-large-cap-etf-nysearcavv-shares-purchased-by-hanson-mcclain-inc.html,text/html,200,sha1:PRDVKHT2B3HF6DXSRNAUFR4JXLKPCZSF,11303,732370039,CC-NEWS-20190805140133-00786.warc.gz,08,2019
"com,topmercato)/149896,1/rennes---gourcuff-attend-une-reponse-de-ses-joueurs.html",20170414191403,"http://www.topmercato.com/149896,1/rennes---gourcuff-attend-une-reponse-de-ses-joueurs.html",text/html,200,sha1:J6DQ3H6RCLQXKDJL7ZLYRRCE4D2TJWPH,14659,955021852,CC-NEWS-20170414143656-00304.warc.gz,04,2017
"de,hawr-digital)/nachrichten/ueberraschung-nach-internet-einkauf-schlange-im-briefumschlag-55514.html",20160920150329,http://www.hawr-digital.de/Nachrichten/Ueberraschung-nach-Internet-Einkauf-Schlange-im-Briefumschlag-55514.html,text/html,200,sha1:P6PFAESSDVJL3I652JJZ5IOBD6ZM6MSN,14779,704572081,CC-NEWS-20160920065328-00028.warc.gz,09,2016
"kr,co,shinailbo)/news/articleview.html?idxno=1719959",20230620013139,http://www.shinailbo.co.kr/news/articleView.html?idxno=1719959,text/html,200,sha1:QQYXWH2IIPUIKQCN5BY2E4XSEQFM7UEX,24217,404348086,CC-NEWS-20230620004628-03428.warc.gz,06,2023
"com,wearecentralpa)/weather/weather-headlines/forecast-for-spring-nasty-drought-worsens-for-much-of-us",20210318214034,https://www.wearecentralpa.com/weather/weather-headlines/forecast-for-spring-nasty-drought-worsens-for-much-of-us/,text/html,200,sha1:Y6MYJOHTPT3AN3KCWAZE73DM453AEOEO,56447,258731620,CC-NEWS-20210318212214-00793.warc.gz,03,2021
"fr,lesechos)/politique-societe/gouvernement/climat-la-justice-enjoint-letat-de-sexpliquer-sur-ses-reculades-1266514",20201119162624,https://www.lesechos.fr/politique-societe/gouvernement/climat-la-justice-enjoint-letat-de-sexpliquer-sur-ses-reculades-1266514,text/html,200,sha1:M2BWYBIGCDJGSWLQBRWRKIAHW6XIO6CD,68254,363473817,CC-NEWS-20201119160646-00760.warc.gz,11,2020
"com,gulf365)/world-news/11163014/%e2%80%8b%d8%ad%d8%af%d9%8a%d8%ab-%d8%b9%d9%86-%d8%b9%d9%82%d8%a7%d8%b1%d9%8a%d9%86-%d8%ac%d8%af%d9%8a%d8%af%d9%8a%d9%86-%d9%84%d8%b9%d9%84%d8%a7%d8%ac-%d8%a7%d9%84%d9%85%d8%b5%d8%a7%d8%a8%d9%8a%d9%86-%d8%a8%d9%83%d9%88%d8%b1%d9%88%d9%86%d8%a7.html",20211119034105,https://gulf365.com/world-news/11163014/%E2%80%8B%D8%AD%D8%AF%D9%8A%D8%AB-%D8%B9%D9%86-%D8%B9%D9%82%D8%A7%D8%B1%D9%8A%D9%86-%D8%AC%D8%AF%D9%8A%D8%AF%D9%8A%D9%86-%D9%84%D8%B9%D9%84%D8%A7%D8%AC-%D8%A7%D9%84%D9%85%D8%B5%D8%A7%D8%A8%D9%8A%D9%86-%D8%A8%D9%83%D9%88%D8%B1%D9%88%D9%86%D8%A7.html,text/html,200,sha1:KKXNJESN33CWV4PBYGMNYQGGDBBJQG6Q,15452,330933203,CC-NEWS-20211119031254-00479.warc.gz,11,2021
"org,thedailyripple)/index.php/rss-world/748573-amp-039-we-are-at-war-amp-039-poles-mark-women-amp-039-s-day-after-abortion-rules-tightened",20210308235436,https://thedailyripple.org/index.php/rss-world/748573-amp-039-we-are-at-war-amp-039-poles-mark-women-amp-039-s-day-after-abortion-rules-tightened,text/html,200,sha1:ST4WWGSSPMPPUUWD4GYWTTV5PUMBNFIE,5065,623700506,CC-NEWS-20210308230149-00614.warc.gz,03,2021
"com,theathletic)/2489290/2021/03/31/red-sox-starting-pitching-looks-bad-so-can-alex-cora-fix-this-team-9-takeaways",20210331175149,https://theathletic.com/2489290/2021/03/31/red-sox-starting-pitching-looks-bad-so-can-alex-cora-fix-this-team-9-takeaways/,text/html,200,sha1:GRBAZGPUKESC5C45DMAQUIJZ3U4F7JKQ,40072,613219513,CC-NEWS-20210331171814-01016.warc.gz,03,2021
"com,siouxlandproud)/mlb/red-sox-sign-hernandez-osich-to-1-year-deals",20191205122853,https://www.siouxlandproud.com/mlb/red-sox-sign-hernandez-osich-to-1-year-deals/,text/html,200,sha1:5Z5UVOZGYOFODX57MUJWOVUTQBRHUDZH,22544,1052933486,CC-NEWS-20191205105256-02159.warc.gz,12,2019
"jp,co,nishinippon)/nsp/sports_other/article/272584",20160906005615,http://www.nishinippon.co.jp/nsp/sports_other/article/272584,text/html,200,sha1:IPSUM4XR6ZAAOTYMUSF6YHJFSAN4H33T,13478,370463087,CC-NEWS-20160905145200-00012.warc.gz,09,2016
"com,toledoblade)/local/gift-guide/2019/12/04/gift-guide-2019-arts-and-crafts/stories/20191204066",20191204135836,https://www.toledoblade.com/local/gift-guide/2019/12/04/Gift-Guide-2019-Arts-and-crafts/stories/20191204066,text/html,200,sha1:MTZJBI2G4WAZ44UOM33BWLFYVUMOZS2Q,13734,613931967,CC-NEWS-20191204131038-02147.warc.gz,12,2019
"com,reuters)/article/petrobras-layoffs-idusl1n1be0f9?feedname=companynews&feedtype=rss&type=companynews&utm_campaign=feed:+reuters/companynews+(news+/+us+/+company+news)&utm_medium=feed&utm_source=feedburner",20160902125306,http://www.reuters.com/article/petrobras-layoffs-idUSL1N1BE0F9?type=companyNews&feedType=RSS&feedName=companyNews&utm_source=feedburner&utm_medium=feed&utm_campaign=Feed%3A+reuters%2FcompanyNews+%28News+%2F+US+%2F+Company+News%29,text/html,200,sha1:T4P3HV3GBRVKBLNYL5KVBST3S5U7P5ZS,14673,913852688,CC-NEWS-20160901145200-00008.warc.gz,09,2016
"com,neptunepine)/big-data-in-oil-and-gas-market-analysis",20210315113713,https://neptunepine.com/big-data-in-oil-and-gas-market-analysis/,text/html,200,sha1:Q6UWR7L5MWHND5YXUXSS2EBLBPM7D3X5,70759,686350768,CC-NEWS-20210315105345-00725.warc.gz,03,2021
"com,topix)/world/australia/2017/04/doctor-blake-not-dead-and-buried-yet?fromrss=1",20170411020833,http://www.topix.com/world/australia/2017/04/doctor-blake-not-dead-and-buried-yet?fromrss=1,text/html,200,sha1:MAWLPPWN5XJBJSVDPCJRH5YMIXTQGXVB,23351,474328973,CC-NEWS-20170410231815-00287.warc.gz,04,2017
"pt,sapo,rr)/2021/03/31/mundo/administracao-biden-considera-que-a-cisjordania-esta-ocupada-por-israel/noticia/232785?utm_medium=rss",20210331224401,https://rr.sapo.pt/2021/03/31/mundo/administracao-biden-considera-que-a-cisjordania-esta-ocupada-por-israel/noticia/232785/?utm_medium=rss,text/html,200,sha1:QEY4NZ43PKUVWMJLS6COHJRZ3MCXNXXD,20668,858836163,CC-NEWS-20210331214331-01020.warc.gz,03,2021
"it,lasicilia)/video/abbandona-divani-per-strada-e-la-polizia-locale-glieli-riporta-scaricandoli-nel-giardino-di-casa-2083176",20240419123110,https://www.lasicilia.it/video/abbandona-divani-per-strada-e-la-polizia-locale-glieli-riporta-scaricandoli-nel-giardino-di-casa-2083176/,text/html,200,sha1:ACVTVAUCANGAOCHJWRSWTK4WEAONBP76,109877,730714057,CC-NEWS-20240419115314-03577.warc.gz,04,2024
"com,myjournalcourier)/news/article/upcoming-services-16051817.php",20210325100548,https://www.myjournalcourier.com/news/article/Upcoming-Services-16051817.php,text/html,200,sha1:CFSELC2UITPJME4CJDT6VZ7ZRBAHDHRS,20596,1060502401,CC-NEWS-20210325084855-00903.warc.gz,03,2021
"it,lanazione)/arezzo/cronaca/decollano-i-lavori-per-lantistadio-ma-addio-al-palazzetto-dello-sport-soldi-per-strade-e-casse-di-espansione-ee714b3e",20230630045231,https://www.lanazione.it/arezzo/cronaca/decollano-i-lavori-per-lantistadio-ma-addio-al-palazzetto-dello-sport-soldi-per-strade-e-casse-di-espansione-ee714b3e,text/html,200,sha1:6ZEZHC6XFWBLL22TRTLIS7DCD2RYEUWD,44004,205032529,CC-NEWS-20230630043611-03669.warc.gz,06,2023
"nl,ad)/den-bosch/architect-is-trots-op-kastelenproject-haverleij-een-nieuwe-interpretatie-van-de-geschiedenis~a5fc6ee0",20230613123225,https://www.ad.nl/den-bosch/architect-is-trots-op-kastelenproject-haverleij-een-nieuwe-interpretatie-van-de-geschiedenis~a5fc6ee0/,text/html,200,sha1:SO7S6OL3KQXGURKC7JKPB4PZL6XEOH3B,61459,396693251,CC-NEWS-20230613121632-03280.warc.gz,06,2023
"com,zvuk)/track/15395794",20240401155310,https://zvuk.com/track/15395794,text/html,200,sha1:FTQKO4ZEJ2TTHP3PCPXVNBTBUGHJHBNW,39504,880987520,CC-NEWS-20240401150004-03234.warc.gz,04,2024
"com,cbslocal,x1075lasvegas)/2017/04/20/haim-new-music-release-date",20170420194950,http://x1075lasvegas.cbslocal.com/2017/04/20/haim-new-music-release-date/,text/html,200,sha1:STYXI4W5BU7DZDUVF4GTM6YID3ZWQG5B,16706,965340118,CC-NEWS-20170420160338-00328.warc.gz,04,2017
"pt,record)/futebol/futebol-nacional/liga-nos/sporting/detalhe/paulinho-acelera-para-o-regresso-frente-ao-v-guimaraes",20210315051332,https://www.record.pt/futebol/futebol-nacional/liga-nos/sporting/detalhe/paulinho-acelera-para-o-regresso-frente-ao-v-guimaraes,text/html,200,sha1:PRGYL65ZXZHJQGEZUG6RCPWZDMJQ6W7A,39136,349053171,CC-NEWS-20210315043056-00721.warc.gz,03,2021
"com,trumbulltimes)/sports/other-sports/article/montreal-canadiens-stax-14937487.php",20191229160743,https://www.trumbulltimes.com/sports/other-sports/article/Montreal-Canadiens-Stax-14937487.php,text/html,200,sha1:GFYEYP54Z7OQ7OF4BOOQWWHGSLHWSJ4E,19220,741481374,CC-NEWS-20191229143414-00154.warc.gz,12,2019
"gr,zougla)/greece/article/nes-afiksis-prosfigon-sta-nisia-tou-anatolikou-egeou",20170401110409,http://www.zougla.gr/greece/article/nes-afiksis-prosfigon-sta-nisia-tou-anatolikou-egeou,text/html,200,sha1:YITGGQ26J3OI4OYHVKLKVI2M5SMF7RUT,15944,638442060,CC-NEWS-20170401053612-00248.warc.gz,04,2017
"au,com,racenet)/profiles/horse/the-machine",20211101142952,https://www.racenet.com.au/profiles/horse/the-machine,text/html,200,sha1:YJHRMZHBJF4VR7ZHLJLRFNJS3MUY3XBC,27831,319159101,CC-NEWS-20211101141811-00100.warc.gz,11,2021
"com,washingtonpost)/business/2021/02/10/more-condos-coming-national-harbor?utm_campaign=wp_business&utm_medium=referral&utm_source=rss",20210210114419,https://www.washingtonpost.com/business/2021/02/10/more-condos-coming-national-harbor/?utm_source=rss&utm_medium=referral&utm_campaign=wp_business,text/html,200,sha1:XQTHZNIKVDIWFCUZIEAA4XDIK34P3Q4K,47686,850875723,CC-NEWS-20210210105846-00154.warc.gz,02,2021
"com,agenzianova)/a/618b250f6e07a7.09977438/3668106/2021-11-05/balcani-ex-capo-negoziatore-kosovaro-tahiri-rama-complice-della-creazione-della-grande-serbia-2",20211110015555,https://www.agenzianova.com/a/618b250f6e07a7.09977438/3668106/2021-11-05/balcani-ex-capo-negoziatore-kosovaro-tahiri-rama-complice-della-creazione-della-grande-serbia-2,text/html,200,sha1:F7ZDRJT2E27CCEJ5IDOK22TP2REWI6KG,17107,662340163,CC-NEWS-20211110010223-00279.warc.gz,11,2021
"jp,co,chunichi)/article/712194",20230618205305,https://www.chunichi.co.jp/article/712194,text/html,200,sha1:KR45GGSVITJRCRDMQ5CB6ARKRS4PZMJ7,33715,931031781,CC-NEWS-20230618193954-03404.warc.gz,06,2023
"com,zvuk)/release/9891824",20240424014325,https://zvuk.com/release/9891824,text/html,200,sha1:5QOEBKZ6ZK6FPM6RZZY4T6JSXT5YBXLN,51273,1053566164,CC-NEWS-20240423235833-03657.warc.gz,04,2024
"es,elalmeria)/vivir/primera-construir-plaza-mardesalojada-canada_0_1123687958.html",20170404062639,http://www.elalmeria.es/vivir/Primera-construir-Plaza-MarDesalojada-Canada_0_1123687958.html,text/html,200,sha1:KGY5XDBDJIU5J5VMLJH7NTOSDXHMC2OO,19735,850917859,CC-NEWS-20170404014700-00257.warc.gz,04,2017
"fr,ladepeche)/2024/04/11/dedicace-un-troisieme-livre-sur-laveyron-pour-yves-gantou-11884213.php",20240411061007,https://www.ladepeche.fr/2024/04/11/dedicace-un-troisieme-livre-sur-laveyron-pour-yves-gantou-11884213.php,text/html,200,sha1:I35YDXIVKCPGP4ZKF6KBIC4IS3XQQYSA,16349,930394476,CC-NEWS-20240411050121-03419.warc.gz,04,2024
"com,sheltonherald)/weather/article/ca-las-vegas-nv-zone-forecast-14920825.php",20191220112202,https://www.sheltonherald.com/weather/article/CA-Las-Vegas-NV-Zone-Forecast-14920825.php,text/html,200,sha1:GE7TRK3Q5UHIVB5SGWT72J2OTDN5B55X,19722,72226940,CC-NEWS-20191220111715-00050.warc.gz,12,2019
"pk,com,dunya)/index.php/city/multan/2023-06-22/2195717",20230622190826,https://dunya.com.pk/index.php/city/multan/2023-06-22/2195717,text/html,200,sha1:WAJ7LXZDBJIAF3YBWI3ZFGZQB7OLHK4V,25496,614696414,CC-NEWS-20230622184134-03500.warc.gz,06,2023
"com,chinatimes)/realtimenews/20211112003430-260407",20211112093056,https://www.chinatimes.com/realtimenews/20211112003430-260407,text/html,200,sha1:GVF36OZO7PL2Y4GSFOMH5SYW3VFC3XTL,15767,487344706,CC-NEWS-20211112090208-00333.warc.gz,11,2021
"com,okezone,bola)/read/2017/04/05/45/1659542/chelsea-hadapi-manchester-city-conte-tak-ada-dendam-di-antara-kami",20170405090900,http://bola.okezone.com/read/2017/04/05/45/1659542/chelsea-hadapi-manchester-city-conte-tak-ada-dendam-di-antara-kami,text/html,200,sha1:B55GVRXPW6YD7WS4JJ5XNFSOYDFAL335,17308,800839693,CC-NEWS-20170405051218-00262.warc.gz,04,2017
"com,registercitizen)/sports/article/houston-rockets-stax-15988304.php",20210301151305,https://www.registercitizen.com/sports/article/Houston-Rockets-Stax-15988304.php,text/html,200,sha1:BDBUYPZ2FCPJJV75GG77JF5Q5DVEDAJX,22089,390004932,CC-NEWS-20210301145209-00487.warc.gz,03,2021
"com,onenewspage)/n/uk/1zn0w4z1i1/lorraine-kelly-accidentally-let-slip-gender-of-laura.htm",20210305165005,https://www.onenewspage.com/n/UK/1zn0w4z1i1/Lorraine-Kelly-accidentally-let-slip-gender-of-Laura.htm,text/html,200,sha1:27XY3WFE6WAHOEDY4BSUJNZLYVJCC57C,12936,810240980,CC-NEWS-20210305160751-00566.warc.gz,03,2021
"com,lifehacker,vitals)/can-you-still-get-covid-after-youve-had-the-vaccine-1846574564",20210329180631,https://vitals.lifehacker.com/can-you-still-get-covid-after-youve-had-the-vaccine-1846574564,text/html,200,sha1:OB3T43V2F5VBYFDZVQYCVVKSEPYNZJQS,47637,363711454,CC-NEWS-20210329174707-00978.warc.gz,03,2021
"ru,taganrogprav)/vo-dvorcze-alferaki-taganroga-budut-govorit-o-generale-rennenkampfe",20240417164642,https://taganrogprav.ru/vo-dvorcze-alferaki-taganroga-budut-govorit-o-generale-rennenkampfe/,text/html,200,sha1:GVB3BIWGFT2RXVM4Z3SPOFTQIGK2362G,20039,149127135,CC-NEWS-20240417163937-03539.warc.gz,04,2024
"it,movieplayer)/news/johnny-stecchino-scena-20-minuti-censurata-usa_90411",20201129211949,https://movieplayer.it/news/johnny-stecchino-scena-20-minuti-censurata-usa_90411/,text/html,200,sha1:T6Q3G5SHTV5RAJEKCRMMRQQ33EWNHEF5,35080,270176396,CC-NEWS-20201129205620-00914.warc.gz,11,2020
"it,corriere)/sport/formula-1/notizie/gp-bahrein-ferrari-viaggia-fila-davvero-all-altezza-sue-tradizioni-03ce9e9a-22c6-11e7-8805-52f632935e3b.shtml",20170416182058,http://www.corriere.it/sport/formula-1/notizie/gp-bahrein-ferrari-viaggia-fila-davvero-all-altezza-sue-tradizioni-03ce9e9a-22c6-11e7-8805-52f632935e3b.shtml,text/html,200,sha1:4XGY73MH6IESB7AD23SYWYQOOWZSNNTJ,32767,1006791646,CC-NEWS-20170416113042-00310.warc.gz,04,2017
"com,andro-news)/news/anons-vivo-x80-i-vivo-x80-pro-moschnye-kamerofony-s-raznymi-chip.html",20220425185308,https://andro-news.com/news/anons-vivo-x80-i-vivo-x80-pro-moschnye-kamerofony-s-raznymi-chip.html,text/html,200,sha1:FEQAFBNUASJ4MXJEHZ7F7SP4ILTNCZBK,17891,775443783,CC-NEWS-20220425181046-00698.warc.gz,04,2022
"com,marketingsentinel)/2021/03/06/vital-farms-inc-nasdaqvitl-crashes-58-9-in-2021-is-it-attractive-enough-at-26-63",20210306131408,https://marketingsentinel.com/2021/03/06/vital-farms-inc-nasdaqvitl-crashes-58-9-in-2021-is-it-attractive-enough-at-26-63/,text/html,200,sha1:32FVDF4PP2T6VOWXCNNFGC7K7FZJNJAZ,33031,366368720,CC-NEWS-20210306124028-00579.warc.gz,03,2021
"es,20minutos)/noticia/4086578/0/un-nuevo-colector-de-aguas-un-punto-limpio-y-arreglo-polideportivo-del-instituto-demandas-de-alfaro-al-ejecutivo",20191212181359,https://www.20minutos.es/noticia/4086578/0/un-nuevo-colector-de-aguas-un-punto-limpio-y-arreglo-polideportivo-del-instituto-demandas-de-alfaro-al-ejecutivo/,text/html,200,sha1:SRKVESN7VXTMNPVE3F4VV2MW62LSNUKL,17934,930627261,CC-NEWS-20191212165616-02246.warc.gz,12,2019
"bg,novinata)/sport/parvizdjon-umarbaev-s-povikvatelna-za-nacionalniq-otbor-na-tadjikistan",20190828220845,https://novinata.bg/sport/parvizdjon-umarbaev-s-povikvatelna-za-nacionalniq-otbor-na-tadjikistan/,text/html,200,sha1:XPV4YI3ASYX7T6HMDME7EWS7QNN6TEZG,16467,442476945,CC-NEWS-20190828212235-01031.warc.gz,08,2019
"com,mysanantonio)/news/article/colorado-forecasts-more-to-spend-on-uneven-covid-16039766.php",20210319235150,https://www.mysanantonio.com/news/article/Colorado-forecasts-More-to-spend-on-uneven-COVID-16039766.php,text/html,200,sha1:SPX5ICAOTFIGXYOQNF3ENGU2WQVESSED,22858,393585242,CC-NEWS-20210319231640-00813.warc.gz,03,2021
"com,mccourier)/hazardous-drugs-closed-system-transfer-device-market-global-industry-analysis-by-trends-size-share-company-overview-growth-and-forecast-by-2026",20210223193524,https://www.mccourier.com/hazardous-drugs-closed-system-transfer-device-market-global-industry-analysis-by-trends-size-share-company-overview-growth-and-forecast-by-2026/,text/html,200,sha1:C5VIM3T4R3KHXIQL6XASEMQ6NZRBBQ72,16332,183456022,CC-NEWS-20210223192448-00390.warc.gz,02,2021
"com,thebrunswicknews)/community_life/womans-club-serves-at-hope-house-in-honor-of-mlk-day/article_7d6bcb09-5a75-554b-9f37-507007659963.html",20210202060416,https://thebrunswicknews.com/community_life/womans-club-serves-at-hope-house-in-honor-of-mlk-day/article_7d6bcb09-5a75-554b-9f37-507007659963.html,text/html,200,sha1:AGXNRHQD7T5HMT6ZBPPWDA4IPDWLZ5EH,41260,527446148,CC-NEWS-20210202051249-00009.warc.gz,02,2021
"ps,samanews)/ar/post/443278/%d8%b7%d9%82%d8%b3-%d9%81%d9%84%d8%b3%d8%b7%d9%8a%d9%86-%d8%a3%d8%ac%d9%88%d8%a7%d8%a1-%d8%a8%d8%a7%d8%b1%d8%af%d8%a9-%d9%88%d8%ae%d8%b1%d9%8a%d9%81%d9%8a%d8%a9",20201129051012,https://samanews.ps/ar/post/443278/%D8%B7%D9%82%D8%B3-%D9%81%D9%84%D8%B3%D8%B7%D9%8A%D9%86-%D8%A3%D8%AC%D9%88%D8%A7%D8%A1-%D8%A8%D8%A7%D8%B1%D8%AF%D8%A9-%D9%88%D8%AE%D8%B1%D9%8A%D9%81%D9%8A%D8%A9,text/html,200,sha1:BG25JY5UGLAOSQBIDE2PTK575TJK5N4V,12829,724870563,CC-NEWS-20201129024948-00905.warc.gz,11,2020
"com,theintelligencer)/news/article/legislatura-china-sopesa-cambios-electorales-para-16001276.php",20210304221414,https://www.theintelligencer.com/news/article/Legislatura-china-sopesa-cambios-electorales-para-16001276.php,text/html,200,sha1:VP7ED3DEBWJTD6A2VGYXNLZBX673ZAAC,24527,807319369,CC-NEWS-20210304211729-00552.warc.gz,03,2021
"com,okezone,news)/read/2017/04/20/338/1672375/jambret-handphone-wanita-di-tambora-buruh-pabrik-bonyok-dimassa",20170420071443,http://news.okezone.com/read/2017/04/20/338/1672375/jambret-handphone-wanita-di-tambora-buruh-pabrik-bonyok-dimassa,text/html,200,sha1:N36IY7RG3DDIKFPLQJZBLT6ZTFZY5NZX,21073,1051636218,CC-NEWS-20170420005448-00325.warc.gz,04,2017
"ro,ziarelive)/stiri/studentii-unul-dintre-factorii-perturbatori-ai-pietei-imobiliare-din-cluj-solutia-e-la-indemana-universitatilor-infrastructura-metropolitana.html",20240410080025,https://www.ziarelive.ro/stiri/studentii-unul-dintre-factorii-perturbatori-ai-pietei-imobiliare-din-cluj-solutia-e-la-indemana-universitatilor-infrastructura-metropolitana.html,text/html,200,sha1:Q2TGDOX4OS44XPQELS5JRTRSAFZFIBXQ,25820,307932347,CC-NEWS-20240410074147-03399.warc.gz,04,2024
"es,diariodesevilla)/suplementos/paladea-andalucia/onubafruit-salud-alcance_0_1518148721.html",20201117031458,https://www.diariodesevilla.es/suplementos/paladea-andalucia/Onubafruit-salud-alcance_0_1518148721.html,text/html,200,sha1:BMS7MEYVS5PV6F63ZXA5Z6PNIXBYAASU,15928,774377420,CC-NEWS-20201117012737-00713.warc.gz,11,2020
"com,elkhabar)/press/article/206781/d%c3%a9terrement-de-la-d%c3%a9pouille-dun-terroriste-%c3%a0-tizi-ouzou",20220405161456,https://www.elkhabar.com/press/article/206781/d%C3%A9terrement-de-la-d%C3%A9pouille-dun-terroriste-%C3%A0-tizi-ouzou/,text/html,200,sha1:APBAINSAD4X3SISI64AFW62EB57VZEXY,11762,746854684,CC-NEWS-20220405154210-00283.warc.gz,04,2022
"ua,dn,novosti)/news/310090-poprosyly-zapustyt-proceduru-germanyya-pryzvala-zakupyt-sputnyk-v-dlya-es",20210325094431,https://novosti.dn.ua/news/310090-poprosyly-zapustyt-proceduru-germanyya-pryzvala-zakupyt-sputnyk-v-dlya-es,text/html,200,sha1:REVSX7IRJT5YYZXASB6C3D52SVWLQWB5,16627,750406710,CC-NEWS-20210325084855-00903.warc.gz,03,2021
"com,devdiscourse)/article/technology/2002365-iphone-maker-pegatron-suspends-operations-at-two-plants-in-china-due-to-covid-19-restrictions",20220413163219,https://www.devdiscourse.com/article/technology/2002365-iphone-maker-pegatron-suspends-operations-at-two-plants-in-china-due-to-covid-19-restrictions,text/html,200,sha1:IIXTZGKWBBYLKDVRMHSU645RLFEML4LV,15841,337253105,CC-NEWS-20220413161912-00458.warc.gz,04,2022
"se,dalademokraten)/artikel/24-mytisk-tid",20201101073828,https://www.dalademokraten.se/artikel/24-mytisk-tid,text/html,200,sha1:UJUOBMFKFXNPJH3JXOTIUJZ54EZX3ATB,32625,402366016,CC-NEWS-20201101065306-00455.warc.gz,11,2020
"uk,co,dailystar)/love-sex/how-boost-your-sex-life-22969328",20201108105042,https://www.dailystar.co.uk/love-sex/how-boost-your-sex-life-22969328,text/html,200,sha1:YHDSUCPHI5DY4AII3V2CBCKZNEO6ZO3T,48085,985893065,CC-NEWS-20201108090259-00576.warc.gz,11,2020
"ru,mirtesen)/dispute/43000063943/dietolog-porekomendovala-ne-zanimatsya-sportom-natoschak",20230611211944,https://mirtesen.ru/dispute/43000063943/Dietolog-porekomendovala-ne-zanimatsya-sportom-natoschak,text/html,200,sha1:J4JOISZZM6YHQ24DANIILDDRQJLWQPEZ,15915,380563755,CC-NEWS-20230611204925-03245.warc.gz,06,2023
"org,kasu)/politics/2024-04-23/senate-overwhelmingly-passes-aid-for-ukraine-israel-and-taiwan-with-bipartisan-vote",20240424025519,https://www.kasu.org/politics/2024-04-23/senate-overwhelmingly-passes-aid-for-ukraine-israel-and-taiwan-with-bipartisan-vote,text/html,200,sha1:VKYC5R4YA7H33ZLFBMDT7BIRZJC2PQRY,33727,687866849,CC-NEWS-20240424014556-03658.warc.gz,04,2024
"uk,co,dailymail)/sport/football/article-4414690/torino-1-1-crotone-man-city-s-joe-hart-makes-costly-error.html?ito=1490&ns_campaign=1490&ns_mchannel=rss",20170415202300,http://www.dailymail.co.uk/sport/football/article-4414690/Torino-1-1-Crotone-Man-City-s-Joe-Hart-makes-costly-error.html?ITO=1490&ns_mchannel=rss&ns_campaign=1490,text/html,200,sha1:SMNC4NACUM356QBAOSUAMILX4FPL2XKC,55148,320972143,CC-NEWS-20170415180819-00308.warc.gz,04,2017
"com,naanoo)/news/hofreiter-kritisiert-kloeckners-tierwohl-studie",20210302180445,https://www.naanoo.com/news/hofreiter-kritisiert-kloeckners-tierwohl-studie,text/html,200,sha1:7UQWE3XSYYGQB35RU4AUHOPA2TW3KK2J,30066,217893174,CC-NEWS-20210302175209-00509.warc.gz,03,2021
"it,torinoggi)/2024/04/19/leggi-notizia/argomenti/cronaca-11/articolo/schianto-tra-piu-macchine-in-corso-turati-allangolo-con-corso-lepanto-deviate-le-linee-del-4.html",20240420195316,https://www.torinoggi.it/2024/04/19/leggi-notizia/argomenti/cronaca-11/articolo/schianto-tra-piu-macchine-in-corso-turati-allangolo-con-corso-lepanto-deviate-le-linee-del-4.html,text/html,200,sha1:7DOSY2XRHCBO3ZRN3464HDH52OP37S2I,16181,1027252157,CC-NEWS-20240420182948-03601.warc.gz,04,2024
"com,thehour)/lottery/article/winning-numbers-drawn-in-cash4life-game-16010670.php",20210309035529,https://www.thehour.com/lottery/article/Winning-numbers-drawn-in-Cash4Life-game-16010670.php,text/html,200,sha1:BNSCUDNJ2IH2EFF4L7BFMUL2WN2SDXHJ,21601,644033849,CC-NEWS-20210309023717-00616.warc.gz,03,2021
"com,topcostarica)/el-real-madrid-pierde-mas-que-un-defensa-con-ausencia-de-sergio-ramos",20170424205351,http://www.topcostarica.com/el-real-madrid-pierde-mas-que-un-defensa-con-ausencia-de-sergio-ramos/,text/html,200,sha1:TPNDJVKOHOB6MAKT56INUMVSA3TQ5EXA,7096,581209843,CC-NEWS-20170424181720-00344.warc.gz,04,2017
"com,jpnn,m)/news/menuju-olimpiade-tokyo-posisi-hafizgloria-rentan-digeser-wakil-inggris",20210210150102,https://m.jpnn.com/news/menuju-olimpiade-tokyo-posisi-hafizgloria-rentan-digeser-wakil-inggris,text/html,200,sha1:MVOQRMTGDHIMNM5DUOO4KTVCKIIXYBEI,14409,278696430,CC-NEWS-20210210144722-00158.warc.gz,02,2021
"tw,com,ltn,news)/news/local/paper/1094159",20170413233837,http://news.ltn.com.tw/news/local/paper/1094159,text/html,200,sha1:RCKVHGGWZ7BR7TSDX6DQ3DVBU2IHV4D7,18882,703154062,CC-NEWS-20170413200544-00301.warc.gz,04,2017
"com,newswinters)/local-state/72888/global-software-engineering-market-a-latest-research-report-to-share-industry-insights-and-dynamics-to-2020-2026-ibm-siemens-plm-software-sap-ptc-ansys-etc",20210328213925,https://www.newswinters.com/local-state/72888/global-software-engineering-market-a-latest-research-report-to-share-industry-insights-and-dynamics-to-2020-2026-ibm-siemens-plm-software-sap-ptc-ansys-etc/,text/html,200,sha1:IXL54FVSYS34XCX3WGBLOSYTJ7SNGTCW,11288,774109526,CC-NEWS-20210328201018-00964.warc.gz,03,2021
"com,wqow)/2021/02/24/just-in-eau-claire-school-board-approves-in-person-learning-plan-for-k-5",20210225031109,https://wqow.com/2021/02/24/just-in-eau-claire-school-board-approves-in-person-learning-plan-for-k-5/,text/html,200,sha1:YXLM4VCHYXOZQXXMYQOIY5QMPKJGZVRF,51592,579347851,CC-NEWS-20210225021138-00415.warc.gz,02,2021
"ru,informpskov)/news/423679.html",20230601131046,https://informpskov.ru/news/423679.html,text/html,200,sha1:XDXEC2KNYOBIUYVQCHAC22WEOHZRDL6H,31197,1046044470,CC-NEWS-20230601122606-03017.warc.gz,06,2023
"pl,instalki)/aktualnosci/technika/46765-automat-pocztowy-alibaba-warszawa-wola.html",20210308083706,https://www.instalki.pl/aktualnosci/technika/46765-automat-pocztowy-alibaba-warszawa-wola.html,text/html,200,sha1:AMMS5E5GOLWHOGOM4UH4QWE4FNIUB7TJ,30039,634669583,CC-NEWS-20210308074329-00601.warc.gz,03,2021
"com,syfy)/syfywire/hyundai-tiger-concept-walking-car",20210210222704,https://www.syfy.com/syfywire/hyundai-tiger-concept-walking-car,text/html,200,sha1:5LIHVB2C7JXOHKDTVZXCSF537PZNGEXJ,38747,750386843,CC-NEWS-20210210213610-00165.warc.gz,02,2021
"com,journaldunet,viadeo)/p/amelie-trevisan-4436509",20220406130315,https://viadeo.journaldunet.com/p/amelie-trevisan-4436509,text/html,200,sha1:ETPY7H553EVWKPEGAZWIH4OAKDYIJIUH,18799,857995528,CC-NEWS-20220406122649-00304.warc.gz,04,2022
"dk,folkebladet)/2017/04/doegnrapporten-60",20170425105034,http://folkebladet.dk/2017/04/doegnrapporten-60/,text/html,200,sha1:V25CLF52VGCYVUVDTYWI5E5QGFHWQRZU,8620,995628165,CC-NEWS-20170425060029-00346.warc.gz,04,2017
"com,larioja)/la-rioja/embalses-riojanos-capacidad-20190806235214-ntvo.html",20190806213811,https://www.larioja.com/la-rioja/embalses-riojanos-capacidad-20190806235214-ntvo.html,text/html,200,sha1:G2WZVZ73ZB7X3X5QVNYKIE6GCGPGHXV2,28984,757672456,CC-NEWS-20190806201036-00801.warc.gz,08,2019
"com,ac24horas)/2017/04/23/final-do-torneio-de-ferias-homenageia-raimundo-de-melo-no-calafate?doing_wp_cron=1492994732.2640221118927001953125",20170424011158,http://www.ac24horas.com/2017/04/23/final-do-torneio-de-ferias-homenageia-raimundo-de-melo-no-calafate/?doing_wp_cron=1492994732.2640221118927001953125,text/html,200,sha1:3JS4XDWXZYUMNNJH7V53JG4BBZ5JA46W,13417,978445340,CC-NEWS-20170423181233-00340.warc.gz,04,2017
"ar,com,lavoz)/vos/mira/quien-es-sol-scheckler-la-joven-que-acompanaba-a-toto-salvio-cuando-atropello-a-su-esposa",20220414145648,https://www.lavoz.com.ar/vos/mira/quien-es-sol-scheckler-la-joven-que-acompanaba-a-toto-salvio-cuando-atropello-a-su-esposa/,text/html,200,sha1:2APLZD2VUCKG3WIBAFKIUEWFGKK7NJOI,22742,866150164,CC-NEWS-20220414141705-00479.warc.gz,04,2022
"com,indiatimes,navbharattimes)/india/supreme-court-tell-cbi-to-probe-in-up-school-girl-death-case-news-today/articleshow/90878638.cms",20220416113319,https://navbharattimes.indiatimes.com/india/supreme-court-tell-cbi-to-probe-in-up-school-girl-death-case-news-today/articleshow/90878638.cms,text/html,200,sha1:3UIUMN6JWOOZFZCO4MHGWZE3BXPADXSB,59892,382831175,CC-NEWS-20220416110012-00516.warc.gz,04,2022
"com,haberler)/partilerden-mhp-ye-kurban-bayrami-ziyareti-12326749-haberi",20190812120111,https://www.haberler.com/partilerden-mhp-ye-kurban-bayrami-ziyareti-12326749-haberi/,text/html,200,sha1:RXDJ6QXOLNCATPYMHFB7VCQ4DA4SJ5UI,19291,311365105,CC-NEWS-20190812113128-00858.warc.gz,08,2019
"ch,lqj)/region/un-centre-de-formation-pour-les-50-ans-des-ateliers-proteges-jurassiens",20170419153032,http://lqj.ch/region/un-centre-de-formation-pour-les-50-ans-des-ateliers-proteges-jurassiens,text/html,200,sha1:THFN7HJVTYMBR2ZF52BBHHHE6IO65AMP,13951,1066987066,CC-NEWS-20170419113513-00322.warc.gz,04,2017
"com,oneindia,kannada)/news/india/kashmir-300-whatsapp-groups-with-over-250-members-were-used-to-mobilize-stone-pelters-116799.html",20170425075943,http://kannada.oneindia.com/news/india/kashmir-300-whatsapp-groups-with-over-250-members-were-used-to-mobilize-stone-pelters-116799.html,text/html,200,sha1:4GC6OJFBXCM7E6CXIIMXM7CAXKTCACTR,28188,364249496,CC-NEWS-20170425060029-00346.warc.gz,04,2017
"com,sputniknews,tr)/turkiye/201912171040856687-milli-piyango-yilbasi-ozel-cekilisinin-saati-belli-oldu",20191217140756,https://tr.sputniknews.com/turkiye/201912171040856687-milli-piyango-yilbasi-ozel-cekilisinin-saati-belli-oldu/,text/html,200,sha1:DJV6IW26V6TWDROUE7UTLTO2J2KC6BXD,20255,221151481,CC-NEWS-20191217135030-02300.warc.gz,12,2019
"it,badtaste)/cinema/articoli/incassi-usa-spider-man-across-spider-verse-weekend-120-milioni",20230605072524,https://www.badtaste.it/cinema/articoli/incassi-usa-spider-man-across-spider-verse-weekend-120-milioni/,text/html,200,sha1:3EHNEMG4YUOPVIJ4RTP4OXTBCUB7P2NP,29668,877804973,CC-NEWS-20230605061832-03092.warc.gz,06,2023
"net,prajavani)/district/vijayapura/celebration-of-ashad-ekadashi-in-harimandir-2361077",20230629151755,https://www.prajavani.net/district/vijayapura/celebration-of-ashad-ekadashi-in-harimandir-2361077,text/html,200,sha1:SRR53JW6HT2EJBGXWEDSTYZVOAIEZIR7,151939,367945894,CC-NEWS-20230629150251-03654.warc.gz,06,2023
"com,equities)/news/price-alert-shares-of-neuropace-npce-trade-1-44-higher-at-midday-april-13",20220414163543,https://www.equities.com/news/price-alert-shares-of-neuropace-npce-trade-1-44-higher-at-midday-april-13,text/html,200,sha1:EFDVBCBWSIAVOKTAEOSUI2RN3A7GYPIS,23325,899886873,CC-NEWS-20220414155141-00481.warc.gz,04,2022
"ch,schweizer-illustrierte)/people/royals/nur-bei-diesen-personen-geht-die-queen-ans-telefon",20211130000643,https://www.schweizer-illustrierte.ch/people/royals/nur-bei-diesen-personen-geht-die-queen-ans-telefon,text/html,200,sha1:DOA6PFWBKEKA2TRWIPZ3S4NVCJ7KHMSS,26424,215253635,CC-NEWS-20211129235142-00686.warc.gz,11,2021
"com,dw)/ru/%d0%bd%d0%b0%d1%86%d0%b8%d0%be%d0%bd%d0%b0%d0%bb-%d1%81%d0%be%d1%86%d0%b8%d0%b0%d0%bb%d0%b8%d1%81%d1%82%d0%b8%d1%87%d0%b5%d1%81%d0%ba%d0%b0%d1%8f-%d0%bd%d0%b5%d0%bc%d0%b5%d1%86%d0%ba%d0%b0%d1%8f-%d1%80%d0%b0%d0%b1%d0%be%d1%87%d0%b0%d1%8f-%d0%bf%d0%b0%d1%80%d1%82%d0%b8%d1%8f-%d0%bd%d1%81%d0%b4%d0%b0%d0%bf/t-18831155",20211111021934,https://www.dw.com/ru/%D0%BD%D0%B0%D1%86%D0%B8%D0%BE%D0%BD%D0%B0%D0%BB-%D1%81%D0%BE%D1%86%D0%B8%D0%B0%D0%BB%D0%B8%D1%81%D1%82%D0%B8%D1%87%D0%B5%D1%81%D0%BA%D0%B0%D1%8F-%D0%BD%D0%B5%D0%BC%D0%B5%D1%86%D0%BA%D0%B0%D1%8F-%D1%80%D0%B0%D0%B1%D0%BE%D1%87%D0%B0%D1%8F-%D0%BF%D0%B0%D1%80%D1%82%D0%B8%D1%8F-%D0%BD%D1%81%D0%B4%D0%B0%D0%BF/t-18831155,text/html,200,sha1:SPJH2UOZVFIMDNYFUQCFCYNLU6UCODVE,18405,739988610,CC-NEWS-20211111011649-00304.warc.gz,11,2021
"com,denvergazette)/news/nation-world/uk-not-looking-to-help-russia-minister-says-on-prospect-of-prisoner-swap/article_fa5b89b7-2e2e-550b-8556-c6ead8ea8775.html",20220419075853,https://denvergazette.com/news/nation-world/uk-not-looking-to-help-russia-minister-says-on-prospect-of-prisoner-swap/article_fa5b89b7-2e2e-550b-8556-c6ead8ea8775.html,text/html,200,sha1:PJNELX4AZVCX5S3NABL4FAWF2EQEJJ6J,50430,268853508,CC-NEWS-20220419074256-00562.warc.gz,04,2022
"hr,net)/danas/hrvatska/zavrseno-pisanje-drzavne-mature-poznato-u-kojem-slucaju-ce-ispite-ponistiti-699e92a8-15ad-11ee-8874-0ee8f36581c7",20230628123746,https://net.hr/danas/hrvatska/zavrseno-pisanje-drzavne-mature-poznato-u-kojem-slucaju-ce-ispite-ponistiti-699e92a8-15ad-11ee-8874-0ee8f36581c7,text/html,200,sha1:4ZX4BHIH5VGERPTI3CIN5QM3USKVTID7,70207,921113376,CC-NEWS-20230628115648-03623.warc.gz,06,2023
"vn,thanhnien,thethao)/bong-da-quoc-te/chuyen-nhuong-quoc-te-bom-tan-bien-thanh-sao-xet-76467.html",20171025224921,https://thethao.thanhnien.vn/bong-da-quoc-te/chuyen-nhuong-quoc-te-bom-tan-bien-thanh-sao-xet-76467.html,text/html,200,sha1:YW6NWHHK7FZTZBZP7MGWTJF45QXP442Q,27999,110248839,CC-NEWS-20171025222104-00090.warc.gz,10,2017
"com,milfordmirror)/news/article/paris-driver-rams-stolen-van-into-pedestrians-15921957.php",20210203194738,https://www.milfordmirror.com/news/article/Paris-Driver-rams-stolen-van-into-pedestrians-15921957.php,text/html,200,sha1:WE6B3ZIEBHEMLEYGCZOZFAAJPHE2XEPV,18434,593253776,CC-NEWS-20210203191258-00041.warc.gz,02,2021
"com,wiltonbulletin)/sports/article/faulkner-leads-w-carolina-over-unc-greensboro-15977610.php",20210225032811,https://www.wiltonbulletin.com/sports/article/Faulkner-leads-W-Carolina-over-UNC-Greensboro-15977610.php,text/html,200,sha1:KEONWUKZMH6L6SMMKB7RU5HCYOX5H4NG,20358,744865397,CC-NEWS-20210225021138-00415.warc.gz,02,2021
"al,rd)/2019/08/shkodra-neser-ne-revolte-popullore",20190813124726,https://www.rd.al/2019/08/shkodra-neser-ne-revolte-popullore/,text/html,200,sha1:G7I6QWLU27E4NSTFETZO34ZBL5WTWTAA,22819,578689920,CC-NEWS-20190813115142-00869.warc.gz,08,2019
"com,mesazhi)/27-vite-qe-nga-masakra-e-xhamise-harem-i-ibrahim-ne-el-halil-te-palestines",20210225162122,https://mesazhi.com/27-vite-qe-nga-masakra-e-xhamise-harem-i-ibrahim-ne-el-halil-te-palestines/,text/html,200,sha1:KZKIXLQOZXM3ZZNNY4BYVSEFM7VHKH4K,43136,577522054,CC-NEWS-20210225155238-00426.warc.gz,02,2021
"io,webcatalog)/ko/apps/patternai",20240424175224,https://webcatalog.io/ko/apps/patternai/,text/html,200,sha1:67YMPJIJ2M5RHCRL6UN6GAGNQFCS6AAS,23079,385361025,CC-NEWS-20240424173100-03672.warc.gz,04,2024
"com,mingpao,news)/pns/%e7%b6%93%e6%bf%9f/article/20210218/s00004/1613585784915/%e7%81%a3%e5%8d%80%e9%a0%88%e7%9f%a5-%e5%85%a7%e5%9c%b0%e5%a4%a7%e5%9f%8e%e5%b8%82-%e4%ba%ba%e5%9d%87%e6%9c%88%e8%96%aa%e4%bb%8d%e4%b8%8d%e8%b6%b31%e8%90%ac",20210221064654,https://news.mingpao.com/pns/%E7%B6%93%E6%BF%9F/article/20210218/s00004/1613585784915/%E7%81%A3%E5%8D%80%E9%A0%88%E7%9F%A5-%E5%85%A7%E5%9C%B0%E5%A4%A7%E5%9F%8E%E5%B8%82-%E4%BA%BA%E5%9D%87%E6%9C%88%E8%96%AA%E4%BB%8D%E4%B8%8D%E8%B6%B31%E8%90%AC,text/html,200,sha1:VTVUXBAIBCESKQQKF4ZBJW7PGZFZTPV2,25418,438178431,CC-NEWS-20210221055608-00347.warc.gz,02,2021
"com,urbanacitizen)/2024/04/06/pet-dog-of-the-week-45",20240406161742,https://www.urbanacitizen.com/2024/04/06/pet-dog-of-the-week-45/,text/html,200,sha1:ZCBTXCFNDKPQEL3V7BODIRFQA2RD5SHZ,27722,478880972,CC-NEWS-20240406153216-03336.warc.gz,04,2024
"com,registercitizen)/news/article/north-dakota-lawmakers-set-to-give-themselves-a-16046855.php",20210323170916,https://www.registercitizen.com/news/article/North-Dakota-lawmakers-set-to-give-themselves-a-16046855.php,text/html,200,sha1:LIV2MF3JYCFQZVBIQERQQCTPZEQMNNRM,19838,33508640,CC-NEWS-20210323170758-00871.warc.gz,03,2021
"com,chosun)/sports/sports_photo/2021/11/17/gq74b5eufg7fh5ljm4dziwstwm",20211117233445,https://www.chosun.com/sports/sports_photo/2021/11/17/GQ74B5EUFG7FH5LJM4DZIWSTWM/,text/html,200,sha1:HNMFF7WDLZN7TAOSH2PVEHNJ6MHBG6MY,38174,51958132,CC-NEWS-20211117233212-00452.warc.gz,11,2021
"com,reuters,cn)/article/usa-future-crude-idcncne9a50cq20131106",20170411091618,http://cn.reuters.com/article/usa-future-crude-idCNCNE9A50CQ20131106,text/html,200,sha1:AMSJAYTS43EN5I4IHPXL5U65TMARHYUS,14831,806488229,CC-NEWS-20170411052728-00288.warc.gz,04,2017
"com,fox19)/prnewswire/2022/04/14/hoth-therapeutics-inc-announces-closing-70-million-underwritten-public-offering-priced-at-the-market",20220414190103,https://www.fox19.com/prnewswire/2022/04/14/hoth-therapeutics-inc-announces-closing-70-million-underwritten-public-offering-priced-at-the-market/,text/html,200,sha1:FUFV4LKJEL4DIPQD4RNYOFDMS62AWX5O,42629,671251564,CC-NEWS-20220414182842-00484.warc.gz,04,2022
"gr,techblog)/videogames/xbox-series-x-pianei-ontos-fotia-vinteo",20201111202435,https://techblog.gr/videogames/xbox-series-x-pianei-ontos-fotia-vinteo/,text/html,200,sha1:U4Q6CP4YH66XBFQQ7F4OCEE3RKBLSF5H,37490,1029765321,CC-NEWS-20201111191553-00634.warc.gz,11,2020
"it,iamcalcio)/article/174219/san-luca-castrovillari-il-recupero-in-diretta-streaming.html",20201103200329,https://www.iamcalcio.it/article/174219/san-luca-castrovillari-il-recupero-in-diretta-streaming.html,text/html,200,sha1:A3IIK7ATRNP3QGV6EVMCG3DZQ42C32SU,11800,769853217,CC-NEWS-20201103192135-00497.warc.gz,11,2020
"com,eonline)/news/1062513/bachelor-in-paradise-season-6-premiere-jumps-right-into-the-blake-horstmann-drama",20190806024923,https://www.eonline.com/news/1062513/bachelor-in-paradise-season-6-premiere-jumps-right-into-the-blake-horstmann-drama,text/html,200,sha1:XZ47EBSDSVRDHW2ATD5FXD2V7APZT55U,18858,1061562080,CC-NEWS-20190805233631-00791.warc.gz,08,2019
"com,wgnradio)/sports/no-11-ucla-beats-bama-88-78-in-ot-to-reach-elite-eight",20210329104126,https://wgnradio.com/sports/no-11-ucla-beats-bama-88-78-in-ot-to-reach-elite-eight/,text/html,200,sha1:5JN2LTULJRHXPOHKG5RL4GQEYDNR64TD,60636,423597042,CC-NEWS-20210329101409-00971.warc.gz,03,2021
"ca,globalnews)/news/8774708/joe-biden-us-military-aid-ukraine-russia-donbas",20220421133151,https://globalnews.ca/news/8774708/joe-biden-us-military-aid-ukraine-russia-donbas/,text/html,200,sha1:XK4JRVTS64SG5YWACFZ4XCUFA5VFYEKZ,54028,459388669,CC-NEWS-20220421131205-00615.warc.gz,04,2022
"com,zvuk)/release/8651628",20240406233040,https://zvuk.com/release/8651628,text/html,200,sha1:COYOVLTB3W7QW5R3TA36FR5XML2HZAWN,39192,348716614,CC-NEWS-20240406224036-03340.warc.gz,04,2024
"org,kut)/2018-10-29/president-trump-to-visit-pittsburgh-after-deadly-synagogue-shooting",20201121010001,https://www.kut.org/2018-10-29/president-trump-to-visit-pittsburgh-after-deadly-synagogue-shooting,text/html,200,sha1:VXZ2GGGBYT36NBEV2NB5DIEUGBG62NYV,30333,416930512,CC-NEWS-20201121001751-00785.warc.gz,11,2020
"nz,co,1news)/2023/06/26/kourtney-kardashian-and-travis-barker-reveal-sex-of-baby",20230625225039,https://www.1news.co.nz/2023/06/26/kourtney-kardashian-and-travis-barker-reveal-sex-of-baby/,text/html,200,sha1:ZMKPHOQMHJHQKFMFI525BZYICSUIXVFT,226210,869941300,CC-NEWS-20230625212719-03562.warc.gz,06,2023
"es,europapress)/videos/video-aragones-cuestiona-puigdemont-practique-unidad-le-acusa-hablar-solo-si-mismo-20240411170653.html",20240411154034,https://www.europapress.es/videos/video-aragones-cuestiona-puigdemont-practique-unidad-le-acusa-hablar-solo-si-mismo-20240411170653.html,text/html,200,sha1:ZFIPPJLBITEMEKSWUL2L7RQT2BOU36DH,80656,640615403,CC-NEWS-20240411151135-03429.warc.gz,04,2024
"com,etvbharat)/hindi/uttar-pradesh/state/kanpur/kanpur-youth-will-get-jobs-in-apprenticeship-fair-of-iti-pandu-nagar/up20220419183535054054397",20220419140440,https://www.etvbharat.com/hindi/uttar-pradesh/state/kanpur/kanpur-youth-will-get-jobs-in-apprenticeship-fair-of-iti-pandu-nagar/up20220419183535054054397,text/html,200,sha1:2JBC3DVOVGFB2EVPYTPUP5AXRKNY2DIS,17380,951078485,CC-NEWS-20220419132336-00568.warc.gz,04,2022
"ua,racurs)/2823-sudit-sudey-po-delam-ih.html",20210302072444,https://racurs.ua/2823-sudit-sudey-po-delam-ih.html,text/html,200,sha1:2S5HYBS2IT53ZJIZ6LAECIYSSLPWEGY3,18011,187814108,CC-NEWS-20210302070957-00499.warc.gz,03,2021
"com,mccourier)/product-engineering-services-market-is-thriving-worldwide-with-avl-list-gmbh-capgemini-accenture-alten-group-and-more",20210309135209,https://www.mccourier.com/product-engineering-services-market-is-thriving-worldwide-with-avl-list-gmbh-capgemini-accenture-alten-group-and-more/,text/html,200,sha1:VUFROYECFQSGBONEU2VJHFIRJKUGOLYL,19158,354955871,CC-NEWS-20210309133236-00624.warc.gz,03,2021
"com,pcgamer)/uk/wasteland-2-irradiates-steam-early-access",20191218005505,https://www.pcgamer.com/uk/wasteland-2-irradiates-steam-early-access/,text/html,200,sha1:YR2CVE7MSRKEHTVTYQSMNXQYDCJBTAQ7,35469,941110881,CC-NEWS-20191217231149-02306.warc.gz,12,2019
"com,tribunnews,medan)/2021/02/08/polisi-selidiki-pelanggaran-kesehatan-di-studio-21-diduga-lokasi-dugem-akp-david-sinaga-yang-viral",20210208154916,https://medan.tribunnews.com/2021/02/08/polisi-selidiki-pelanggaran-kesehatan-di-studio-21-diduga-lokasi-dugem-akp-david-sinaga-yang-viral,text/html,200,sha1:ISSOBIU2IIQOYEFMMSQLRE72L2DOE45T,24296,328849178,CC-NEWS-20210208153359-00119.warc.gz,02,2021
"tw,com,ctee)/industrynews/activity/365866.html",20201107061918,https://ctee.com.tw/industrynews/activity/365866.html,text/html,200,sha1:HRA2BULWYSEY5FMQLDWMUDXECQ7O55NT,27530,182391566,CC-NEWS-20201107055535-00562.warc.gz,11,2020
"com,haberler)/magazin-mehmet-akif-alakurt-039-tan-sok-eden-erkan-ozerman-14499818-haberi",20211101112711,https://www.haberler.com/magazin-mehmet-akif-alakurt-039-tan-sok-eden-erkan-ozerman-14499818-haberi/,text/html,200,sha1:TTSYA5DRLDZ5XF2CJMXRICRSH6ZO3OF4,19619,529302095,CC-NEWS-20211101110039-00096.warc.gz,11,2021
"com,amarujala)/rajasthan/cm-ashok-gehlot-held-public-hearing-on-barmer-visit",20220403120146,https://www.amarujala.com/rajasthan/cm-ashok-gehlot-held-public-hearing-on-barmer-visit,text/html,200,sha1:YEYSYGJ73X7NAIEHQQLSK5XNKZEJH534,133635,1013455903,CC-NEWS-20220403103956-00237.warc.gz,04,2022
"tr,com,star)/guncel/imamoglunun-skandal-raporuna-cevizoglundan-tepki-savcilari-goreve-cagiriyorum-haber-1793714",20230620043500,https://www.star.com.tr/guncel/imamoglunun-skandal-raporuna-cevizoglundan-tepki-savcilari-goreve-cagiriyorum-haber-1793714/,text/html,200,sha1:FSC7LMN5IBTPYLQT6JB6DIJFCJUBZ5IZ,16553,73249867,CC-NEWS-20230620043025-03430.warc.gz,06,2023
"es,laopiniondemurcia)/cultura/2024/04/13/ciclo-cartagena-piensa-persiste-empeno-100993651.html",20240413061124,https://www.laopiniondemurcia.es/cultura/2024/04/13/ciclo-cartagena-piensa-persiste-empeno-100993651.html,text/html,200,sha1:TCFB3RRPIAU3ZG7APXECBOK5SOCLGWPA,49978,616372805,CC-NEWS-20240413051351-03460.warc.gz,04,2024
"es,eldiario)/cultura/mayte-commodore-renace-homenaje-pionera-gastronomica_1_6461478.html",20201126131206,https://www.eldiario.es/cultura/mayte-commodore-renace-homenaje-pionera-gastronomica_1_6461478.html,text/html,200,sha1:PDS5ESKPJ3EMQMZ5P3MVZI5XY7SC5YQM,25608,547603423,CC-NEWS-20201126123559-00868.warc.gz,11,2020
"com,stthomastimesjournal)/2017/04/14/how-the-rcmp-lured-an-alleged-kidnapper-from-somalia-to-canada-a-timeline",20170415210314,http://www.stthomastimesjournal.com/2017/04/14/how-the-rcmp-lured-an-alleged-kidnapper-from-somalia-to-canada-a-timeline,text/html,200,sha1:BBCKHMOOTJKQXP6Z6X35GEOMDKUKK5LL,15220,428196960,CC-NEWS-20170415180819-00308.warc.gz,04,2017
"be,walfoot)/news/2022-04-28/peter-maes-a-la-tete-dune-selection-africaine",20220428135504,https://www.walfoot.be/news/2022-04-28/peter-maes-a-la-tete-dune-selection-africaine,text/html,200,sha1:UFRXSZLHHVVYOZ5KXI2WCNZ7Y47D5V6S,26385,332318029,CC-NEWS-20220428134037-00764.warc.gz,04,2022
"pl,interia,motoryzacja)/raporty/raport-polskie-drogi/wiadomosci/news-bentley-dachowal-i-wpadl-do-rowu-nieoficjalnie-zginal-warsza,nid,4865447",20201119225948,"https://motoryzacja.interia.pl/raporty/raport-polskie-drogi/wiadomosci/news-bentley-dachowal-i-wpadl-do-rowu-nieoficjalnie-zginal-warsza,nId,4865447",text/html,200,sha1:ADWV35M35AHAXCM53OV7MHJ23JLIISH2,37423,137408907,CC-NEWS-20201119225059-00766.warc.gz,11,2020
"com,elperiodicodearagon)/aragon/2021/11/30/ibercaja-oficinas-cierre-aragon-banco-60119667.html",20211130032619,https://www.elperiodicodearagon.com/aragon/2021/11/30/ibercaja-oficinas-cierre-aragon-banco-60119667.html,text/html,200,sha1:3FH7MWLTXP5HUTGJYRI66QHU6XQRU5AT,31008,273362003,CC-NEWS-20211130025701-00688.warc.gz,11,2021
"pl,radiozet,wiadomosci)/swiat/oslo.-najsurowsze-restrykcje-od-poczatku-pandemii.-miasto-zamyka-sklepy-i-silownie",20210316133403,https://wiadomosci.radiozet.pl/Swiat/Oslo.-Najsurowsze-restrykcje-od-poczatku-pandemii.-Miasto-zamyka-sklepy-i-silownie,text/html,200,sha1:2UOTG3N5Y7RLMYYYTJSRN222NE73ZK3W,31657,374242293,CC-NEWS-20210316131432-00746.warc.gz,03,2021
"com,dmnews)/dataanalytics/identifying-data-bias-early/article/651647?utm_campaign=feed:+dmnewshome+(dmn+all)&utm_medium=feed&utm_source=feedburner",20170420163330,http://www.dmnews.com/dataanalytics/identifying-data-bias-early/article/651647/?utm_source=feedburner&utm_medium=feed&utm_campaign=Feed%3A+DMNewsHome+%28DMN+All%29,text/html,200,sha1:WWLPS746XYGQ6CQFAC6XYSMHRUFF3HKL,24114,153184921,CC-NEWS-20170420160338-00328.warc.gz,04,2017
"com,obozrevatel,news)/show/people/pornoaktrisa-iz-holostyaka-pokazala-stilnyij-luk-v-shlyape-foto/amp.htm",20210325045226,https://news.obozrevatel.com/show/people/pornoaktrisa-iz-holostyaka-pokazala-stilnyij-luk-v-shlyape-foto/amp.htm,text/html,200,sha1:MIES7UF3L2X3D4EKYMS6Z4YSH36OJWP6,12344,424424116,CC-NEWS-20210325041040-00900.warc.gz,03,2021
"com,statereviewer)/2021/03/15/at-pure-storage-inc-nysepstg-share-price-got-a-bit-ahead-of-the-fundamentals",20210315212951,https://statereviewer.com/2021/03/15/at-pure-storage-inc-nysepstg-share-price-got-a-bit-ahead-of-the-fundamentals/,text/html,200,sha1:B3CJBAGQQCHDUEWVGDHUVCB36FE36HKG,21612,642764311,CC-NEWS-20210315204638-00735.warc.gz,03,2021
"com,bienpublic)/france-monde/2019/08/23/amazonie-pour-bolsonaro-macron-a-une-mentalite-colonialiste",20190823053258,https://www.bienpublic.com/france-monde/2019/08/23/amazonie-pour-bolsonaro-macron-a-une-mentalite-colonialiste,text/html,200,sha1:44GS65DMIXVFQ7OIWC7DBL7K3DFTGAUT,35721,273223123,CC-NEWS-20190823045638-00972.warc.gz,08,2019
"cl,eldinamo)/pais/caso-narumi-justicia-francesa-condena-a-28-anos-de-carcel-a-nicolas-zepeda-20220412-0003.html",20220412191226,https://www.eldinamo.cl/pais/Caso-Narumi-justicia-francesa-condena-a-28-anos-de-carcel-a-Nicolas-Zepeda-20220412-0003.html,text/html,200,sha1:N36EACDNWOAQPWY3MWBFKISTTFI7V2KI,19657,856933168,CC-NEWS-20220412183340-00437.warc.gz,04,2022
"de,aktiencheck)/news/artikel-aquestive_therapeutics_so_langer_zeit-12681703",20210320041813,http://www.aktiencheck.de/news/Artikel-Aquestive_Therapeutics_so_langer_Zeit-12681703,text/html,200,sha1:F7QW7OVOYN2YJJ7KDFBZ4MLFYKDO25UU,15239,362775434,CC-NEWS-20210320033254-00815.warc.gz,03,2021
"no,fvn)/nyheter/i/abrrea/hoeyre-nestleder-tina-bru-tar-ikke-gjenvalg-til-stortinget",20240412050359,https://www.fvn.no/nyheter/i/abrreA/hoeyre-nestleder-tina-bru-tar-ikke-gjenvalg-til-stortinget,text/html,200,sha1:4OTB5PYDHTVJXRAULXVZKO4QK6XQPLX5,23957,279497328,CC-NEWS-20240412044113-03440.warc.gz,04,2024
"com,gamalive)/actus/44679-playstation-plus-jeux-video-gratuits-abonnement-avril.htm",20220401090356,https://www.gamalive.com/actus/44679-playstation-plus-jeux-video-gratuits-abonnement-avril.htm,text/html,200,sha1:7LXBMMXGLSC5BV2LPVURIKMGZ5YXTYEB,7779,663864919,CC-NEWS-20220401082039-00198.warc.gz,04,2022
"at,derstandard)/2000055553802/quake-champions-so-spielt-sich-der-arena-shooter",20170407104742,http://derstandard.at/2000055553802/Quake-Champions-So-spielt-sich-der-Arena-Shooter,text/html,200,sha1:5SASWNPIH7VN3O5SVRO64RPGVVDLLHWF,16900,596742449,CC-NEWS-20170407080350-00272.warc.gz,04,2017
"ca,newswire)/news-releases/opentext-announces-proposed-offerings-of-senior-unsecured-fixed-rate-notes-to-redeem-outstanding-2026-notes-885058297.html",20211109171305,https://www.newswire.ca/news-releases/opentext-announces-proposed-offerings-of-senior-unsecured-fixed-rate-notes-to-redeem-outstanding-2026-notes-885058297.html,text/html,200,sha1:Z7UMCD5PJ4JLWAINQFWPG4UOPNIN5NUP,20185,1005202543,CC-NEWS-20211109163224-00269.warc.gz,11,2021
"nl,alarmeringen)/zuid-holland/haaglanden/delfgauw/45722735/p2000-voertuig-te-water-op-schimmelpenninck-van-der-oyeweg-in-delfgauw.html",20230620131206,https://alarmeringen.nl/zuid-holland/haaglanden/delfgauw/45722735/p2000-voertuig-te-water-op-schimmelpenninck-van-der-oyeweg-in-delfgauw.html,text/html,200,sha1:MLDPIALILI6AHAJSEREK6DS5UVMH7E24,12000,10467477,CC-NEWS-20230620131144-03439.warc.gz,06,2023
"ru,mirtesen)/dispute/43607681289/daily-mirror-kontratseptiv-na-shest-let-zastryal-v-legochnoy-art",20240411072131,https://mirtesen.ru/dispute/43607681289/Daily-Mirror-Kontratseptiv-na-shest-let-zastryal-v-legochnoy-art,text/html,200,sha1:GJOW5WEWY6TCPGG65YI4OTL6VR74IAMW,15551,969607249,CC-NEWS-20240411061754-03420.warc.gz,04,2024
"uk,co,thescottishsun)/news/6247907/couple-horror-injuries-gang-attack-provoking-hammer",20201107025438,https://www.thescottishsun.co.uk/news/6247907/couple-horror-injuries-gang-attack-provoking-hammer/,text/html,200,sha1:JJYOXXKMF6D5OUXCI7FRKO6HRMXTEBXZ,26041,824221466,CC-NEWS-20201107011044-00560.warc.gz,11,2020
"au,com,smh)/sport/afl/nakia-cockatoo-s-season-in-doubt-as-cats-aim-for-top-spot-20190814-p52gz3.html?ref=rss&utm_medium=rss&utm_source=rss_sport_afl",20190814045724,https://www.smh.com.au/sport/afl/nakia-cockatoo-s-season-in-doubt-as-cats-aim-for-top-spot-20190814-p52gz3.html?ref=rss&utm_medium=rss&utm_source=rss_sport_afl,text/html,200,sha1:BLENGZWCUKZTZSNIRYOUCDGFDJX2LEQJ,45342,833239144,CC-NEWS-20190814023923-00876.warc.gz,08,2019
"uk,co,eadt)/news/brantham-constable-park-development-burgled-1-6934574",20201118114746,https://www.eadt.co.uk/news/brantham-constable-park-development-burgled-1-6934574,text/html,200,sha1:GTNMAX3DCLKEGLBE7ZEEMRFL6YQSBWJ4,45681,315685949,CC-NEWS-20201118112846-00737.warc.gz,11,2020
"co,com,eluniversal)/colombia/balance-oficial-238-muertos-incluidos-43-ninos-203-heridos-0-desaparecidos-249994",20170403070501,http://www.eluniversal.com.co/colombia/balance-oficial-238-muertos-incluidos-43-ninos-203-heridos-0-desaparecidos-249994,text/html,200,sha1:527YE4KRR7ZQ6PJAWH62O4XNFTZP6KZU,30335,614466670,CC-NEWS-20170403022506-00253.warc.gz,04,2017
"uk,co,express)/entertainment/films/869765/it-movie-chapter-2-scarier-bill-skarsgard-pennywise",20171022201229,http://www.express.co.uk/entertainment/films/869765/It-movie-Chapter-2-scarier-Bill-Skarsgard-Pennywise,text/html,200,sha1:3MEII5XYBX3HG2SKXOTNIL4QKA2IFQS6,38026,476765609,CC-NEWS-20171022165823-00075.warc.gz,10,2017
"com,diepresse)/6128777/11948-neuinfektionen-und-die-schattenseiten-des-zahlen-foederalismus",20220421130714,https://www.diepresse.com/6128777/11948-neuinfektionen-und-die-schattenseiten-des-zahlen-foederalismus,text/html,200,sha1:QAP5PRQV3B2ZP3RPSW374P7GLNG64P4J,21034,963583309,CC-NEWS-20220421122558-00614.warc.gz,04,2022
"com,wjhl)/news/national/us-to-house-up-to-3000-immigrant-teens-at-dallas-site",20210315201331,https://www.wjhl.com/news/national/us-to-house-up-to-3000-immigrant-teens-at-dallas-site/,text/html,200,sha1:UPBXBSFCSVFDTA3VIGXLDZEZ5N34X2UZ,58704,550749073,CC-NEWS-20210315194010-00734.warc.gz,03,2021
"ru,life)/p/1651722",20240409120354,https://life.ru/p/1651722,text/html,200,sha1:B4G4Q3OL5Q2YLV6AHUXSN4JQYCXVSWQI,40976,691858117,CC-NEWS-20240409112339-03381.warc.gz,04,2024
"hu,szoljon)/bulvar-celeb/nemzetkozi-bulvar-celeb/16-eves-diakjaval-a-furdokadban-hancurozott-a-szexi-tanarno-amikor-a-ferje-rajuk-nyitott-3068758",20201120192414,https://www.szoljon.hu/bulvar-celeb/nemzetkozi-bulvar-celeb/16-eves-diakjaval-a-furdokadban-hancurozott-a-szexi-tanarno-amikor-a-ferje-rajuk-nyitott-3068758/,text/html,200,sha1:DLTQGJ2UVEXO6H4DEREHLIMRSCIQE2TB,35621,641002354,CC-NEWS-20201120184948-00781.warc.gz,11,2020
"ua,glavcom)/country/criminal/u-dnipri-sbu-zatrimala-desjatki-politsejskikh-prichina-935444.html",20230619062613,https://glavcom.ua/country/criminal/u-dnipri-sbu-zatrimala-desjatki-politsejskikh-prichina-935444.html,text/html,200,sha1:DDZ2NPX7SULBJ473Z7TDERA2VCSGQA7R,18563,715639603,CC-NEWS-20230619052720-03409.warc.gz,06,2023
"com,filgoal)/articles/421754/%d9%85%d9%88%d8%b3%d9%8a%d9%85%d8%a7%d9%86%d9%8a-%d8%a7%d9%84%d8%a3%d9%8a%d8%a7%d9%85-%d8%a7%d9%84%d8%ac%d9%85%d9%8a%d9%84%d8%a9-%d8%b9%d8%a7%d8%af%d8%aa-%d8%b1%d8%a8%d9%85%d8%a7-%d8%a7%d9%84%d9%85%d8%b1%d8%a9-%d8%a7%d9%84%d9%85%d9%82%d8%a8%d9%84%d8%a9-%d8%b3%d8%a3%d9%87%d8%b2%d9%85-%d8%a7%d9%84%d8%b2%d9%85%d8%a7%d9%84%d9%83-%d8%a8%d9%86%d8%aa%d9%8a%d8%ac%d8%a9-%d8%a3%d9%83%d8%a8%d8%b1",20211105205707,https://www.filgoal.com/articles/421754/%D9%85%D9%88%D8%B3%D9%8A%D9%85%D8%A7%D9%86%D9%8A-%D8%A7%D9%84%D8%A3%D9%8A%D8%A7%D9%85-%D8%A7%D9%84%D8%AC%D9%85%D9%8A%D9%84%D8%A9-%D8%B9%D8%A7%D8%AF%D8%AA-%D8%B1%D8%A8%D9%85%D8%A7-%D8%A7%D9%84%D9%85%D8%B1%D8%A9-%D8%A7%D9%84%D9%85%D9%82%D8%A8%D9%84%D8%A9-%D8%B3%D8%A3%D9%87%D8%B2%D9%85-%D8%A7%D9%84%D8%B2%D9%85%D8%A7%D9%84%D9%83-%D8%A8%D9%86%D8%AA%D9%8A%D8%AC%D8%A9-%D8%A3%D9%83%D8%A8%D8%B1,text/html,200,sha1:WYSIIIBRTZSVS6WPGEAYLG5SWSIZ2CXS,30732,573575226,CC-NEWS-20211105202827-00201.warc.gz,11,2021
"com,telemundodallas)/destacados/ins_lita-instalaci_n-de-postes-preocupa-a-residentes_tlmd-puerto-rico/2001739",20191216035033,https://www.telemundodallas.com/destacados/ins_lita-instalaci_n-de-postes-preocupa-a-residentes_tlmd-puerto-rico/2001739/,text/html,200,sha1:PQUUG4LB6KGCMCBPQ36VQJRFZGFI5GXO,66208,919626054,CC-NEWS-20191216012303-02281.warc.gz,12,2019
"com,zvuk)/track/17145033",20240419193641,https://zvuk.com/track/17145033,text/html,200,sha1:CU6LOI2R6NJDE74STUXCYVLRYPOVHQML,37951,1002844956,CC-NEWS-20240419183347-03584.warc.gz,04,2024
"com,beaumontenterprise)/sports/article/timmerman-lifts-bucknell-past-siena-65-56-in-ot-16658220.php",20211129015113,https://www.beaumontenterprise.com/sports/article/Timmerman-lifts-Bucknell-past-Siena-65-56-in-OT-16658220.php,text/html,200,sha1:AAXGNSGHZVIU5NPLZFZWWXZMROPI44EN,23367,1000681082,CC-NEWS-20211128235516-00665.warc.gz,11,2021
"com,telemundohouston)/noticias/mexico/revelan-nexo-de-lider-del-partido-de-amlo-con-secta-de-esclavas-sexuales-el-lo-niega/2160150",20210305065852,https://www.telemundohouston.com/noticias/mexico/revelan-nexo-de-lider-del-partido-de-amlo-con-secta-de-esclavas-sexuales-el-lo-niega/2160150/,text/html,200,sha1:BCYEPMCOONOJDEEUWGEMRTMVGAGZCCO2,23614,56478842,CC-NEWS-20210305065349-00558.warc.gz,03,2021
"au,com,businessinsider)/jennifer-lopezs-grammys-dress-inspired-google-image-search-2015-5",20190822145039,https://www.businessinsider.com.au/jennifer-lopezs-grammys-dress-inspired-google-image-search-2015-5,text/html,200,sha1:V5SCQXTALVR5BUXACIZ3DROLPLEJ5S43,20021,381172738,CC-NEWS-20190822141700-00965.warc.gz,08,2019
"vn,thanhnien)/mot-so-co-quan-dia-phuong-o-binh-thuan-chua-quyet-liet-cai-cach-thu-tuc-hanh-chinh-1852306211753557.htm",20230621114513,https://thanhnien.vn/mot-so-co-quan-dia-phuong-o-binh-thuan-chua-quyet-liet-cai-cach-thu-tuc-hanh-chinh-1852306211753557.htm,text/html,200,sha1:R6ENKJKDG5Z35VTO47XEPBVU5CHTLPV7,73652,87117390,CC-NEWS-20230621114128-03463.warc.gz,06,2023
"hu,delmagyar)/hazai-kultura/2023/06/tancoljunk-unnepeljunk-emeljuk-a-gyereket-a-magasba",20230606101309,https://www.delmagyar.hu/hazai-kultura/2023/06/tancoljunk-unnepeljunk-emeljuk-a-gyereket-a-magasba,text/html,200,sha1:FUKAK4GPZJ4773UBWFGXLG3UTPZSQDDF,134338,1012936189,CC-NEWS-20230606092519-03119.warc.gz,06,2023
"com,cbslocal,y98)/2017/04/27/viral-video-disneypixar-cars-3-movie-trailer",20170427122058,http://y98.cbslocal.com/2017/04/27/viral-video-disneypixar-cars-3-movie-trailer/,text/html,200,sha1:SLGMMDI3DVSFLEVFP2E3WRXSV6S24KIO,18246,1016674001,CC-NEWS-20170427074832-00356.warc.gz,04,2017
"dk,bold)/fodbold/nyheder/chris-s-fck-skal-have-en-rigtig-daarlig-dag",20170427080739,http://www.bold.dk/fodbold/nyheder/chris-s-fck-skal-have-en-rigtig-daarlig-dag/,text/html,200,sha1:6NMSRU7YKWWLNWAFE64FDP24CPG3HURP,45557,65712085,CC-NEWS-20170427074832-00356.warc.gz,04,2017
"ro,elle)/people/christina-ich-desemnata-romanian-social-media-star-of-2020-756486",20201109154351,https://www.elle.ro/people/christina-ich-desemnata-romanian-social-media-star-of-2020-756486/,text/html,200,sha1:AQ6NGA3QFB3EMCD3RFRFLNEEJ23SFL7I,31376,227224945,CC-NEWS-20201109153202-00594.warc.gz,11,2020
"com,detroitnews)/story/news/local/michigan/2021/11/02/snow-showers-arrive-across-lower-michigan/6245928001",20211102111604,https://www.detroitnews.com/story/news/local/michigan/2021/11/02/snow-showers-arrive-across-lower-michigan/6245928001/,text/html,200,sha1:QZ76FTGKCKWUFWBGAM5MGLIGX5FIJHO7,36959,969352392,CC-NEWS-20211102102235-00119.warc.gz,11,2021
"org,wxxinews)/2024-04-12/ford-expands-a-recall-of-thousands-of-its-bronco-and-escape-editions",20240412095702,https://www.wxxinews.org/2024-04-12/ford-expands-a-recall-of-thousands-of-its-bronco-and-escape-editions,text/html,200,sha1:APY3JUDUCBML3EWXMH3B2ENT5VOTYVCX,30607,389819896,CC-NEWS-20240412093609-03444.warc.gz,04,2024
"it,tomshw)/automotive/gmc-hummer-ev-il-pick-up-elettrico-del-futuro-si-svela",20201102104500,https://www.tomshw.it/automotive/gmc-hummer-ev-il-pick-up-elettrico-del-futuro-si-svela/,text/html,200,sha1:ZTCPFM6XO6RHYVA4DIGF6FCG5KHWS7CG,24018,554372757,CC-NEWS-20201102100343-00470.warc.gz,11,2020
"com,haberler)/turkiye-deki-jeotermal-enerji-santrallerinin-9536342-haberi",20170424063022,http://www.haberler.com/turkiye-deki-jeotermal-enerji-santrallerinin-9536342-haberi/,text/html,200,sha1:26FWVITH5NBYAHBR5UMZPA4Q3567NNR3,20373,556259725,CC-NEWS-20170424015657-00341.warc.gz,04,2017
"net,realitateadeprahova)/sondaj-doar-40-dintre-angajatii-din-romania-merg-zilnic-la-serviciu-o-treime-lucreaza-de-acasa",20230629122338,https://realitateadeprahova.net/sondaj-doar-40-dintre-angajatii-din-romania-merg-zilnic-la-serviciu-o-treime-lucreaza-de-acasa/,text/html,200,sha1:ABS3MAOEG7YIZ7FZ2AD4HTVM46HKWMNU,34519,158980894,CC-NEWS-20230629121704-03650.warc.gz,06,2023
"it,ciociariaoggi)/agenzie/sostenibilita/124950/rossi-engie-italia-abbiamo-soluzioni-per-le-smart-city",20201120161007,https://www.ciociariaoggi.it/agenzie/sostenibilita/124950/rossi-engie-italia-abbiamo-soluzioni-per-le-smart-city,text/html,200,sha1:5OVCUWAQOSXW6XW3UAABXCMKVDLNRPVT,19399,577253535,CC-NEWS-20201120153813-00778.warc.gz,11,2020
"com,amarujala)/photo-gallery/entertainment/bollywood/prithviraj-a-question-made-manushi-chillar-miss-world-know-interesting-facts-related-to-her",20211115133609,https://www.amarujala.com/photo-gallery/entertainment/bollywood/prithviraj-a-question-made-manushi-chillar-miss-world-know-interesting-facts-related-to-her,text/html,200,sha1:L5TS636YN4DXGUBUNWOULIJ7CRSDCIEM,273827,465572099,CC-NEWS-20211115131709-00388.warc.gz,11,2021
"ro,cugetliber)/stiri-sport-fotbal-fc-viitorul-eliminata-de-dinamo-din-cupa-romaniei-417284",20201129161026,https://www.cugetliber.ro/stiri-sport-fotbal-fc-viitorul-eliminata-de-dinamo-din-cupa-romaniei-417284,text/html,200,sha1:5V3F3QT5JLPHIMOVQAZVMWSCJUMLQOXQ,13208,91403648,CC-NEWS-20201129160214-00911.warc.gz,11,2020
"com,mccourier)/packaged-substation-market-growth-of-cagr-with-focusing-key-players-like-tepcojapan-kirloskar-electric-companyindia-crompton-greavesindia-dis-tranus-ess-metronus-geus-and-more",20210301123101,https://www.mccourier.com/packaged-substation-market-growth-of-cagr-with-focusing-key-players-like-tepcojapan-kirloskar-electric-companyindia-crompton-greavesindia-dis-tranus-ess-metronus-geus-and-more/,text/html,200,sha1:SALEDSO4VJBHYVHGUTRGAJIVDYYFKHNK,16795,720871890,CC-NEWS-20210301114828-00484.warc.gz,03,2021
"com,ndtv,sports)/india-vs-west-indies-2019/india-vs-west-indies-live-score-over-3rd-t20i-t20-1-5-updates-2147240?utm_campaign=feed:+ndtvsports-allsports+(all+sports+news+|+ndtvsports.com)&utm_medium=feed&utm_source=feedburner",20191211171217,https://sports.ndtv.com/india-vs-west-indies-2019/india-vs-west-indies-live-score-over-3rd-t20i-t20-1-5-updates-2147240?utm_source=feedburner&utm_medium=feed&utm_campaign=Feed%3A+NdtvSports-allsports+%28All+Sports+News+%7C+NDTVSports.com%29,text/html,200,sha1:542VGZIDVIUNBYSBISKHKL5JD7RY4KRS,94739,775849700,CC-NEWS-20191211161333-02231.warc.gz,12,2019
"tr,com,sabah)/spor/futbol/2020/11/07/fenerbahce-sezonun-ilk-yenilgisini-konyaspordan-aldi",20201107193917,https://www.sabah.com.tr/spor/futbol/2020/11/07/fenerbahce-sezonun-ilk-yenilgisini-konyaspordan-aldi,text/html,200,sha1:L5JIVHUNF44FBPYQOLZWIEAIHP65CWSK,34306,894538,CC-NEWS-20201107193912-00570.warc.gz,11,2020
"com,einpresswire)/article/570312925/vermont-game-wardens-investigate-and-charge-five-windsor-county-defendants-for-illegal-taking-of-14-deer",20220428141324,https://www.einpresswire.com/article/570312925/vermont-game-wardens-investigate-and-charge-five-windsor-county-defendants-for-illegal-taking-of-14-deer,text/html,200,sha1:KR23JWW6WHNRYR2VGCOJZWMSWZOXZIDN,16233,742111928,CC-NEWS-20220428134037-00764.warc.gz,04,2022
"net,leral)/juge-pour-7-viols-un-marabout-encourt-15-ans-de-reclusion-criminelle_a365051.html",20240424135419,https://www.leral.net/Juge-pour-7-viols-un-marabout-encourt-15-ans-de-reclusion-criminelle_a365051.html,text/html,200,sha1:WVBY4HRJXHYRCLQAYPDSZNBOUTY77AZ6,9762,222372737,CC-NEWS-20240424134320-03668.warc.gz,04,2024
"it,zazoom)/2024-04-23/cina-infondate-accuse-usa-di-supporto-militare-a-mosca/14641550",20240423090612,https://www.zazoom.it/2024-04-23/cina-infondate-accuse-usa-di-supporto-militare-a-mosca/14641550/,text/html,200,sha1:TLOMULKNJUBTRX7Q7HRKHJ27SU4HSI66,18019,193128016,CC-NEWS-20240423085256-03643.warc.gz,04,2024
"com,cbs42)/sports/suns-76ers-mavericks-all-have-chance-for-game-6-closeouts",20220428121145,https://www.cbs42.com/sports/suns-76ers-mavericks-all-have-chance-for-game-6-closeouts/,text/html,200,sha1:FCOL3ZAES2XECIKLY54PPNHPYE2L2VLF,72259,1068730935,CC-NEWS-20220428112219-00761.warc.gz,04,2022
"it,zazoom)/2023-06-14/automobilismo-mille-miglia-al-via-la-2-a-tappa-al-comando-fontanella-covelli-su-lancia/13050910",20230614094641,https://www.zazoom.it/2023-06-14/automobilismo-mille-miglia-al-via-la-2-a-tappa-al-comando-fontanella-covelli-su-lancia/13050910/,text/html,200,sha1:2ID2WNHOVOQITD73N3GO5AHGUM4AYYMA,23088,988226132,CC-NEWS-20230614085613-03302.warc.gz,06,2023
